Request id,Pickup point,Driver id,Status,Request timestamp,Drop timestamp,Request hour,,,,,,,,
619,Airport,1,Trip Completed,42562.49,42562.54,11.00,,,,Row Labels,Sum of Request id,,Row Labels,Sum of Driver id
867,Airport,1,Trip Completed,42562.75,42562.78,17.00,,,,Airport,11188750,,Cancelled,192289
1807,City,1,Trip Completed,42563.39,42563.42,9.00,,,,City,11640680,,No Cars Available,
2532,Airport,1,Trip Completed,42563.88,42563.92,21.00,,,,Grand Total,22829430,,Trip Completed,419919
3112,City,1,Trip Completed,42564.36,42564.39,8.00,,,,,,,(blank),
3879,Airport,1,Trip Completed,42564.91,42564.94,21.00,,,,,,,Grand Total,612208
4270,Airport,1,Trip Completed,42565.26,42565.30,6.00,,,,Row Labels,Sum of Request id,,,
5510,Airport,1,Trip Completed,42566.22,42566.26,5.00,,,,Cancelled,3949069,,,
6248,City,1,Trip Completed,42566.75,42566.79,17.00,,,,No Cars Available,9501514,,,
267,City,2,Trip Completed,42562.28,42562.31,6.00,,,,Trip Completed,9378847,,,
1467,Airport,2,Trip Completed,42563.21,42563.25,5.00,,,,(blank),,,,
1983,City,2,Trip Completed,42563.52,42563.54,12.00,,,,Grand Total,22829430,,,
2784,Airport,2,Trip Completed,42564.20,42564.22,4.00,,,,,,,,
3075,City,2,Trip Completed,42564.34,42564.39,8.00,,,,Row Labels,Sum of Request id,,,
3379,City,2,Trip Completed,42564.60,42564.65,14.00,,,,0,329110,,,
3482,Airport,2,Trip Completed,42564.72,42564.76,17.00,,,,1,248182,,,
4652,City,2,Trip Completed,42565.50,42565.53,12.00,,,,2,300236,,,
5335,Airport,2,Trip Completed,42565.93,42565.97,22.00,,,,3,264025,,,
535,Airport,3,Trip Completed,42562.42,42562.44,10.00,,,,4,560839,,,
960,Airport,3,Trip Completed,42562.78,42562.81,18.00,,,,5,1290110,,,
1934,Airport,3,Trip Completed,42563.47,42563.52,11.00,,,,6,1098424,,,
2083,Airport,3,Trip Completed,42563.66,42563.69,15.00,,,,7,1270643,,,
2211,Airport,3,Trip Completed,42563.75,42563.77,18.00,,,,8,1346258,,,
3096,Airport,3,Trip Completed,42564.35,42564.39,8.00,,,,9,1306800,,,
3881,Airport,3,Trip Completed,42564.91,42564.95,21.00,,,,10,813903,,,
5254,City,3,Trip Completed,42565.89,42565.93,21.00,,,,11,527757,,,
5434,City,3,Trip Completed,42566.11,42566.14,2.00,,,,12,582650,,,
5916,City,3,Trip Completed,42566.42,42566.45,10.00,,,,13,562082,,,
669,City,4,Trip Completed,42562.55,42562.58,13.00,,,,14,466617,,,
1567,Airport,4,Trip Completed,42563.26,42563.30,6.00,,,,15,604013,,,
1826,City,4,Trip Completed,42563.39,42563.44,9.00,,,,16,527995,,,
2102,City,4,Trip Completed,42563.67,42563.71,16.00,,,,17,1447926,,,
2847,Airport,4,Trip Completed,42564.23,42564.26,5.00,,,,18,1859662,,,
3722,Airport,4,Trip Completed,42564.83,42564.86,19.00,,,,19,1732222,,,
4075,City,4,Trip Completed,42565.10,42565.14,2.00,,,,20,1901818,,,
4686,City,4,Trip Completed,42565.54,42565.57,13.00,,,,21,1735702,,,
5771,Airport,4,Trip Completed,42566.35,42566.40,8.00,,,,22,1242665,,,
6106,Airport,4,Trip Completed,42566.63,42566.66,15.00,,,,23,809791,,,
312,City,5,Trip Completed,42562.31,42562.35,7.00,,,,(blank),,,,
577,Airport,5,Trip Completed,42562.46,42562.50,11.00,,,,Grand Total,22829430,,,
1179,City,5,Trip Completed,42562.87,42562.91,20.00,,,,,,,,
1756,Airport,5,Trip Completed,42563.36,42563.39,8.00,,,,,,,,
2052,City,5,Trip Completed,42563.62,42563.66,14.00,,,,,,,,
2559,City,5,Trip Completed,42563.90,42563.94,21.00,,,,,,,,
3014,City,5,Trip Completed,42564.31,42564.35,7.00,,,,,,,,
3317,City,5,Trip Completed,42564.51,42564.53,12.00,,,,,,,,
4297,City,5,Trip Completed,42565.28,42565.33,6.00,,,,,,,,
5857,Airport,5,Trip Completed,42566.38,42566.42,9.00,,,,,,,,
6690,Airport,5,Trip Completed,42566.95,42566.99,22.00,,,,,,,,
1517,Airport,6,Trip Completed,42563.24,42563.27,5.00,,,,,,,,
1999,Airport,6,Trip Completed,42563.54,42563.58,13.00,,,,,,,,
2960,Airport,6,Trip Completed,42564.29,42564.32,6.00,,,,,,,,
3882,City,6,Trip Completed,42564.91,42564.95,21.00,,,,,,,,
4081,Airport,6,Trip Completed,42565.11,42565.15,2.00,,,,,,,,
4740,City,6,Trip Completed,42565.62,42565.65,14.00,,,,,,,,
5270,City,6,Trip Completed,42565.90,42565.93,21.00,,,,,,,,
6758,Airport,6,Trip Completed,42566.00,42566.05,0.00,,,,,,,,
5741,City,6,Trip Completed,42566.33,42566.36,7.00,,,,,,,,
6087,Airport,6,Trip Completed,42566.60,42566.65,14.00,,,,,,,,
1039,City,7,Trip Completed,42562.81,42562.86,19.00,,,,,,,,
1273,Airport,7,Trip Completed,42562.92,42562.97,22.00,,,,,,,,
2480,City,7,Trip Completed,42563.86,42563.89,20.00,,,,,,,,
4105,City,7,Trip Completed,42565.15,42565.19,3.00,,,,,,,,
4509,City,7,Trip Completed,42565.38,42565.43,9.00,,,,,,,,
4986,Airport,7,Trip Completed,42565.79,42565.83,18.00,,,,,,,,
5898,City,7,Trip Completed,42566.41,42566.44,9.00,,,,,,,,
6142,Airport,7,Trip Completed,42566.66,42566.69,15.00,,,,,,,,
380,Airport,8,Trip Completed,42562.35,42562.39,8.00,,,,,,,,
1050,Airport,8,Trip Completed,42562.82,42562.85,19.00,,,,,,,,
1769,City,8,Trip Completed,42563.37,42563.39,8.00,,,,,,,,
2520,City,8,Trip Completed,42563.88,42563.93,21.00,,,,,,,,
3265,Airport,8,Trip Completed,42564.43,42564.46,10.00,,,,,,,,
4648,City,8,Trip Completed,42565.50,42565.54,11.00,,,,,,,,
449,Airport,9,Trip Completed,42562.38,42562.41,9.00,,,,,,,,
846,Airport,9,Trip Completed,42562.74,42562.79,17.00,,,,,,,,
1346,Airport,9,Trip Completed,42562.99,42563.02,23.00,,,,,,,,
1474,Airport,9,Trip Completed,42563.22,42563.25,5.00,,,,,,,,
2240,City,9,Trip Completed,42563.76,42563.79,18.00,,,,,,,,
3072,Airport,9,Trip Completed,42564.34,42564.36,8.00,,,,,,,,
3459,Airport,9,Trip Completed,42564.71,42564.73,17.00,,,,,,,,
3774,Airport,9,Trip Completed,42564.86,42564.89,20.00,,,,,,,,
4023,City,9,Trip Completed,42565.00,42565.04,23.00,,,,,,,,
4117,City,9,Trip Completed,42565.18,42565.21,4.00,,,,,,,,
4880,Airport,9,Trip Completed,42565.75,42565.79,17.00,,,,,,,,
5568,Airport,9,Trip Completed,42566.24,42566.27,5.00,,,,,,,,
5994,Airport,9,Trip Completed,42566.49,42566.52,11.00,,,,,,,,
1809,Airport,10,Trip Completed,42563.38,42563.42,9.00,,,,,,,,
2064,Airport,10,Trip Completed,42563.63,42563.68,15.00,,,,,,,,
3210,City,10,Trip Completed,42564.41,42564.45,9.00,,,,,,,,
4350,City,10,Trip Completed,42565.31,42565.35,7.00,,,,,,,,
4713,City,10,Trip Completed,42565.56,42565.59,13.00,,,,,,,,
5629,Airport,10,Trip Completed,42566.27,42566.31,6.00,,,,,,,,
6157,Airport,10,Trip Completed,42566.69,42566.74,16.00,,,,,,,,
2030,City,11,Trip Completed,42563.59,42563.63,14.00,,,,,,,,
3226,City,11,Trip Completed,42564.42,42564.46,10.00,,,,,,,,
3353,City,11,Trip Completed,42564.56,42564.59,13.00,,,,,,,,
4293,City,11,Trip Completed,42565.28,42565.30,6.00,,,,,,,,
4936,City,11,Trip Completed,42565.77,42565.80,18.00,,,,,,,,
5661,Airport,11,Trip Completed,42566.30,42566.33,7.00,,,,,,,,
5778,City,11,Trip Completed,42566.35,42566.38,8.00,,,,,,,,
6425,Airport,11,Trip Completed,42566.82,42566.85,19.00,,,,,,,,
45,Airport,12,Trip Completed,42562.14,42562.17,3.00,,,,,,,,
264,City,12,Trip Completed,42562.29,42562.32,6.00,,,,,,,,
1183,City,12,Trip Completed,42562.88,42562.90,21.00,,,,,,,,
1536,Airport,12,Trip Completed,42563.25,42563.29,5.00,,,,,,,,
2437,City,12,Trip Completed,42563.85,42563.89,20.00,,,,,,,,
2641,Airport,12,Trip Completed,42563.94,42563.96,22.00,,,,,,,,
4077,Airport,12,Trip Completed,42565.09,42565.13,2.00,,,,,,,,
4610,City,12,Trip Completed,42565.44,42565.49,10.00,,,,,,,,
5066,Airport,12,Trip Completed,42565.81,42565.84,19.00,,,,,,,,
5666,Airport,12,Trip Completed,42566.30,42566.34,7.00,,,,,,,,
5923,City,12,Trip Completed,42566.42,42566.45,10.00,,,,,,,,
6367,City,12,Trip Completed,42566.79,42566.82,19.00,,,,,,,,
155,City,13,Trip Completed,42562.23,42562.27,5.00,,,,,,,,
310,Airport,13,Trip Completed,42562.31,42562.35,7.00,,,,,,,,
607,City,13,Trip Completed,42562.49,42562.53,11.00,,,,,,,,
1012,City,13,Trip Completed,42562.80,42562.83,19.00,,,,,,,,
1696,Airport,13,Trip Completed,42563.33,42563.36,8.00,,,,,,,,
3076,City,13,Trip Completed,42564.34,42564.38,8.00,,,,,,,,
4198,Airport,13,Trip Completed,42565.23,42565.28,5.00,,,,,,,,
4627,City,13,Trip Completed,42565.47,42565.50,11.00,,,,,,,,
5289,City,13,Trip Completed,42565.91,42565.93,21.00,,,,,,,,
5495,Airport,13,Trip Completed,42566.21,42566.25,5.00,,,,,,,,
6656,Airport,13,Trip Completed,42566.92,42566.95,22.00,,,,,,,,
139,Airport,14,Trip Completed,42562.22,42562.26,5.00,,,,,,,,
215,City,14,Trip Completed,42562.26,42562.30,6.00,,,,,,,,
1816,City,14,Trip Completed,42563.39,42563.42,9.00,,,,,,,,
2505,Airport,14,Trip Completed,42563.88,42563.93,21.00,,,,,,,,
3346,City,14,Trip Completed,42564.54,42564.58,13.00,,,,,,,,
5294,City,14,Trip Completed,42565.91,42565.93,21.00,,,,,,,,
6226,Airport,14,Trip Completed,42566.73,42566.77,17.00,,,,,,,,
6733,Airport,14,Trip Completed,42566.98,42567.03,23.00,,,,,,,,
1027,Airport,15,Trip Completed,42562.80,42562.85,19.00,,,,,,,,
2675,Airport,15,Trip Completed,42563.99,42564.02,23.00,,,,,,,,
3200,City,15,Trip Completed,42564.40,42564.44,9.00,,,,,,,,
3865,City,15,Trip Completed,42564.91,42564.93,21.00,,,,,,,,
4468,City,15,Trip Completed,42565.36,42565.39,8.00,,,,,,,,
5163,Airport,15,Trip Completed,42565.86,42565.88,20.00,,,,,,,,
6009,City,15,Trip Completed,42566.52,42566.56,12.00,,,,,,,,
6448,Airport,15,Trip Completed,42566.84,42566.86,20.00,,,,,,,,
591,City,16,Trip Completed,42562.48,42562.52,11.00,,,,,,,,
709,City,16,Trip Completed,42562.59,42562.63,14.00,,,,,,,,
1167,Airport,16,Trip Completed,42562.87,42562.91,20.00,,,,,,,,
2661,Airport,16,Trip Completed,42563.97,42564.02,23.00,,,,,,,,
2808,City,16,Trip Completed,42564.21,42564.25,5.00,,,,,,,,
3258,Airport,16,Trip Completed,42564.43,42564.45,10.00,,,,,,,,
3413,Airport,16,Trip Completed,42564.65,42564.70,15.00,,,,,,,,
3939,Airport,16,Trip Completed,42564.94,42564.96,22.00,,,,,,,,
4125,City,16,Trip Completed,42565.19,42565.24,4.00,,,,,,,,
4457,City,16,Trip Completed,42565.36,42565.39,8.00,,,,,,,,
4728,City,16,Trip Completed,42565.59,42565.63,14.00,,,,,,,,
5347,Airport,16,Trip Completed,42565.95,42566.00,22.00,,,,,,,,
6147,City,16,Trip Completed,42566.67,42566.73,16.00,,,,,,,,
6496,Airport,16,Trip Completed,42566.86,42566.90,20.00,,,,,,,,
634,City,17,Trip Completed,42562.52,42562.55,12.00,,,,,,,,
939,Airport,17,Trip Completed,42562.77,42562.81,18.00,,,,,,,,
2628,Airport,17,Trip Completed,42563.92,42563.98,22.00,,,,,,,,
3021,City,17,Trip Completed,42564.31,42564.35,7.00,,,,,,,,
4743,City,17,Trip Completed,42565.62,42565.65,14.00,,,,,,,,
4981,City,17,Trip Completed,42565.78,42565.82,18.00,,,,,,,,
5367,Airport,17,Trip Completed,42565.98,42566.02,23.00,,,,,,,,
5471,Airport,17,Trip Completed,42566.20,42566.24,4.00,,,,,,,,
5988,Airport,17,Trip Completed,42566.49,42566.54,11.00,,,,,,,,
6477,Airport,17,Trip Completed,42566.85,42566.88,20.00,,,,,,,,
499,City,18,Trip Completed,42562.40,42562.43,9.00,,,,,,,,
1147,Airport,18,Trip Completed,42562.86,42562.89,20.00,,,,,,,,
1410,Airport,18,Trip Completed,42563.13,42563.19,3.00,,,,,,,,
1804,Airport,18,Trip Completed,42563.38,42563.41,9.00,,,,,,,,
1949,Airport,18,Trip Completed,42563.48,42563.51,11.00,,,,,,,,
2713,City,18,Trip Completed,42564.07,42564.11,1.00,,,,,,,,
2845,City,18,Trip Completed,42564.23,42564.26,5.00,,,,,,,,
3943,Airport,18,Trip Completed,42564.94,42564.98,22.00,,,,,,,,
4792,City,18,Trip Completed,42565.70,42565.73,16.00,,,,,,,,
5207,Airport,18,Trip Completed,42565.87,42565.91,20.00,,,,,,,,
5890,City,18,Trip Completed,42566.41,42566.46,9.00,,,,,,,,
494,City,19,Trip Completed,42562.40,42562.42,9.00,,,,,,,,
1485,City,19,Trip Completed,42563.22,42563.27,5.00,,,,,,,,
2042,City,19,Trip Completed,42563.60,42563.63,14.00,,,,,,,,
2561,Airport,19,Trip Completed,42563.90,42563.95,21.00,,,,,,,,
3813,Airport,19,Trip Completed,42564.88,42564.91,21.00,,,,,,,,
4260,Airport,19,Trip Completed,42565.26,42565.29,6.00,,,,,,,,
4395,City,19,Trip Completed,42565.33,42565.37,8.00,,,,,,,,
5919,City,19,Trip Completed,42566.42,42566.46,10.00,,,,,,,,
6002,Airport,19,Trip Completed,42566.50,42566.54,12.00,,,,,,,,
468,City,20,Trip Completed,42562.39,42562.42,9.00,,,,,,,,
693,Airport,20,Trip Completed,42562.58,42562.63,13.00,,,,,,,,
1178,City,20,Trip Completed,42562.88,42562.92,21.00,,,,,,,,
2103,City,20,Trip Completed,42563.67,42563.72,16.00,,,,,,,,
2292,Airport,20,Trip Completed,42563.78,42563.81,18.00,,,,,,,,
3339,City,20,Trip Completed,42564.53,42564.56,12.00,,,,,,,,
3694,City,20,Trip Completed,42564.81,42564.86,19.00,,,,,,,,
4469,City,20,Trip Completed,42565.36,42565.41,8.00,,,,,,,,
6432,City,20,Trip Completed,42566.83,42566.85,19.00,,,,,,,,
1895,City,21,Trip Completed,42563.43,42563.45,10.00,,,,,,,,
1981,Airport,21,Trip Completed,42563.52,42563.54,12.00,,,,,,,,
3744,Airport,21,Trip Completed,42564.85,42564.89,20.00,,,,,,,,
4433,Airport,21,Trip Completed,42565.35,42565.38,8.00,,,,,,,,
6039,Airport,21,Trip Completed,42566.55,42566.57,13.00,,,,,,,,
6543,City,21,Trip Completed,42566.87,42566.93,20.00,,,,,,,,
110,City,22,Trip Completed,42562.21,42562.25,5.00,,,,,,,,
362,City,22,Trip Completed,42562.33,42562.39,8.00,,,,,,,,
666,Airport,22,Trip Completed,42562.54,42562.57,13.00,,,,,,,,
926,City,22,Trip Completed,42562.77,42562.82,18.00,,,,,,,,
1180,Airport,22,Trip Completed,42562.88,42562.93,21.00,,,,,,,,
1900,City,22,Trip Completed,42563.44,42563.49,10.00,,,,,,,,
2506,City,22,Trip Completed,42563.88,42563.90,21.00,,,,,,,,
3064,City,22,Trip Completed,42564.33,42564.37,8.00,,,,,,,,
3327,Airport,22,Trip Completed,42564.52,42564.56,12.00,,,,,,,,
3601,City,22,Trip Completed,42564.78,42564.81,18.00,,,,,,,,
4768,Airport,22,Trip Completed,42565.65,42565.70,15.00,,,,,,,,
5142,City,22,Trip Completed,42565.85,42565.87,20.00,,,,,,,,
5366,Airport,22,Trip Completed,42565.98,42566.01,23.00,,,,,,,,
5575,City,22,Trip Completed,42566.25,42566.28,5.00,,,,,,,,
5902,City,22,Trip Completed,42566.41,42566.44,9.00,,,,,,,,
6694,Airport,22,Trip Completed,42566.95,42566.97,22.00,,,,,,,,
523,Airport,23,Trip Completed,42562.41,42562.44,9.00,,,,,,,,
747,City,23,Trip Completed,42562.66,42562.70,15.00,,,,,,,,
1371,Airport,23,Trip Completed,42563.02,42563.06,0.00,,,,,,,,
1553,City,23,Trip Completed,42563.26,42563.30,6.00,,,,,,,,
1692,Airport,23,Trip Completed,42563.33,42563.38,7.00,,,,,,,,
2114,City,23,Trip Completed,42563.69,42563.72,16.00,,,,,,,,
2742,City,23,Trip Completed,42564.13,42564.16,3.00,,,,,,,,
4273,City,23,Trip Completed,42565.26,42565.29,6.00,,,,,,,,
4668,City,23,Trip Completed,42565.52,42565.57,12.00,,,,,,,,
5425,City,23,Trip Completed,42566.10,42566.13,2.00,,,,,,,,
5488,City,23,Trip Completed,42566.20,42566.25,4.00,,,,,,,,
5781,City,23,Trip Completed,42566.36,42566.40,8.00,,,,,,,,
5966,Airport,23,Trip Completed,42566.45,42566.50,10.00,,,,,,,,
6122,City,23,Trip Completed,42566.64,42566.69,15.00,,,,,,,,
357,Airport,24,Trip Completed,42562.33,42562.38,8.00,,,,,,,,
1068,City,24,Trip Completed,42562.83,42562.87,19.00,,,,,,,,
2689,Airport,24,Trip Completed,42564.02,42564.08,0.00,,,,,,,,
2791,City,24,Trip Completed,42564.21,42564.23,4.00,,,,,,,,
3321,City,24,Trip Completed,42564.52,42564.56,12.00,,,,,,,,
3423,Airport,24,Trip Completed,42564.66,42564.70,15.00,,,,,,,,
3761,Airport,24,Trip Completed,42564.86,42564.90,20.00,,,,,,,,
4140,City,24,Trip Completed,42565.20,42565.25,4.00,,,,,,,,
4656,City,24,Trip Completed,42565.50,42565.53,12.00,,,,,,,,
4931,Airport,24,Trip Completed,42565.77,42565.79,18.00,,,,,,,,
5268,City,24,Trip Completed,42565.90,42565.94,21.00,,,,,,,,
5811,City,24,Trip Completed,42566.37,42566.39,8.00,,,,,,,,
6139,Airport,24,Trip Completed,42566.66,42566.69,15.00,,,,,,,,
6333,Airport,24,Trip Completed,42566.78,42566.83,18.00,,,,,,,,
773,City,25,Trip Completed,42562.68,42562.72,16.00,,,,,,,,
1123,City,25,Trip Completed,42562.85,42562.89,20.00,,,,,,,,
2667,Airport,25,Trip Completed,42563.98,42564.03,23.00,,,,,,,,
2833,City,25,Trip Completed,42564.23,42564.26,5.00,,,,,,,,
3396,City,25,Trip Completed,42564.62,42564.66,14.00,,,,,,,,
3590,City,25,Trip Completed,42564.77,42564.81,18.00,,,,,,,,
3762,City,25,Trip Completed,42564.86,42564.89,20.00,,,,,,,,
4566,City,25,Trip Completed,42565.41,42565.43,9.00,,,,,,,,
4862,City,25,Trip Completed,42565.73,42565.78,17.00,,,,,,,,
5564,Airport,25,Trip Completed,42566.24,42566.29,5.00,,,,,,,,
6187,City,25,Trip Completed,42566.72,42566.76,17.00,,,,,,,,
6642,City,25,Trip Completed,42566.92,42566.95,22.00,,,,,,,,
322,City,26,Trip Completed,42562.31,42562.34,7.00,,,,,,,,
793,City,26,Trip Completed,42562.71,42562.75,17.00,,,,,,,,
898,Airport,26,Trip Completed,42562.76,42562.80,18.00,,,,,,,,
1258,City,26,Trip Completed,42562.91,42562.96,21.00,,,,,,,,
2832,City,26,Trip Completed,42564.22,42564.26,5.00,,,,,,,,
3139,City,26,Trip Completed,42564.37,42564.39,8.00,,,,,,,,
3438,City,26,Trip Completed,42564.68,42564.72,16.00,,,,,,,,
3966,Airport,26,Trip Completed,42564.95,42564.98,22.00,,,,,,,,
6401,Airport,26,Trip Completed,42566.81,42566.85,19.00,,,,,,,,
204,City,27,Trip Completed,42562.25,42562.28,6.00,,,,,,,,
632,Airport,27,Trip Completed,42562.51,42562.55,12.00,,,,,,,,
763,City,27,Trip Completed,42562.68,42562.73,16.00,,,,,,,,
1786,Airport,27,Trip Completed,42563.38,42563.42,9.00,,,,,,,,
1968,City,27,Trip Completed,42563.51,42563.53,12.00,,,,,,,,
2088,Airport,27,Trip Completed,42563.66,42563.71,15.00,,,,,,,,
2473,Airport,27,Trip Completed,42563.86,42563.89,20.00,,,,,,,,
2869,Airport,27,Trip Completed,42564.24,42564.27,5.00,,,,,,,,
3742,Airport,27,Trip Completed,42564.85,42564.87,20.00,,,,,,,,
4440,Airport,27,Trip Completed,42565.35,42565.38,8.00,,,,,,,,
5234,City,27,Trip Completed,42565.88,42565.91,21.00,,,,,,,,
6354,Airport,27,Trip Completed,42566.79,42566.82,18.00,,,,,,,,
6638,City,27,Trip Completed,42566.92,42566.97,21.00,,,,,,,,
84,City,28,Trip Completed,42562.20,42562.23,4.00,,,,,,,,
1199,City,28,Trip Completed,42562.89,42562.91,21.00,,,,,,,,
1676,Airport,28,Trip Completed,42563.32,42563.36,7.00,,,,,,,,
2774,City,28,Trip Completed,42564.19,42564.22,4.00,,,,,,,,
3220,Airport,28,Trip Completed,42564.41,42564.43,9.00,,,,,,,,
3718,Airport,28,Trip Completed,42564.83,42564.87,19.00,,,,,,,,
4904,Airport,28,Trip Completed,42565.75,42565.79,18.00,,,,,,,,
6527,Airport,28,Trip Completed,42566.87,42566.91,20.00,,,,,,,,
6710,City,28,Trip Completed,42566.96,42567.01,23.00,,,,,,,,
1584,Airport,29,Trip Completed,42563.27,42563.30,6.00,,,,,,,,
1966,Airport,29,Trip Completed,42563.50,42563.55,12.00,,,,,,,,
2827,City,29,Trip Completed,42564.22,42564.26,5.00,,,,,,,,
2945,Airport,29,Trip Completed,42564.27,42564.31,6.00,,,,,,,,
3365,City,29,Trip Completed,42564.57,42564.62,13.00,,,,,,,,
3548,Airport,29,Trip Completed,42564.76,42564.80,18.00,,,,,,,,
3753,City,29,Trip Completed,42564.85,42564.90,20.00,,,,,,,,
4569,Airport,29,Trip Completed,42565.41,42565.45,9.00,,,,,,,,
6309,Airport,29,Trip Completed,42566.77,42566.82,18.00,,,,,,,,
6437,City,29,Trip Completed,42566.83,42566.85,19.00,,,,,,,,
517,Airport,30,Trip Completed,42562.41,42562.43,9.00,,,,,,,,
1406,Airport,30,Trip Completed,42563.13,42563.16,3.00,,,,,,,,
1643,Airport,30,Trip Completed,42563.30,42563.34,7.00,,,,,,,,
2108,Airport,30,Trip Completed,42563.68,42563.70,16.00,,,,,,,,
2647,City,30,Trip Completed,42563.95,42563.97,22.00,,,,,,,,
3129,City,30,Trip Completed,42564.36,42564.40,8.00,,,,,,,,
3738,Airport,30,Trip Completed,42564.84,42564.87,20.00,,,,,,,,
4422,Airport,30,Trip Completed,42565.34,42565.38,8.00,,,,,,,,
4790,City,30,Trip Completed,42565.70,42565.75,16.00,,,,,,,,
5496,City,30,Trip Completed,42566.21,42566.23,4.00,,,,,,,,
6484,Airport,30,Trip Completed,42566.85,42566.88,20.00,,,,,,,,
6731,Airport,30,Trip Completed,42566.97,42567.01,23.00,,,,,,,,
629,Airport,31,Trip Completed,42562.51,42562.54,12.00,,,,,,,,
745,Airport,31,Trip Completed,42562.66,42562.70,15.00,,,,,,,,
1064,City,31,Trip Completed,42562.83,42562.85,19.00,,,,,,,,
1886,Airport,31,Trip Completed,42563.42,42563.44,10.00,,,,,,,,
5608,Airport,31,Trip Completed,42566.26,42566.30,6.00,,,,,,,,
5877,City,31,Trip Completed,42566.40,42566.42,9.00,,,,,,,,
6100,Airport,31,Trip Completed,42566.61,42566.65,14.00,,,,,,,,
6659,Airport,31,Trip Completed,42566.93,42566.96,22.00,,,,,,,,
2162,Airport,32,Trip Completed,42563.73,42563.77,17.00,,,,,,,,
3294,Airport,32,Trip Completed,42564.47,42564.51,11.00,,,,,,,,
3686,City,32,Trip Completed,42564.81,42564.86,19.00,,,,,,,,
4784,City,32,Trip Completed,42565.70,42565.72,16.00,,,,,,,,
5896,City,32,Trip Completed,42566.41,42566.44,9.00,,,,,,,,
6190,City,32,Trip Completed,42566.72,42566.75,17.00,,,,,,,,
6551,City,32,Trip Completed,42566.88,42566.93,21.00,,,,,,,,
145,City,33,Trip Completed,42562.23,42562.28,5.00,,,,,,,,
735,City,33,Trip Completed,42562.64,42562.69,15.00,,,,,,,,
918,Airport,33,Trip Completed,42562.77,42562.79,18.00,,,,,,,,
1478,City,33,Trip Completed,42563.22,42563.26,5.00,,,,,,,,
1957,City,33,Trip Completed,42563.49,42563.54,11.00,,,,,,,,
3097,City,33,Trip Completed,42564.34,42564.38,8.00,,,,,,,,
3981,Airport,33,Trip Completed,42564.97,42564.99,23.00,,,,,,,,
4175,City,33,Trip Completed,42565.22,42565.26,5.00,,,,,,,,
6237,City,33,Trip Completed,42566.74,42566.78,17.00,,,,,,,,
738,City,34,Trip Completed,42562.65,42562.70,15.00,,,,,,,,
2731,City,34,Trip Completed,42564.11,42564.14,2.00,,,,,,,,
2863,Airport,34,Trip Completed,42564.24,42564.27,5.00,,,,,,,,
3528,Airport,34,Trip Completed,42564.74,42564.76,17.00,,,,,,,,
4653,City,34,Trip Completed,42565.50,42565.54,11.00,,,,,,,,
5042,City,34,Trip Completed,42565.81,42565.84,19.00,,,,,,,,
360,Airport,35,Trip Completed,42562.33,42562.38,8.00,,,,,,,,
771,Airport,35,Trip Completed,42562.68,42562.73,16.00,,,,,,,,
1274,City,35,Trip Completed,42562.92,42562.97,22.00,,,,,,,,
1501,City,35,Trip Completed,42563.24,42563.28,5.00,,,,,,,,
1972,City,35,Trip Completed,42563.52,42563.53,12.00,,,,,,,,
2871,City,35,Trip Completed,42564.25,42564.29,5.00,,,,,,,,
3395,City,35,Trip Completed,42564.62,42564.65,14.00,,,,,,,,
3572,City,35,Trip Completed,42564.77,42564.81,18.00,,,,,,,,
4118,Airport,35,Trip Completed,42565.19,42565.23,4.00,,,,,,,,
4739,City,35,Trip Completed,42565.62,42565.65,14.00,,,,,,,,
6556,City,35,Trip Completed,42566.88,42566.90,21.00,,,,,,,,
6677,Airport,35,Trip Completed,42566.94,42566.97,22.00,,,,,,,,
1104,Airport,36,Trip Completed,42562.85,42562.89,20.00,,,,,,,,
1596,Airport,36,Trip Completed,42563.28,42563.31,6.00,,,,,,,,
1835,Airport,36,Trip Completed,42563.40,42563.44,9.00,,,,,,,,
2110,Airport,36,Trip Completed,42563.68,42563.72,16.00,,,,,,,,
2759,Airport,36,Trip Completed,42564.16,42564.19,3.00,,,,,,,,
3010,Airport,36,Trip Completed,42564.31,42564.36,7.00,,,,,,,,
3403,City,36,Trip Completed,42564.64,42564.66,15.00,,,,,,,,
3856,Airport,36,Trip Completed,42564.90,42564.93,21.00,,,,,,,,
4472,City,36,Trip Completed,42565.36,42565.41,8.00,,,,,,,,
5199,City,36,Trip Completed,42565.87,42565.92,20.00,,,,,,,,
5612,City,36,Trip Completed,42566.26,42566.30,6.00,,,,,,,,
6614,Airport,36,Trip Completed,42566.90,42566.96,21.00,,,,,,,,
191,Airport,37,Trip Completed,42562.25,42562.28,5.00,,,,,,,,
333,City,37,Trip Completed,42562.32,42562.37,7.00,,,,,,,,
488,Airport,37,Trip Completed,42562.40,42562.43,9.00,,,,,,,,
1780,City,37,Trip Completed,42563.37,42563.41,8.00,,,,,,,,
2235,Airport,37,Trip Completed,42563.76,42563.80,18.00,,,,,,,,
2516,City,37,Trip Completed,42563.88,42563.93,21.00,,,,,,,,
4209,City,37,Trip Completed,42565.23,42565.28,5.00,,,,,,,,
4726,City,37,Trip Completed,42565.58,42565.63,13.00,,,,,,,,
5088,Airport,37,Trip Completed,42565.83,42565.88,19.00,,,,,,,,
5352,Airport,37,Trip Completed,42565.96,42565.99,23.00,,,,,,,,
6024,Airport,37,Trip Completed,42566.53,42566.58,12.00,,,,,,,,
6196,Airport,37,Trip Completed,42566.72,42566.75,17.00,,,,,,,,
6297,City,37,Trip Completed,42566.76,42566.79,18.00,,,,,,,,
125,City,38,Trip Completed,42562.22,42562.26,5.00,,,,,,,,
1611,City,38,Trip Completed,42563.28,42563.32,6.00,,,,,,,,
1814,City,38,Trip Completed,42563.39,42563.42,9.00,,,,,,,,
3088,City,38,Trip Completed,42564.34,42564.38,8.00,,,,,,,,
3384,Airport,38,Trip Completed,42564.61,42564.65,14.00,,,,,,,,
4218,Airport,38,Trip Completed,42565.23,42565.27,5.00,,,,,,,,
5757,City,38,Trip Completed,42566.34,42566.39,8.00,,,,,,,,
5958,Airport,38,Trip Completed,42566.45,42566.49,10.00,,,,,,,,
6314,City,38,Trip Completed,42566.77,42566.81,18.00,,,,,,,,
249,City,39,Trip Completed,42562.27,42562.30,6.00,,,,,,,,
728,City,39,Trip Completed,42562.63,42562.67,15.00,,,,,,,,
3042,City,39,Trip Completed,42564.32,42564.36,7.00,,,,,,,,
3620,City,39,Trip Completed,42564.79,42564.84,18.00,,,,,,,,
4276,City,39,Trip Completed,42565.27,42565.31,6.00,,,,,,,,
4735,City,39,Trip Completed,42565.61,42565.66,14.00,,,,,,,,
1353,Airport,40,Trip Completed,42562.99,42563.02,23.00,,,,,,,,
1568,City,40,Trip Completed,42563.26,42563.29,6.00,,,,,,,,
2465,City,40,Trip Completed,42563.86,42563.90,20.00,,,,,,,,
3688,City,40,Trip Completed,42564.82,42564.86,19.00,,,,,,,,
4727,City,40,Trip Completed,42565.59,42565.63,14.00,,,,,,,,
5348,City,40,Trip Completed,42565.95,42565.99,22.00,,,,,,,,
6537,Airport,40,Trip Completed,42566.87,42566.92,20.00,,,,,,,,
1941,Airport,41,Trip Completed,42563.48,42563.51,11.00,,,,,,,,
3766,Airport,41,Trip Completed,42564.86,42564.89,20.00,,,,,,,,
4243,Airport,41,Trip Completed,42565.25,42565.28,6.00,,,,,,,,
4717,Airport,41,Trip Completed,42565.57,42565.61,13.00,,,,,,,,
5682,City,41,Trip Completed,42566.30,42566.35,7.00,,,,,,,,
6343,City,41,Trip Completed,42566.78,42566.81,18.00,,,,,,,,
6726,Airport,41,Trip Completed,42566.97,42567.01,23.00,,,,,,,,
238,City,42,Trip Completed,42562.27,42562.30,6.00,,,,,,,,
2624,City,42,Trip Completed,42563.93,42563.97,22.00,,,,,,,,
2787,City,42,Trip Completed,42564.20,42564.23,4.00,,,,,,,,
3992,City,42,Trip Completed,42564.98,42565.00,23.00,,,,,,,,
4974,City,42,Trip Completed,42565.78,42565.80,18.00,,,,,,,,
5478,Airport,42,Trip Completed,42566.20,42566.24,4.00,,,,,,,,
5641,City,42,Trip Completed,42566.28,42566.30,6.00,,,,,,,,
128,City,43,Trip Completed,42562.22,42562.24,5.00,,,,,,,,
627,City,43,Trip Completed,42562.51,42562.55,12.00,,,,,,,,
1766,Airport,43,Trip Completed,42563.36,42563.41,8.00,,,,,,,,
2089,City,43,Trip Completed,42563.66,42563.69,15.00,,,,,,,,
3565,City,43,Trip Completed,42564.76,42564.79,18.00,,,,,,,,
3954,Airport,43,Trip Completed,42564.95,42565.00,22.00,,,,,,,,
4204,City,43,Trip Completed,42565.23,42565.27,5.00,,,,,,,,
4651,City,43,Trip Completed,42565.50,42565.53,11.00,,,,,,,,
5814,City,43,Trip Completed,42566.36,42566.41,8.00,,,,,,,,
6062,City,43,Trip Completed,42566.58,42566.62,13.00,,,,,,,,
118,Airport,44,Trip Completed,42562.22,42562.24,5.00,,,,,,,,
339,Airport,44,Trip Completed,42562.33,42562.36,7.00,,,,,,,,
766,City,44,Trip Completed,42562.68,42562.73,16.00,,,,,,,,
1133,Airport,44,Trip Completed,42562.85,42562.90,20.00,,,,,,,,
2458,City,44,Trip Completed,42563.86,42563.90,20.00,,,,,,,,
3060,Airport,44,Trip Completed,42564.33,42564.38,7.00,,,,,,,,
3653,City,44,Trip Completed,42564.80,42564.83,19.00,,,,,,,,
4321,City,44,Trip Completed,42565.29,42565.32,6.00,,,,,,,,
5672,Airport,44,Trip Completed,42566.30,42566.33,7.00,,,,,,,,
1698,City,45,Trip Completed,42563.33,42563.37,7.00,,,,,,,,
2098,City,45,Trip Completed,42563.68,42563.70,16.00,,,,,,,,
2733,City,45,Trip Completed,42564.11,42564.16,2.00,,,,,,,,
2917,Airport,45,Trip Completed,42564.27,42564.29,6.00,,,,,,,,
3151,Airport,45,Trip Completed,42564.38,42564.40,9.00,,,,,,,,
3358,City,45,Trip Completed,42564.56,42564.61,13.00,,,,,,,,
5435,City,45,Trip Completed,42566.12,42566.16,2.00,,,,,,,,
5717,Airport,45,Trip Completed,42566.32,42566.35,7.00,,,,,,,,
635,Airport,46,Trip Completed,42562.52,42562.56,12.00,,,,,,,,
1275,Airport,46,Trip Completed,42562.92,42562.96,22.00,,,,,,,,
1562,Airport,46,Trip Completed,42563.26,42563.30,6.00,,,,,,,,
2908,Airport,46,Trip Completed,42564.26,42564.30,6.00,,,,,,,,
3414,City,46,Trip Completed,42564.64,42564.70,15.00,,,,,,,,
3638,Airport,46,Trip Completed,42564.80,42564.83,19.00,,,,,,,,
5132,Airport,46,Trip Completed,42565.84,42565.86,20.00,,,,,,,,
5422,City,46,Trip Completed,42566.09,42566.13,2.00,,,,,,,,
5724,City,46,Trip Completed,42566.32,42566.37,7.00,,,,,,,,
6026,Airport,46,Trip Completed,42566.54,42566.57,12.00,,,,,,,,
6416,City,46,Trip Completed,42566.82,42566.85,19.00,,,,,,,,
995,Airport,47,Trip Completed,42562.80,42562.81,19.00,,,,,,,,
1771,City,47,Trip Completed,42563.37,42563.39,8.00,,,,,,,,
2729,Airport,47,Trip Completed,42564.11,42564.13,2.00,,,,,,,,
3416,City,47,Trip Completed,42564.65,42564.67,15.00,,,,,,,,
4286,City,47,Trip Completed,42565.27,42565.32,6.00,,,,,,,,
5012,Airport,47,Trip Completed,42565.79,42565.84,18.00,,,,,,,,
6761,Airport,47,Trip Completed,42566.00,42566.03,0.00,,,,,,,,
5638,City,47,Trip Completed,42566.28,42566.30,6.00,,,,,,,,
6191,Airport,47,Trip Completed,42566.72,42566.76,17.00,,,,,,,,
443,City,48,Trip Completed,42562.38,42562.41,9.00,,,,,,,,
1299,City,48,Trip Completed,42562.93,42562.96,22.00,,,,,,,,
1637,Airport,48,Trip Completed,42563.30,42563.34,7.00,,,,,,,,
2099,Airport,48,Trip Completed,42563.67,42563.72,16.00,,,,,,,,
2349,Airport,48,Trip Completed,42563.81,42563.84,19.00,,,,,,,,
3081,City,48,Trip Completed,42564.34,42564.37,8.00,,,,,,,,
3555,Airport,48,Trip Completed,42564.76,42564.80,18.00,,,,,,,,
3798,City,48,Trip Completed,42564.87,42564.90,20.00,,,,,,,,
3982,Airport,48,Trip Completed,42564.97,42565.02,23.00,,,,,,,,
4082,Airport,48,Trip Completed,42565.11,42565.14,2.00,,,,,,,,
4672,City,48,Trip Completed,42565.53,42565.57,12.00,,,,,,,,
4937,City,48,Trip Completed,42565.77,42565.80,18.00,,,,,,,,
5594,Airport,48,Trip Completed,42566.25,42566.29,6.00,,,,,,,,
540,City,49,Trip Completed,42562.41,42562.45,9.00,,,,,,,,
1533,City,49,Trip Completed,42563.25,42563.27,5.00,,,,,,,,
2359,City,49,Trip Completed,42563.81,42563.85,19.00,,,,,,,,
2603,City,49,Trip Completed,42563.92,42563.95,22.00,,,,,,,,
2965,Airport,49,Trip Completed,42564.29,42564.31,6.00,,,,,,,,
4002,City,49,Trip Completed,42564.99,42565.04,23.00,,,,,,,,
4364,Airport,49,Trip Completed,42565.31,42565.34,7.00,,,,,,,,
4614,Airport,49,Trip Completed,42565.45,42565.48,10.00,,,,,,,,
5235,Airport,49,Trip Completed,42565.88,42565.92,21.00,,,,,,,,
5979,Airport,49,Trip Completed,42566.48,42566.51,11.00,,,,,,,,
6145,Airport,49,Trip Completed,42566.67,42566.72,16.00,,,,,,,,
6363,Airport,49,Trip Completed,42566.80,42566.82,19.00,,,,,,,,
2481,City,50,Trip Completed,42563.86,42563.90,20.00,,,,,,,,
3328,Airport,50,Trip Completed,42564.52,42564.55,12.00,,,,,,,,
3908,Airport,50,Trip Completed,42564.92,42564.97,22.00,,,,,,,,
4416,City,50,Trip Completed,42565.34,42565.38,8.00,,,,,,,,
4966,Airport,50,Trip Completed,42565.77,42565.81,18.00,,,,,,,,
5243,City,50,Trip Completed,42565.88,42565.93,21.00,,,,,,,,
5697,City,50,Trip Completed,42566.31,42566.34,7.00,,,,,,,,
5864,Airport,50,Trip Completed,42566.39,42566.43,9.00,,,,,,,,
6530,Airport,50,Trip Completed,42566.87,42566.90,20.00,,,,,,,,
686,City,51,Trip Completed,42562.57,42562.60,13.00,,,,,,,,
777,Airport,51,Trip Completed,42562.70,42562.73,16.00,,,,,,,,
1455,Airport,51,Trip Completed,42563.21,42563.23,4.00,,,,,,,,
1906,Airport,51,Trip Completed,42563.44,42563.47,10.00,,,,,,,,
2432,Airport,51,Trip Completed,42563.84,42563.87,20.00,,,,,,,,
2977,Airport,51,Trip Completed,42564.29,42564.32,6.00,,,,,,,,
3964,City,51,Trip Completed,42564.95,42564.98,22.00,,,,,,,,
4182,Airport,51,Trip Completed,42565.23,42565.27,5.00,,,,,,,,
4679,City,51,Trip Completed,42565.53,42565.57,12.00,,,,,,,,
4997,City,51,Trip Completed,42565.79,42565.82,18.00,,,,,,,,
5600,City,51,Trip Completed,42566.26,42566.30,6.00,,,,,,,,
5910,Airport,51,Trip Completed,42566.42,42566.45,10.00,,,,,,,,
6597,Airport,51,Trip Completed,42566.90,42566.93,21.00,,,,,,,,
64,City,52,Trip Completed,42562.18,42562.23,4.00,,,,,,,,
687,Airport,52,Trip Completed,42562.57,42562.60,13.00,,,,,,,,
1625,City,52,Trip Completed,42563.29,42563.33,7.00,,,,,,,,
1958,Airport,52,Trip Completed,42563.49,42563.52,11.00,,,,,,,,
2160,Airport,52,Trip Completed,42563.73,42563.75,17.00,,,,,,,,
2517,Airport,52,Trip Completed,42563.88,42563.93,21.00,,,,,,,,
2894,City,52,Trip Completed,42564.25,42564.30,6.00,,,,,,,,
3739,Airport,52,Trip Completed,42564.85,42564.88,20.00,,,,,,,,
4737,City,52,Trip Completed,42565.61,42565.66,14.00,,,,,,,,
5064,Airport,52,Trip Completed,42565.81,42565.86,19.00,,,,,,,,
313,City,53,Trip Completed,42562.31,42562.36,7.00,,,,,,,,
2107,City,53,Trip Completed,42563.68,42563.72,16.00,,,,,,,,
2819,City,53,Trip Completed,42564.22,42564.27,5.00,,,,,,,,
2932,Airport,53,Trip Completed,42564.27,42564.30,6.00,,,,,,,,
3593,City,53,Trip Completed,42564.77,42564.81,18.00,,,,,,,,
4760,City,53,Trip Completed,42565.64,42565.69,15.00,,,,,,,,
6681,Airport,53,Trip Completed,42566.94,42566.98,22.00,,,,,,,,
234,City,54,Trip Completed,42562.27,42562.31,6.00,,,,,,,,
425,Airport,54,Trip Completed,42562.37,42562.40,8.00,,,,,,,,
1528,City,54,Trip Completed,42563.25,42563.27,5.00,,,,,,,,
1671,Airport,54,Trip Completed,42563.32,42563.37,7.00,,,,,,,,
2223,City,54,Trip Completed,42563.75,42563.80,18.00,,,,,,,,
3268,Airport,54,Trip Completed,42564.44,42564.48,10.00,,,,,,,,
3530,Airport,54,Trip Completed,42564.75,42564.78,17.00,,,,,,,,
4765,Airport,54,Trip Completed,42565.65,42565.70,15.00,,,,,,,,
531,City,55,Trip Completed,42562.42,42562.44,10.00,,,,,,,,
1721,City,55,Trip Completed,42563.34,42563.37,8.00,,,,,,,,
2665,Airport,55,Trip Completed,42563.98,42564.03,23.00,,,,,,,,
2951,City,55,Trip Completed,42564.28,42564.32,6.00,,,,,,,,
3786,Airport,55,Trip Completed,42564.87,42564.90,20.00,,,,,,,,
4049,City,55,Trip Completed,42565.04,42565.10,1.00,,,,,,,,
4079,Airport,55,Trip Completed,42565.11,42565.15,2.00,,,,,,,,
4233,Airport,55,Trip Completed,42565.24,42565.29,5.00,,,,,,,,
4884,Airport,55,Trip Completed,42565.75,42565.80,17.00,,,,,,,,
6350,City,55,Trip Completed,42566.79,42566.84,18.00,,,,,,,,
1914,Airport,56,Trip Completed,42563.45,42563.49,10.00,,,,,,,,
3205,City,56,Trip Completed,42564.40,42564.45,9.00,,,,,,,,
3448,City,56,Trip Completed,42564.70,42564.73,16.00,,,,,,,,
4628,City,56,Trip Completed,42565.47,42565.50,11.00,,,,,,,,
5418,City,56,Trip Completed,42566.09,42566.13,2.00,,,,,,,,
5654,City,56,Trip Completed,42566.29,42566.34,6.00,,,,,,,,
614,City,57,Trip Completed,42562.49,42562.54,11.00,,,,,,,,
1340,City,57,Trip Completed,42562.97,42563.00,23.00,,,,,,,,
1576,City,57,Trip Completed,42563.27,42563.32,6.00,,,,,,,,
1974,Airport,57,Trip Completed,42563.51,42563.55,12.00,,,,,,,,
2597,City,57,Trip Completed,42563.91,42563.95,21.00,,,,,,,,
4690,City,57,Trip Completed,42565.54,42565.57,13.00,,,,,,,,
6267,Airport,57,Trip Completed,42566.76,42566.78,18.00,,,,,,,,
660,Airport,58,Trip Completed,42562.54,42562.57,12.00,,,,,,,,
943,Airport,58,Trip Completed,42562.77,42562.81,18.00,,,,,,,,
1445,Airport,58,Trip Completed,42563.20,42563.25,4.00,,,,,,,,
3070,City,58,Trip Completed,42564.33,42564.37,7.00,,,,,,,,
3440,City,58,Trip Completed,42564.69,42564.71,16.00,,,,,,,,
4503,City,58,Trip Completed,42565.38,42565.41,9.00,,,,,,,,
4771,Airport,58,Trip Completed,42565.67,42565.68,15.00,,,,,,,,
4797,City,58,Trip Completed,42565.71,42565.74,16.00,,,,,,,,
4898,Airport,58,Trip Completed,42565.75,42565.80,18.00,,,,,,,,
172,Airport,59,Trip Completed,42562.24,42562.26,5.00,,,,,,,,
518,City,59,Trip Completed,42562.41,42562.45,9.00,,,,,,,,
843,Airport,59,Trip Completed,42562.73,42562.77,17.00,,,,,,,,
1070,City,59,Trip Completed,42562.83,42562.87,19.00,,,,,,,,
2078,Airport,59,Trip Completed,42563.65,42563.68,15.00,,,,,,,,
5382,City,59,Trip Completed,42565.01,42565.03,0.00,,,,,,,,
4119,City,59,Trip Completed,42565.18,42565.24,4.00,,,,,,,,
4623,City,59,Trip Completed,42565.46,42565.48,11.00,,,,,,,,
620,City,60,Trip Completed,42562.50,42562.55,12.00,,,,,,,,
1286,Airport,60,Trip Completed,42562.93,42562.96,22.00,,,,,,,,
2482,City,60,Trip Completed,42563.86,42563.90,20.00,,,,,,,,
3672,Airport,60,Trip Completed,42564.81,42564.86,19.00,,,,,,,,
3959,City,60,Trip Completed,42564.95,42564.98,22.00,,,,,,,,
4659,City,60,Trip Completed,42565.51,42565.55,12.00,,,,,,,,
5060,Airport,60,Trip Completed,42565.81,42565.83,19.00,,,,,,,,
5942,City,60,Trip Completed,42566.44,42566.47,10.00,,,,,,,,
1349,Airport,61,Trip Completed,42562.99,42563.02,23.00,,,,,,,,
2192,Airport,61,Trip Completed,42563.74,42563.78,17.00,,,,,,,,
2323,City,61,Trip Completed,42563.80,42563.85,19.00,,,,,,,,
2717,City,61,Trip Completed,42564.08,42564.12,2.00,,,,,,,,
3338,Airport,61,Trip Completed,42564.53,42564.55,12.00,,,,,,,,
4475,City,61,Trip Completed,42565.36,42565.39,8.00,,,,,,,,
4786,City,61,Trip Completed,42565.69,42565.72,16.00,,,,,,,,
5017,City,61,Trip Completed,42565.80,42565.83,19.00,,,,,,,,
5580,City,61,Trip Completed,42566.24,42566.30,5.00,,,,,,,,
6066,Airport,61,Trip Completed,42566.58,42566.61,13.00,,,,,,,,
418,City,62,Trip Completed,42562.36,42562.39,8.00,,,,,,,,
608,Airport,62,Trip Completed,42562.50,42562.53,11.00,,,,,,,,
1842,City,62,Trip Completed,42563.40,42563.43,9.00,,,,,,,,
4004,City,62,Trip Completed,42564.99,42565.02,23.00,,,,,,,,
5791,City,62,Trip Completed,42566.36,42566.39,8.00,,,,,,,,
6548,Airport,62,Trip Completed,42566.87,42566.91,20.00,,,,,,,,
121,Airport,63,Trip Completed,42562.22,42562.26,5.00,,,,,,,,
571,Airport,63,Trip Completed,42562.45,42562.49,10.00,,,,,,,,
2444,Airport,63,Trip Completed,42563.85,42563.90,20.00,,,,,,,,
2815,City,63,Trip Completed,42564.22,42564.24,5.00,,,,,,,,
3510,Airport,63,Trip Completed,42564.74,42564.77,17.00,,,,,,,,
5013,City,63,Trip Completed,42565.79,42565.82,19.00,,,,,,,,
5457,City,63,Trip Completed,42566.16,42566.20,3.00,,,,,,,,
5940,City,63,Trip Completed,42566.43,42566.47,10.00,,,,,,,,
6197,City,63,Trip Completed,42566.73,42566.75,17.00,,,,,,,,
6660,Airport,63,Trip Completed,42566.93,42566.97,22.00,,,,,,,,
584,Airport,64,Trip Completed,42562.47,42562.52,11.00,,,,,,,,
1741,Airport,64,Trip Completed,42563.36,42563.38,8.00,,,,,,,,
2031,City,64,Trip Completed,42563.60,42563.62,14.00,,,,,,,,
3158,Airport,64,Trip Completed,42564.38,42564.42,9.00,,,,,,,,
3955,Airport,64,Trip Completed,42564.96,42564.99,22.00,,,,,,,,
4384,City,64,Trip Completed,42565.33,42565.37,7.00,,,,,,,,
5224,City,64,Trip Completed,42565.88,42565.93,21.00,,,,,,,,
5394,Airport,64,Trip Completed,42566.03,42566.07,0.00,,,,,,,,
5511,Airport,64,Trip Completed,42566.22,42566.26,5.00,,,,,,,,
744,City,65,Trip Completed,42562.65,42562.69,15.00,,,,,,,,
1634,Airport,65,Trip Completed,42563.30,42563.34,7.00,,,,,,,,
1911,Airport,65,Trip Completed,42563.45,42563.49,10.00,,,,,,,,
2608,Airport,65,Trip Completed,42563.92,42563.94,21.00,,,,,,,,
3456,Airport,65,Trip Completed,42564.71,42564.74,16.00,,,,,,,,
3561,City,65,Trip Completed,42564.76,42564.79,18.00,,,,,,,,
5216,Airport,65,Trip Completed,42565.87,42565.91,20.00,,,,,,,,
5573,City,65,Trip Completed,42566.24,42566.26,5.00,,,,,,,,
5952,Airport,65,Trip Completed,42566.45,42566.47,10.00,,,,,,,,
6093,Airport,65,Trip Completed,42566.61,42566.65,14.00,,,,,,,,
6749,Airport,65,Trip Completed,42566.99,42567.03,23.00,,,,,,,,
250,Airport,66,Trip Completed,42562.27,42562.32,6.00,,,,,,,,
781,City,66,Trip Completed,42562.69,42562.74,16.00,,,,,,,,
1681,Airport,66,Trip Completed,42563.33,42563.36,7.00,,,,,,,,
3924,Airport,66,Trip Completed,42564.93,42564.96,22.00,,,,,,,,
5271,City,66,Trip Completed,42565.90,42565.93,21.00,,,,,,,,
5899,Airport,66,Trip Completed,42566.41,42566.43,9.00,,,,,,,,
6273,City,66,Trip Completed,42566.76,42566.81,18.00,,,,,,,,
630,Airport,67,Trip Completed,42562.51,42562.55,12.00,,,,,,,,
679,City,67,Trip Completed,42562.56,42562.60,13.00,,,,,,,,
782,Airport,67,Trip Completed,42562.70,42562.73,16.00,,,,,,,,
1329,Airport,67,Trip Completed,42562.97,42562.99,23.00,,,,,,,,
1712,Airport,67,Trip Completed,42563.34,42563.38,8.00,,,,,,,,
2033,City,67,Trip Completed,42563.60,42563.62,14.00,,,,,,,,
3094,Airport,67,Trip Completed,42564.35,42564.37,8.00,,,,,,,,
4709,Airport,67,Trip Completed,42565.56,42565.60,13.00,,,,,,,,
4948,Airport,67,Trip Completed,42565.77,42565.82,18.00,,,,,,,,
5597,City,67,Trip Completed,42566.25,42566.29,6.00,,,,,,,,
6747,City,67,Trip Completed,42566.99,42567.04,23.00,,,,,,,,
1480,Airport,68,Trip Completed,42563.22,42563.25,5.00,,,,,,,,
2013,City,68,Trip Completed,42563.57,42563.60,13.00,,,,,,,,
2867,Airport,68,Trip Completed,42564.24,42564.27,5.00,,,,,,,,
3377,Airport,68,Trip Completed,42564.60,42564.63,14.00,,,,,,,,
4108,City,68,Trip Completed,42565.16,42565.19,3.00,,,,,,,,
4368,City,68,Trip Completed,42565.32,42565.34,7.00,,,,,,,,
4787,City,68,Trip Completed,42565.70,42565.72,16.00,,,,,,,,
93,City,69,Trip Completed,42562.20,42562.23,4.00,,,,,,,,
402,Airport,69,Trip Completed,42562.35,42562.38,8.00,,,,,,,,
582,City,69,Trip Completed,42562.46,42562.50,10.00,,,,,,,,
733,City,69,Trip Completed,42562.64,42562.69,15.00,,,,,,,,
951,Airport,69,Trip Completed,42562.78,42562.80,18.00,,,,,,,,
1889,City,69,Trip Completed,42563.43,42563.47,10.00,,,,,,,,
2046,Airport,69,Trip Completed,42563.61,42563.64,14.00,,,,,,,,
2664,Airport,69,Trip Completed,42563.98,42564.00,23.00,,,,,,,,
2936,City,69,Trip Completed,42564.27,42564.32,6.00,,,,,,,,
3740,Airport,69,Trip Completed,42564.85,42564.87,20.00,,,,,,,,
4482,Airport,69,Trip Completed,42565.37,42565.41,8.00,,,,,,,,
4718,City,69,Trip Completed,42565.57,42565.60,13.00,,,,,,,,
4908,Airport,69,Trip Completed,42565.75,42565.77,18.00,,,,,,,,
6278,Airport,69,Trip Completed,42566.76,42566.79,18.00,,,,,,,,
514,City,70,Trip Completed,42562.41,42562.46,9.00,,,,,,,,
703,City,70,Trip Completed,42562.59,42562.61,14.00,,,,,,,,
947,City,70,Trip Completed,42562.78,42562.79,18.00,,,,,,,,
2252,City,70,Trip Completed,42563.77,42563.79,18.00,,,,,,,,
2896,City,70,Trip Completed,42564.25,42564.30,5.00,,,,,,,,
3583,Airport,70,Trip Completed,42564.77,42564.81,18.00,,,,,,,,
4263,Airport,70,Trip Completed,42565.26,42565.31,6.00,,,,,,,,
4398,City,70,Trip Completed,42565.34,42565.38,8.00,,,,,,,,
5029,City,70,Trip Completed,42565.80,42565.83,19.00,,,,,,,,
5554,Airport,70,Trip Completed,42566.23,42566.26,5.00,,,,,,,,
5746,City,70,Trip Completed,42566.33,42566.36,7.00,,,,,,,,
5986,Airport,70,Trip Completed,42566.48,42566.52,11.00,,,,,,,,
6140,Airport,70,Trip Completed,42566.66,42566.71,15.00,,,,,,,,
6554,City,70,Trip Completed,42566.87,42566.91,20.00,,,,,,,,
467,City,71,Trip Completed,42562.39,42562.43,9.00,,,,,,,,
615,City,71,Trip Completed,42562.50,42562.53,11.00,,,,,,,,
801,Airport,71,Trip Completed,42562.72,42562.77,17.00,,,,,,,,
1587,Airport,71,Trip Completed,42563.27,42563.32,6.00,,,,,,,,
1925,City,71,Trip Completed,42563.46,42563.49,11.00,,,,,,,,
2527,City,71,Trip Completed,42563.88,42563.91,21.00,,,,,,,,
3065,Airport,71,Trip Completed,42564.33,42564.35,7.00,,,,,,,,
5031,Airport,71,Trip Completed,42565.80,42565.83,19.00,,,,,,,,
160,Airport,72,Trip Completed,42562.23,42562.27,5.00,,,,,,,,
2029,City,72,Trip Completed,42563.59,42563.63,14.00,,,,,,,,
2543,City,72,Trip Completed,42563.89,42563.91,21.00,,,,,,,,
2941,Airport,72,Trip Completed,42564.27,42564.31,6.00,,,,,,,,
4766,City,72,Trip Completed,42565.65,42565.69,15.00,,,,,,,,
5349,Airport,72,Trip Completed,42565.96,42565.97,22.00,,,,,,,,
5409,Airport,72,Trip Completed,42566.07,42566.12,1.00,,,,,,,,
6698,Airport,72,Trip Completed,42566.95,42566.99,22.00,,,,,,,,
81,Airport,73,Trip Completed,42562.20,42562.25,4.00,,,,,,,,
370,City,73,Trip Completed,42562.34,42562.36,8.00,,,,,,,,
799,Airport,73,Trip Completed,42562.71,42562.75,17.00,,,,,,,,
1300,City,73,Trip Completed,42562.94,42562.96,22.00,,,,,,,,
1805,Airport,73,Trip Completed,42563.38,42563.42,9.00,,,,,,,,
2410,City,73,Trip Completed,42563.84,42563.87,20.00,,,,,,,,
2723,Airport,73,Trip Completed,42564.10,42564.13,2.00,,,,,,,,
3240,City,73,Trip Completed,42564.42,42564.44,10.00,,,,,,,,
3424,City,73,Trip Completed,42564.66,42564.70,15.00,,,,,,,,
4188,City,73,Trip Completed,42565.23,42565.25,5.00,,,,,,,,
5617,City,73,Trip Completed,42566.27,42566.32,6.00,,,,,,,,
5932,Airport,73,Trip Completed,42566.42,42566.47,10.00,,,,,,,,
6699,City,73,Trip Completed,42566.95,42566.98,22.00,,,,,,,,
285,City,74,Trip Completed,42562.29,42562.32,7.00,,,,,,,,
754,City,74,Trip Completed,42562.67,42562.70,16.00,,,,,,,,
1449,Airport,74,Trip Completed,42563.20,42563.25,4.00,,,,,,,,
2764,Airport,74,Trip Completed,42564.17,42564.20,3.00,,,,,,,,
2859,City,74,Trip Completed,42564.24,42564.28,5.00,,,,,,,,
3036,Airport,74,Trip Completed,42564.32,42564.37,7.00,,,,,,,,
3934,Airport,74,Trip Completed,42564.93,42564.98,22.00,,,,,,,,
4486,City,74,Trip Completed,42565.38,42565.40,9.00,,,,,,,,
4996,City,74,Trip Completed,42565.79,42565.82,18.00,,,,,,,,
5133,Airport,74,Trip Completed,42565.84,42565.87,20.00,,,,,,,,
5887,City,74,Trip Completed,42566.40,42566.43,9.00,,,,,,,,
6402,Airport,74,Trip Completed,42566.81,42566.86,19.00,,,,,,,,
462,City,75,Trip Completed,42562.38,42562.44,9.00,,,,,,,,
817,City,75,Trip Completed,42562.73,42562.77,17.00,,,,,,,,
1790,Airport,75,Trip Completed,42563.38,42563.42,9.00,,,,,,,,
2014,City,75,Trip Completed,42563.57,42563.59,13.00,,,,,,,,
2165,City,75,Trip Completed,42563.73,42563.77,17.00,,,,,,,,
2627,City,75,Trip Completed,42563.92,42563.96,22.00,,,,,,,,
2968,City,75,Trip Completed,42564.29,42564.31,6.00,,,,,,,,
3282,Airport,75,Trip Completed,42564.45,42564.48,10.00,,,,,,,,
3544,City,75,Trip Completed,42564.75,42564.79,17.00,,,,,,,,
5552,Airport,75,Trip Completed,42566.23,42566.27,5.00,,,,,,,,
6657,Airport,75,Trip Completed,42566.92,42566.97,22.00,,,,,,,,
88,Airport,76,Trip Completed,42562.20,42562.25,4.00,,,,,,,,
201,City,76,Trip Completed,42562.26,42562.31,6.00,,,,,,,,
847,Airport,76,Trip Completed,42562.74,42562.78,17.00,,,,,,,,
1585,Airport,76,Trip Completed,42563.27,42563.31,6.00,,,,,,,,
2116,City,76,Trip Completed,42563.69,42563.71,16.00,,,,,,,,
2800,Airport,76,Trip Completed,42564.21,42564.23,4.00,,,,,,,,
3066,City,76,Trip Completed,42564.33,42564.36,7.00,,,,,,,,
3640,City,76,Trip Completed,42564.80,42564.82,19.00,,,,,,,,
4162,City,76,Trip Completed,42565.21,42565.26,5.00,,,,,,,,
4892,Airport,76,Trip Completed,42565.75,42565.80,17.00,,,,,,,,
5038,City,76,Trip Completed,42565.81,42565.82,19.00,,,,,,,,
6417,City,76,Trip Completed,42566.82,42566.86,19.00,,,,,,,,
376,City,77,Trip Completed,42562.34,42562.37,8.00,,,,,,,,
899,City,77,Trip Completed,42562.76,42562.80,18.00,,,,,,,,
1112,Airport,77,Trip Completed,42562.84,42562.88,20.00,,,,,,,,
1444,City,77,Trip Completed,42563.20,42563.25,4.00,,,,,,,,
1993,City,77,Trip Completed,42563.53,42563.57,12.00,,,,,,,,
2417,City,77,Trip Completed,42563.83,42563.89,19.00,,,,,,,,
3318,City,77,Trip Completed,42564.52,42564.55,12.00,,,,,,,,
3529,Airport,77,Trip Completed,42564.75,42564.78,17.00,,,,,,,,
4322,Airport,77,Trip Completed,42565.29,42565.31,7.00,,,,,,,,
5861,Airport,77,Trip Completed,42566.38,42566.44,9.00,,,,,,,,
6519,City,77,Trip Completed,42566.86,42566.90,20.00,,,,,,,,
34,City,78,Trip Completed,42562.10,42562.15,2.00,,,,,,,,
637,Airport,78,Trip Completed,42562.52,42562.56,12.00,,,,,,,,
1005,City,78,Trip Completed,42562.80,42562.83,19.00,,,,,,,,
1293,City,78,Trip Completed,42562.94,42562.98,22.00,,,,,,,,
1664,Airport,78,Trip Completed,42563.32,42563.36,7.00,,,,,,,,
1915,City,78,Trip Completed,42563.45,42563.48,10.00,,,,,,,,
3262,Airport,78,Trip Completed,42564.43,42564.46,10.00,,,,,,,,
3546,City,78,Trip Completed,42564.75,42564.78,18.00,,,,,,,,
3977,Airport,78,Trip Completed,42564.97,42564.99,23.00,,,,,,,,
4300,City,78,Trip Completed,42565.28,42565.33,6.00,,,,,,,,
4680,City,78,Trip Completed,42565.53,42565.57,12.00,,,,,,,,
4812,City,78,Trip Completed,42565.72,42565.76,17.00,,,,,,,,
5972,Airport,78,Trip Completed,42566.46,42566.49,11.00,,,,,,,,
645,City,79,Trip Completed,42562.53,42562.58,12.00,,,,,,,,
732,Airport,79,Trip Completed,42562.64,42562.66,15.00,,,,,,,,
1215,Airport,79,Trip Completed,42562.90,42562.94,21.00,,,,,,,,
1450,Airport,79,Trip Completed,42563.20,42563.24,4.00,,,,,,,,
2044,Airport,79,Trip Completed,42563.61,42563.64,14.00,,,,,,,,
2420,Airport,79,Trip Completed,42563.84,42563.88,20.00,,,,,,,,
3944,City,79,Trip Completed,42564.94,42564.96,22.00,,,,,,,,
4369,City,79,Trip Completed,42565.32,42565.35,7.00,,,,,,,,
5070,Airport,79,Trip Completed,42565.81,42565.86,19.00,,,,,,,,
5822,Airport,79,Trip Completed,42566.37,42566.40,8.00,,,,,,,,
6723,City,79,Trip Completed,42566.97,42567.01,23.00,,,,,,,,
3,Airport,80,Trip Completed,42562.02,42562.06,0.00,,,,,,,,
70,City,80,Trip Completed,42562.19,42562.23,4.00,,,,,,,,
256,Airport,80,Trip Completed,42562.28,42562.32,6.00,,,,,,,,
702,Airport,80,Trip Completed,42562.59,42562.62,14.00,,,,,,,,
769,Airport,80,Trip Completed,42562.68,42562.73,16.00,,,,,,,,
1277,City,80,Trip Completed,42562.92,42562.94,22.00,,,,,,,,
2062,Airport,80,Trip Completed,42563.63,42563.66,15.00,,,,,,,,
2399,Airport,80,Trip Completed,42563.83,42563.86,19.00,,,,,,,,
2645,Airport,80,Trip Completed,42563.95,42563.97,22.00,,,,,,,,
3468,City,80,Trip Completed,42564.71,42564.74,17.00,,,,,,,,
3826,Airport,80,Trip Completed,42564.89,42564.91,21.00,,,,,,,,
5384,Airport,80,Trip Completed,42565.00,42565.04,0.00,,,,,,,,
6460,City,80,Trip Completed,42566.84,42566.87,20.00,,,,,,,,
269,City,81,Trip Completed,42562.28,42562.32,6.00,,,,,,,,
336,Airport,81,Trip Completed,42562.33,42562.36,7.00,,,,,,,,
1241,Airport,81,Trip Completed,42562.90,42562.95,21.00,,,,,,,,
1651,Airport,81,Trip Completed,42563.31,42563.33,7.00,,,,,,,,
1963,City,81,Trip Completed,42563.50,42563.54,11.00,,,,,,,,
2368,City,81,Trip Completed,42563.81,42563.85,19.00,,,,,,,,
3004,Airport,81,Trip Completed,42564.30,42564.35,7.00,,,,,,,,
3310,City,81,Trip Completed,42564.50,42564.54,11.00,,,,,,,,
3391,City,81,Trip Completed,42564.61,42564.66,14.00,,,,,,,,
4194,Airport,81,Trip Completed,42565.23,42565.26,5.00,,,,,,,,
5728,City,81,Trip Completed,42566.32,42566.36,7.00,,,,,,,,
6091,City,81,Trip Completed,42566.61,42566.64,14.00,,,,,,,,
6748,Airport,81,Trip Completed,42566.99,42567.04,23.00,,,,,,,,
286,City,82,Trip Completed,42562.29,42562.33,6.00,,,,,,,,
547,Airport,82,Trip Completed,42562.42,42562.45,10.00,,,,,,,,
574,City,82,Trip Completed,42562.46,42562.49,10.00,,,,,,,,
936,Airport,82,Trip Completed,42562.77,42562.81,18.00,,,,,,,,
1514,Airport,82,Trip Completed,42563.24,42563.26,5.00,,,,,,,,
1656,City,82,Trip Completed,42563.31,42563.36,7.00,,,,,,,,
2405,Airport,82,Trip Completed,42563.83,42563.87,20.00,,,,,,,,
3372,Airport,82,Trip Completed,42564.59,42564.61,14.00,,,,,,,,
4215,Airport,82,Trip Completed,42565.24,42565.28,5.00,,,,,,,,
6486,City,82,Trip Completed,42566.85,42566.88,20.00,,,,,,,,
520,City,83,Trip Completed,42562.41,42562.45,9.00,,,,,,,,
1285,City,83,Trip Completed,42562.93,42562.97,22.00,,,,,,,,
3394,City,83,Trip Completed,42564.62,42564.65,14.00,,,,,,,,
3520,City,83,Trip Completed,42564.74,42564.78,17.00,,,,,,,,
4998,City,83,Trip Completed,42565.79,42565.84,18.00,,,,,,,,
5377,City,83,Trip Completed,42565.99,42566.03,23.00,,,,,,,,
5759,City,83,Trip Completed,42566.34,42566.37,8.00,,,,,,,,
422,City,84,Trip Completed,42562.36,42562.41,8.00,,,,,,,,
578,Airport,84,Trip Completed,42562.46,42562.50,11.00,,,,,,,,
3035,City,84,Trip Completed,42564.31,42564.37,7.00,,,,,,,,
3728,Airport,84,Trip Completed,42564.84,42564.89,20.00,,,,,,,,
4097,City,84,Trip Completed,42565.14,42565.17,3.00,,,,,,,,
5184,City,84,Trip Completed,42565.86,42565.91,20.00,,,,,,,,
5404,City,84,Trip Completed,42566.05,42566.09,1.00,,,,,,,,
5525,Airport,84,Trip Completed,42566.22,42566.28,5.00,,,,,,,,
6392,Airport,84,Trip Completed,42566.81,42566.86,19.00,,,,,,,,
603,Airport,85,Trip Completed,42562.49,42562.54,11.00,,,,,,,,
1956,City,85,Trip Completed,42563.49,42563.52,11.00,,,,,,,,
2914,Airport,85,Trip Completed,42564.26,42564.29,6.00,,,,,,,,
3434,Airport,85,Trip Completed,42564.67,42564.70,16.00,,,,,,,,
3454,City,85,Trip Completed,42564.71,42564.75,16.00,,,,,,,,
3809,City,85,Trip Completed,42564.87,42564.91,20.00,,,,,,,,
3947,Airport,85,Trip Completed,42564.94,42564.97,22.00,,,,,,,,
4319,Airport,85,Trip Completed,42565.29,42565.34,6.00,,,,,,,,
4716,City,85,Trip Completed,42565.57,42565.59,13.00,,,,,,,,
5790,Airport,85,Trip Completed,42566.36,42566.40,8.00,,,,,,,,
6205,Airport,85,Trip Completed,42566.73,42566.78,17.00,,,,,,,,
6727,Airport,85,Trip Completed,42566.98,42567.01,23.00,,,,,,,,
51,City,86,Trip Completed,42562.15,42562.19,3.00,,,,,,,,
446,City,86,Trip Completed,42562.38,42562.42,9.00,,,,,,,,
1252,City,86,Trip Completed,42562.91,42562.96,21.00,,,,,,,,
1380,Airport,86,Trip Completed,42563.04,42563.09,1.00,,,,,,,,
1638,City,86,Trip Completed,42563.30,42563.33,7.00,,,,,,,,
2152,Airport,86,Trip Completed,42563.73,42563.75,17.00,,,,,,,,
3125,City,86,Trip Completed,42564.37,42564.39,8.00,,,,,,,,
3366,City,86,Trip Completed,42564.57,42564.61,13.00,,,,,,,,
4632,Airport,86,Trip Completed,42565.47,42565.51,11.00,,,,,,,,
5924,City,86,Trip Completed,42566.42,42566.45,10.00,,,,,,,,
6133,Airport,86,Trip Completed,42566.65,42566.68,15.00,,,,,,,,
6316,Airport,86,Trip Completed,42566.77,42566.80,18.00,,,,,,,,
6609,City,86,Trip Completed,42566.91,42566.96,21.00,,,,,,,,
246,Airport,87,Trip Completed,42562.27,42562.30,6.00,,,,,,,,
980,Airport,87,Trip Completed,42562.79,42562.84,19.00,,,,,,,,
1677,City,87,Trip Completed,42563.32,42563.34,7.00,,,,,,,,
4620,City,87,Trip Completed,42565.46,42565.51,10.00,,,,,,,,
4848,Airport,87,Trip Completed,42565.73,42565.76,17.00,,,,,,,,
5402,Airport,87,Trip Completed,42566.05,42566.08,1.00,,,,,,,,
5971,Airport,87,Trip Completed,42566.46,42566.49,11.00,,,,,,,,
6113,City,87,Trip Completed,42566.64,42566.68,15.00,,,,,,,,
6508,City,87,Trip Completed,42566.86,42566.90,20.00,,,,,,,,
746,Airport,88,Trip Completed,42562.66,42562.69,15.00,,,,,,,,
1488,Airport,88,Trip Completed,42563.23,42563.28,5.00,,,,,,,,
1838,City,88,Trip Completed,42563.40,42563.42,9.00,,,,,,,,
2839,Airport,88,Trip Completed,42564.22,42564.25,5.00,,,,,,,,
4391,City,88,Trip Completed,42565.33,42565.38,7.00,,,,,,,,
4701,City,88,Trip Completed,42565.55,42565.58,13.00,,,,,,,,
5171,Airport,88,Trip Completed,42565.85,42565.90,20.00,,,,,,,,
5962,City,88,Trip Completed,42566.45,42566.50,10.00,,,,,,,,
6118,City,88,Trip Completed,42566.64,42566.68,15.00,,,,,,,,
6450,City,88,Trip Completed,42566.83,42566.87,20.00,,,,,,,,
257,Airport,89,Trip Completed,42562.28,42562.33,6.00,,,,,,,,
708,Airport,89,Trip Completed,42562.59,42562.62,14.00,,,,,,,,
891,Airport,89,Trip Completed,42562.76,42562.80,18.00,,,,,,,,
1748,City,89,Trip Completed,42563.36,42563.38,8.00,,,,,,,,
2625,City,89,Trip Completed,42563.92,42563.97,22.00,,,,,,,,
3989,City,89,Trip Completed,42564.97,42565.02,23.00,,,,,,,,
5285,Airport,89,Trip Completed,42565.90,42565.93,21.00,,,,,,,,
6461,City,89,Trip Completed,42566.84,42566.88,20.00,,,,,,,,
1563,Airport,90,Trip Completed,42563.26,42563.31,6.00,,,,,,,,
2207,Airport,90,Trip Completed,42563.75,42563.80,17.00,,,,,,,,
2879,City,90,Trip Completed,42564.25,42564.28,5.00,,,,,,,,
3644,Airport,90,Trip Completed,42564.80,42564.83,19.00,,,,,,,,
3996,Airport,90,Trip Completed,42564.98,42565.02,23.00,,,,,,,,
4355,City,90,Trip Completed,42565.30,42565.33,7.00,,,,,,,,
4758,City,90,Trip Completed,42565.64,42565.67,15.00,,,,,,,,
6001,Airport,90,Trip Completed,42566.51,42566.55,12.00,,,,,,,,
1181,Airport,91,Trip Completed,42562.88,42562.92,21.00,,,,,,,,
1297,City,91,Trip Completed,42562.93,42562.96,22.00,,,,,,,,
1429,City,91,Trip Completed,42563.20,42563.22,4.00,,,,,,,,
2104,City,91,Trip Completed,42563.67,42563.71,16.00,,,,,,,,
2736,City,91,Trip Completed,42564.11,42564.16,2.00,,,,,,,,
3615,City,91,Trip Completed,42564.79,42564.82,18.00,,,,,,,,
4719,Airport,91,Trip Completed,42565.57,42565.62,13.00,,,,,,,,
4748,City,91,Trip Completed,42565.63,42565.68,15.00,,,,,,,,
870,City,92,Trip Completed,42562.75,42562.78,17.00,,,,,,,,
2124,Airport,92,Trip Completed,42563.70,42563.73,16.00,,,,,,,,
2457,Airport,92,Trip Completed,42563.85,42563.90,20.00,,,,,,,,
2621,City,92,Trip Completed,42563.92,42563.96,22.00,,,,,,,,
3168,City,92,Trip Completed,42564.38,42564.42,9.00,,,,,,,,
3285,Airport,92,Trip Completed,42564.46,42564.50,10.00,,,,,,,,
3315,City,92,Trip Completed,42564.51,42564.55,12.00,,,,,,,,
5585,City,92,Trip Completed,42566.25,42566.30,5.00,,,,,,,,
6235,City,92,Trip Completed,42566.74,42566.76,17.00,,,,,,,,
913,Airport,93,Trip Completed,42562.76,42562.80,18.00,,,,,,,,
1852,City,93,Trip Completed,42563.40,42563.46,9.00,,,,,,,,
3117,Airport,93,Trip Completed,42564.36,42564.38,8.00,,,,,,,,
3392,Airport,93,Trip Completed,42564.62,42564.64,14.00,,,,,,,,
4722,City,93,Trip Completed,42565.58,42565.62,13.00,,,,,,,,
692,Airport,94,Trip Completed,42562.58,42562.60,13.00,,,,,,,,
1351,Airport,94,Trip Completed,42562.99,42563.03,23.00,,,,,,,,
1800,City,94,Trip Completed,42563.38,42563.42,9.00,,,,,,,,
2434,City,94,Trip Completed,42563.84,42563.89,20.00,,,,,,,,
3212,City,94,Trip Completed,42564.41,42564.45,9.00,,,,,,,,
3340,City,94,Trip Completed,42564.53,42564.57,12.00,,,,,,,,
3598,Airport,94,Trip Completed,42564.78,42564.82,18.00,,,,,,,,
53,Airport,95,Trip Completed,42562.15,42562.18,3.00,,,,,,,,
3558,Airport,95,Trip Completed,42564.76,42564.79,18.00,,,,,,,,
4257,City,95,Trip Completed,42565.26,42565.30,6.00,,,,,,,,
4869,City,95,Trip Completed,42565.74,42565.76,17.00,,,,,,,,
5548,City,95,Trip Completed,42566.23,42566.25,5.00,,,,,,,,
5630,Airport,95,Trip Completed,42566.27,42566.30,6.00,,,,,,,,
6645,City,95,Trip Completed,42566.92,42566.96,22.00,,,,,,,,
156,Airport,96,Trip Completed,42562.23,42562.28,5.00,,,,,,,,
350,City,96,Trip Completed,42562.33,42562.36,7.00,,,,,,,,
976,Airport,96,Trip Completed,42562.79,42562.83,18.00,,,,,,,,
1344,City,96,Trip Completed,42562.98,42563.03,23.00,,,,,,,,
1524,City,96,Trip Completed,42563.24,42563.29,5.00,,,,,,,,
2143,Airport,96,Trip Completed,42563.72,42563.75,17.00,,,,,,,,
2353,City,96,Trip Completed,42563.81,42563.85,19.00,,,,,,,,
3028,Airport,96,Trip Completed,42564.31,42564.34,7.00,,,,,,,,
3913,Airport,96,Trip Completed,42564.93,42564.96,22.00,,,,,,,,
4274,City,96,Trip Completed,42565.26,42565.31,6.00,,,,,,,,
4673,City,96,Trip Completed,42565.52,42565.57,12.00,,,,,,,,
6198,Airport,96,Trip Completed,42566.72,42566.76,17.00,,,,,,,,
569,Airport,97,Trip Completed,42562.44,42562.49,10.00,,,,,,,,
1626,Airport,97,Trip Completed,42563.29,42563.33,6.00,,,,,,,,
3505,City,97,Trip Completed,42564.73,42564.77,17.00,,,,,,,,
3758,City,97,Trip Completed,42564.86,42564.89,20.00,,,,,,,,
4649,City,97,Trip Completed,42565.49,42565.53,11.00,,,,,,,,
4745,Airport,97,Trip Completed,42565.63,42565.67,15.00,,,,,,,,
5354,Airport,97,Trip Completed,42565.96,42566.00,23.00,,,,,,,,
5953,City,97,Trip Completed,42566.45,42566.49,10.00,,,,,,,,
6577,City,97,Trip Completed,42566.89,42566.91,21.00,,,,,,,,
1565,Airport,98,Trip Completed,42563.26,42563.31,6.00,,,,,,,,
1973,Airport,98,Trip Completed,42563.51,42563.53,12.00,,,,,,,,
2363,Airport,98,Trip Completed,42563.81,42563.86,19.00,,,,,,,,
2994,City,98,Trip Completed,42564.30,42564.34,7.00,,,,,,,,
3201,Airport,98,Trip Completed,42564.40,42564.43,9.00,,,,,,,,
3511,City,98,Trip Completed,42564.73,42564.79,17.00,,,,,,,,
3956,Airport,98,Trip Completed,42564.95,42564.99,22.00,,,,,,,,
4359,City,98,Trip Completed,42565.31,42565.34,7.00,,,,,,,,
4798,City,98,Trip Completed,42565.70,42565.74,16.00,,,,,,,,
5955,Airport,98,Trip Completed,42566.45,42566.49,10.00,,,,,,,,
6117,Airport,98,Trip Completed,42566.64,42566.67,15.00,,,,,,,,
6252,City,98,Trip Completed,42566.75,42566.78,18.00,,,,,,,,
101,Airport,99,Trip Completed,42562.21,42562.26,5.00,,,,,,,,
351,City,99,Trip Completed,42562.33,42562.37,7.00,,,,,,,,
871,City,99,Trip Completed,42562.75,42562.78,17.00,,,,,,,,
1330,Airport,99,Trip Completed,42562.97,42563.01,23.00,,,,,,,,
3227,Airport,99,Trip Completed,42564.41,42564.44,9.00,,,,,,,,
4921,City,99,Trip Completed,42565.76,42565.81,18.00,,,,,,,,
5373,City,99,Trip Completed,42565.99,42566.01,23.00,,,,,,,,
6612,Airport,99,Trip Completed,42566.91,42566.94,21.00,,,,,,,,
50,City,100,Trip Completed,42562.14,42562.16,3.00,,,,,,,,
102,Airport,100,Trip Completed,42562.21,42562.23,5.00,,,,,,,,
211,City,100,Trip Completed,42562.26,42562.28,6.00,,,,,,,,
510,City,100,Trip Completed,42562.40,42562.46,9.00,,,,,,,,
1548,Airport,100,Trip Completed,42563.26,42563.30,6.00,,,,,,,,
2208,City,100,Trip Completed,42563.75,42563.79,17.00,,,,,,,,
4030,City,100,Trip Completed,42565.01,42565.03,0.00,,,,,,,,
4370,City,100,Trip Completed,42565.32,42565.34,7.00,,,,,,,,
5834,Airport,100,Trip Completed,42566.37,42566.42,8.00,,,,,,,,
639,City,101,Trip Completed,42562.52,42562.54,12.00,,,,,,,,
1451,Airport,101,Trip Completed,42563.20,42563.24,4.00,,,,,,,,
2335,City,101,Trip Completed,42563.80,42563.83,19.00,,,,,,,,
2572,Airport,101,Trip Completed,42563.90,42563.95,21.00,,,,,,,,
3326,Airport,101,Trip Completed,42564.52,42564.55,12.00,,,,,,,,
3916,City,101,Trip Completed,42564.92,42564.97,22.00,,,,,,,,
4514,City,101,Trip Completed,42565.39,42565.43,9.00,,,,,,,,
6604,City,101,Trip Completed,42566.90,42566.93,21.00,,,,,,,,
373,Airport,102,Trip Completed,42562.34,42562.39,8.00,,,,,,,,
1338,Airport,102,Trip Completed,42562.97,42563.00,23.00,,,,,,,,
1830,City,102,Trip Completed,42563.40,42563.45,9.00,,,,,,,,
2274,City,102,Trip Completed,42563.77,42563.81,18.00,,,,,,,,
3224,Airport,102,Trip Completed,42564.41,42564.44,9.00,,,,,,,,
5321,City,102,Trip Completed,42565.92,42565.95,22.00,,,,,,,,
5520,City,102,Trip Completed,42566.22,42566.25,5.00,,,,,,,,
5842,City,102,Trip Completed,42566.38,42566.41,9.00,,,,,,,,
6429,Airport,102,Trip Completed,42566.83,42566.86,19.00,,,,,,,,
6704,Airport,102,Trip Completed,42566.96,42567.00,22.00,,,,,,,,
2057,Airport,103,Trip Completed,42563.63,42563.65,15.00,,,,,,,,
3723,Airport,103,Trip Completed,42564.84,42564.87,20.00,,,,,,,,
4492,City,103,Trip Completed,42565.38,42565.42,9.00,,,,,,,,
5153,Airport,103,Trip Completed,42565.85,42565.90,20.00,,,,,,,,
6531,City,103,Trip Completed,42566.87,42566.89,20.00,,,,,,,,
521,City,104,Trip Completed,42562.41,42562.45,9.00,,,,,,,,
1850,City,104,Trip Completed,42563.41,42563.43,9.00,,,,,,,,
2851,Airport,104,Trip Completed,42564.23,42564.28,5.00,,,,,,,,
5380,Airport,104,Trip Completed,42565.99,42566.03,23.00,,,,,,,,
5917,Airport,104,Trip Completed,42566.42,42566.45,10.00,,,,,,,,
148,Airport,105,Trip Completed,42562.23,42562.28,5.00,,,,,,,,
1113,City,105,Trip Completed,42562.85,42562.87,20.00,,,,,,,,
1758,Airport,105,Trip Completed,42563.36,42563.39,8.00,,,,,,,,
2395,Airport,105,Trip Completed,42563.83,42563.87,19.00,,,,,,,,
2708,Airport,105,Trip Completed,42564.06,42564.11,1.00,,,,,,,,
2995,City,105,Trip Completed,42564.30,42564.34,7.00,,,,,,,,
3993,City,105,Trip Completed,42564.98,42565.01,23.00,,,,,,,,
4724,City,105,Trip Completed,42565.58,42565.60,13.00,,,,,,,,
5144,Airport,105,Trip Completed,42565.85,42565.89,20.00,,,,,,,,
5572,City,105,Trip Completed,42566.24,42566.28,5.00,,,,,,,,
5740,Airport,105,Trip Completed,42566.33,42566.37,7.00,,,,,,,,
5938,City,105,Trip Completed,42566.43,42566.46,10.00,,,,,,,,
6299,City,105,Trip Completed,42566.77,42566.80,18.00,,,,,,,,
6695,Airport,105,Trip Completed,42566.95,42567.00,22.00,,,,,,,,
507,Airport,106,Trip Completed,42562.40,42562.44,9.00,,,,,,,,
1135,Airport,106,Trip Completed,42562.86,42562.90,20.00,,,,,,,,
1479,City,106,Trip Completed,42563.22,42563.25,5.00,,,,,,,,
3275,City,106,Trip Completed,42564.44,42564.49,10.00,,,,,,,,
4078,City,106,Trip Completed,42565.09,42565.13,2.00,,,,,,,,
4176,Airport,106,Trip Completed,42565.22,42565.25,5.00,,,,,,,,
4776,City,106,Trip Completed,42565.68,42565.73,16.00,,,,,,,,
4899,Airport,106,Trip Completed,42565.75,42565.79,18.00,,,,,,,,
35,City,107,Trip Completed,42562.11,42562.13,2.00,,,,,,,,
161,Airport,107,Trip Completed,42562.23,42562.26,5.00,,,,,,,,
831,Airport,107,Trip Completed,42562.73,42562.76,17.00,,,,,,,,
1080,Airport,107,Trip Completed,42562.83,42562.86,19.00,,,,,,,,
2496,City,107,Trip Completed,42563.87,42563.90,20.00,,,,,,,,
3141,City,107,Trip Completed,42564.37,42564.39,8.00,,,,,,,,
3297,City,107,Trip Completed,42564.48,42564.51,11.00,,,,,,,,
3602,Airport,107,Trip Completed,42564.78,42564.80,18.00,,,,,,,,
4150,City,107,Trip Completed,42565.20,42565.24,4.00,,,,,,,,
4361,City,107,Trip Completed,42565.31,42565.35,7.00,,,,,,,,
4642,City,107,Trip Completed,42565.49,42565.53,11.00,,,,,,,,
4752,City,107,Trip Completed,42565.64,42565.67,15.00,,,,,,,,
4849,City,107,Trip Completed,42565.74,42565.78,17.00,,,,,,,,
6199,City,107,Trip Completed,42566.73,42566.76,17.00,,,,,,,,
241,City,108,Trip Completed,42562.27,42562.30,6.00,,,,,,,,
1339,Airport,108,Trip Completed,42562.98,42563.02,23.00,,,,,,,,
1454,City,108,Trip Completed,42563.20,42563.25,4.00,,,,,,,,
4342,City,108,Trip Completed,42565.30,42565.34,7.00,,,,,,,,
6766,City,108,Trip Completed,42566.00,42566.05,0.00,,,,,,,,
6213,City,108,Trip Completed,42566.73,42566.77,17.00,,,,,,,,
41,City,109,Trip Completed,42562.12,42562.14,2.00,,,,,,,,
279,Airport,109,Trip Completed,42562.29,42562.32,6.00,,,,,,,,
952,City,109,Trip Completed,42562.78,42562.80,18.00,,,,,,,,
1200,Airport,109,Trip Completed,42562.88,42562.94,21.00,,,,,,,,
1775,City,109,Trip Completed,42563.37,42563.41,8.00,,,,,,,,
1953,Airport,109,Trip Completed,42563.48,42563.53,11.00,,,,,,,,
3270,City,109,Trip Completed,42564.44,42564.46,10.00,,,,,,,,
3497,Airport,109,Trip Completed,42564.73,42564.77,17.00,,,,,,,,
3897,Airport,109,Trip Completed,42564.92,42564.94,22.00,,,,,,,,
4601,City,109,Trip Completed,42565.43,42565.45,10.00,,,,,,,,
4621,Airport,109,Trip Completed,42565.46,42565.49,11.00,,,,,,,,
5061,City,109,Trip Completed,42565.81,42565.84,19.00,,,,,,,,
5359,City,109,Trip Completed,42565.97,42566.02,23.00,,,,,,,,
6179,Airport,109,Trip Completed,42566.70,42566.76,16.00,,,,,,,,
469,Airport,110,Trip Completed,42562.39,42562.42,9.00,,,,,,,,
914,City,110,Trip Completed,42562.76,42562.79,18.00,,,,,,,,
1386,Airport,110,Trip Completed,42563.06,42563.11,1.00,,,,,,,,
1935,City,110,Trip Completed,42563.47,42563.51,11.00,,,,,,,,
3243,Airport,110,Trip Completed,42564.42,42564.45,10.00,,,,,,,,
3449,City,110,Trip Completed,42564.70,42564.72,16.00,,,,,,,,
4500,City,110,Trip Completed,42565.38,42565.42,9.00,,,,,,,,
5328,Airport,110,Trip Completed,42565.92,42565.95,22.00,,,,,,,,
5576,City,110,Trip Completed,42566.25,42566.27,5.00,,,,,,,,
6112,Airport,110,Trip Completed,42566.63,42566.68,15.00,,,,,,,,
6438,Airport,110,Trip Completed,42566.83,42566.86,19.00,,,,,,,,
707,Airport,111,Trip Completed,42562.60,42562.62,14.00,,,,,,,,
1136,Airport,111,Trip Completed,42562.86,42562.89,20.00,,,,,,,,
2961,Airport,111,Trip Completed,42564.28,42564.32,6.00,,,,,,,,
3428,City,111,Trip Completed,42564.66,42564.70,15.00,,,,,,,,
4045,Airport,111,Trip Completed,42565.04,42565.06,0.00,,,,,,,,
5399,City,111,Trip Completed,42566.04,42566.09,0.00,,,,,,,,
5730,City,111,Trip Completed,42566.33,42566.36,7.00,,,,,,,,
180,Airport,112,Trip Completed,42562.24,42562.27,5.00,,,,,,,,
1694,City,112,Trip Completed,42563.33,42563.37,7.00,,,,,,,,
2294,City,112,Trip Completed,42563.78,42563.83,18.00,,,,,,,,
3630,City,112,Trip Completed,42564.79,42564.83,18.00,,,,,,,,
3978,City,112,Trip Completed,42564.97,42564.99,23.00,,,,,,,,
4426,City,112,Trip Completed,42565.35,42565.38,8.00,,,,,,,,
5115,Airport,112,Trip Completed,42565.84,42565.88,20.00,,,,,,,,
5558,Airport,112,Trip Completed,42566.23,42566.25,5.00,,,,,,,,
5827,Airport,112,Trip Completed,42566.37,42566.40,8.00,,,,,,,,
6063,Airport,112,Trip Completed,42566.58,42566.60,13.00,,,,,,,,
6691,Airport,112,Trip Completed,42566.95,42567.00,22.00,,,,,,,,
170,City,113,Trip Completed,42562.24,42562.28,5.00,,,,,,,,
1326,Airport,113,Trip Completed,42562.96,42563.00,23.00,,,,,,,,
1476,City,113,Trip Completed,42563.22,42563.25,5.00,,,,,,,,
2937,Airport,113,Trip Completed,42564.27,42564.30,6.00,,,,,,,,
3973,City,113,Trip Completed,42564.96,42564.99,22.00,,,,,,,,
4644,City,113,Trip Completed,42565.49,42565.51,11.00,,,,,,,,
5086,Airport,113,Trip Completed,42565.82,42565.88,19.00,,,,,,,,
6572,Airport,113,Trip Completed,42566.88,42566.92,21.00,,,,,,,,
6755,Airport,113,Trip Completed,42567.00,42567.05,23.00,,,,,,,,
1483,City,114,Trip Completed,42563.22,42563.27,5.00,,,,,,,,
1844,City,114,Trip Completed,42563.40,42563.42,9.00,,,,,,,,
2120,Airport,114,Trip Completed,42563.70,42563.73,16.00,,,,,,,,
2411,City,114,Trip Completed,42563.84,42563.86,20.00,,,,,,,,
2903,Airport,114,Trip Completed,42564.25,42564.28,6.00,,,,,,,,
3289,City,114,Trip Completed,42564.46,42564.49,11.00,,,,,,,,
3859,Airport,114,Trip Completed,42564.90,42564.94,21.00,,,,,,,,
4313,City,114,Trip Completed,42565.28,42565.32,6.00,,,,,,,,
5325,City,114,Trip Completed,42565.92,42565.97,22.00,,,,,,,,
5906,City,114,Trip Completed,42566.41,42566.44,9.00,,,,,,,,
6049,City,114,Trip Completed,42566.56,42566.61,13.00,,,,,,,,
664,Airport,115,Trip Completed,42562.54,42562.59,12.00,,,,,,,,
750,City,115,Trip Completed,42562.66,42562.69,15.00,,,,,,,,
1950,City,115,Trip Completed,42563.48,42563.50,11.00,,,,,,,,
2989,Airport,115,Trip Completed,42564.30,42564.32,7.00,,,,,,,,
3266,Airport,115,Trip Completed,42564.44,42564.47,10.00,,,,,,,,
4358,Airport,115,Trip Completed,42565.31,42565.34,7.00,,,,,,,,
4720,Airport,115,Trip Completed,42565.58,42565.61,13.00,,,,,,,,
5019,City,115,Trip Completed,42565.80,42565.83,19.00,,,,,,,,
5925,City,115,Trip Completed,42566.42,42566.44,10.00,,,,,,,,
112,Airport,116,Trip Completed,42562.21,42562.25,5.00,,,,,,,,
213,City,116,Trip Completed,42562.26,42562.29,6.00,,,,,,,,
1818,Airport,116,Trip Completed,42563.40,42563.44,9.00,,,,,,,,
2018,Airport,116,Trip Completed,42563.57,42563.60,13.00,,,,,,,,
3231,Airport,116,Trip Completed,42564.42,42564.45,9.00,,,,,,,,
3378,Airport,116,Trip Completed,42564.60,42564.62,14.00,,,,,,,,
3896,City,116,Trip Completed,42564.91,42564.95,21.00,,,,,,,,
4828,City,116,Trip Completed,42565.73,42565.75,17.00,,,,,,,,
5944,City,116,Trip Completed,42566.43,42566.48,10.00,,,,,,,,
6245,Airport,116,Trip Completed,42566.75,42566.79,17.00,,,,,,,,
3957,City,117,Trip Completed,42564.95,42564.99,22.00,,,,,,,,
4066,Airport,117,Trip Completed,42565.08,42565.13,1.00,,,,,,,,
4691,City,117,Trip Completed,42565.54,42565.58,13.00,,,,,,,,
6153,Airport,117,Trip Completed,42566.68,42566.73,16.00,,,,,,,,
260,City,118,Trip Completed,42562.28,42562.33,6.00,,,,,,,,
1077,Airport,118,Trip Completed,42562.83,42562.86,19.00,,,,,,,,
1316,City,118,Trip Completed,42562.95,42562.99,22.00,,,,,,,,
1754,City,118,Trip Completed,42563.36,42563.40,8.00,,,,,,,,
2086,City,118,Trip Completed,42563.66,42563.69,15.00,,,,,,,,
3044,Airport,118,Trip Completed,42564.32,42564.35,7.00,,,,,,,,
3295,City,118,Trip Completed,42564.48,42564.51,11.00,,,,,,,,
3347,Airport,118,Trip Completed,42564.54,42564.58,12.00,,,,,,,,
3801,Airport,118,Trip Completed,42564.87,42564.90,20.00,,,,,,,,
4249,City,118,Trip Completed,42565.25,42565.29,6.00,,,,,,,,
5096,Airport,118,Trip Completed,42565.83,42565.87,19.00,,,,,,,,
5892,City,118,Trip Completed,42566.41,42566.45,9.00,,,,,,,,
6281,Airport,118,Trip Completed,42566.76,42566.81,18.00,,,,,,,,
6497,City,118,Trip Completed,42566.85,42566.89,20.00,,,,,,,,
13,City,119,Trip Completed,42562.05,42562.08,1.00,,,,,,,,
1907,City,119,Trip Completed,42563.44,42563.50,10.00,,,,,,,,
3074,City,119,Trip Completed,42564.34,42564.38,8.00,,,,,,,,
3441,City,119,Trip Completed,42564.69,42564.74,16.00,,,,,,,,
3651,City,119,Trip Completed,42564.80,42564.85,19.00,,,,,,,,
4093,City,119,Trip Completed,42565.13,42565.17,3.00,,,,,,,,
4339,City,119,Trip Completed,42565.30,42565.33,7.00,,,,,,,,
4753,City,119,Trip Completed,42565.64,42565.68,15.00,,,,,,,,
5933,City,119,Trip Completed,42566.43,42566.46,10.00,,,,,,,,
1184,City,120,Trip Completed,42562.88,42562.92,21.00,,,,,,,,
1402,Airport,120,Trip Completed,42563.12,42563.16,2.00,,,,,,,,
1597,City,120,Trip Completed,42563.28,42563.32,6.00,,,,,,,,
2702,City,120,Trip Completed,42564.05,42564.10,1.00,,,,,,,,
2996,City,120,Trip Completed,42564.30,42564.34,7.00,,,,,,,,
4857,Airport,120,Trip Completed,42565.73,42565.77,17.00,,,,,,,,
6661,City,120,Trip Completed,42566.93,42566.97,22.00,,,,,,,,
134,Airport,121,Trip Completed,42562.22,42562.26,5.00,,,,,,,,
598,City,121,Trip Completed,42562.48,42562.51,11.00,,,,,,,,
726,Airport,121,Trip Completed,42562.63,42562.67,15.00,,,,,,,,
832,Airport,121,Trip Completed,42562.73,42562.76,17.00,,,,,,,,
2065,City,121,Trip Completed,42563.63,42563.67,15.00,,,,,,,,
2701,Airport,121,Trip Completed,42564.04,42564.08,1.00,,,,,,,,
3429,City,121,Trip Completed,42564.67,42564.71,15.00,,,,,,,,
3645,City,121,Trip Completed,42564.80,42564.83,19.00,,,,,,,,
4958,City,121,Trip Completed,42565.78,42565.82,18.00,,,,,,,,
5474,City,121,Trip Completed,42566.20,42566.24,4.00,,,,,,,,
6088,City,121,Trip Completed,42566.60,42566.64,14.00,,,,,,,,
6714,Airport,121,Trip Completed,42566.97,42567.00,23.00,,,,,,,,
1024,Airport,122,Trip Completed,42562.81,42562.85,19.00,,,,,,,,
1452,City,122,Trip Completed,42563.20,42563.24,4.00,,,,,,,,
2507,City,122,Trip Completed,42563.88,42563.90,21.00,,,,,,,,
3052,Airport,122,Trip Completed,42564.32,42564.37,7.00,,,,,,,,
4702,Airport,122,Trip Completed,42565.55,42565.57,13.00,,,,,,,,
4830,Airport,122,Trip Completed,42565.72,42565.78,17.00,,,,,,,,
5920,Airport,122,Trip Completed,42566.42,42566.45,10.00,,,,,,,,
533,Airport,123,Trip Completed,42562.41,42562.46,9.00,,,,,,,,
1368,City,123,Trip Completed,42563.00,42563.03,0.00,,,,,,,,
2499,Airport,123,Trip Completed,42563.87,42563.92,20.00,,,,,,,,
2962,City,123,Trip Completed,42564.28,42564.33,6.00,,,,,,,,
3617,Airport,123,Trip Completed,42564.79,42564.84,18.00,,,,,,,,
5370,City,123,Trip Completed,42565.99,42566.02,23.00,,,,,,,,
47,City,124,Trip Completed,42562.14,42562.19,3.00,,,,,,,,
270,City,124,Trip Completed,42562.29,42562.33,6.00,,,,,,,,
1007,City,124,Trip Completed,42562.80,42562.82,19.00,,,,,,,,
2372,City,124,Trip Completed,42563.82,42563.84,19.00,,,,,,,,
3584,Airport,124,Trip Completed,42564.77,42564.82,18.00,,,,,,,,
4645,Airport,124,Trip Completed,42565.49,42565.54,11.00,,,,,,,,
5219,City,124,Trip Completed,42565.88,42565.92,21.00,,,,,,,,
5559,Airport,124,Trip Completed,42566.24,42566.29,5.00,,,,,,,,
631,Airport,125,Trip Completed,42562.51,42562.56,12.00,,,,,,,,
775,City,125,Trip Completed,42562.69,42562.73,16.00,,,,,,,,
1006,Airport,125,Trip Completed,42562.80,42562.82,19.00,,,,,,,,
1995,City,125,Trip Completed,42563.54,42563.58,12.00,,,,,,,,
2248,City,125,Trip Completed,42563.77,42563.79,18.00,,,,,,,,
2540,Airport,125,Trip Completed,42563.89,42563.92,21.00,,,,,,,,
3037,Airport,125,Trip Completed,42564.31,42564.35,7.00,,,,,,,,
3419,Airport,125,Trip Completed,42564.65,42564.67,15.00,,,,,,,,
3987,City,125,Trip Completed,42564.97,42565.00,23.00,,,,,,,,
4458,City,125,Trip Completed,42565.36,42565.41,8.00,,,,,,,,
4987,Airport,125,Trip Completed,42565.78,42565.83,18.00,,,,,,,,
5868,City,125,Trip Completed,42566.39,42566.44,9.00,,,,,,,,
6413,Airport,125,Trip Completed,42566.82,42566.85,19.00,,,,,,,,
6533,City,125,Trip Completed,42566.87,42566.89,20.00,,,,,,,,
90,Airport,126,Trip Completed,42562.20,42562.23,4.00,,,,,,,,
532,City,126,Trip Completed,42562.41,42562.47,9.00,,,,,,,,
1110,City,126,Trip Completed,42562.85,42562.90,20.00,,,,,,,,
1759,Airport,126,Trip Completed,42563.37,42563.41,8.00,,,,,,,,
2147,City,126,Trip Completed,42563.72,42563.77,17.00,,,,,,,,
3254,Airport,126,Trip Completed,42564.42,42564.46,10.00,,,,,,,,
3381,Airport,126,Trip Completed,42564.60,42564.64,14.00,,,,,,,,
3656,City,126,Trip Completed,42564.80,42564.86,19.00,,,,,,,,
3948,Airport,126,Trip Completed,42564.94,42564.97,22.00,,,,,,,,
4520,City,126,Trip Completed,42565.39,42565.43,9.00,,,,,,,,
4723,Airport,126,Trip Completed,42565.58,42565.61,13.00,,,,,,,,
5176,City,126,Trip Completed,42565.86,42565.90,20.00,,,,,,,,
6338,City,126,Trip Completed,42566.78,42566.83,18.00,,,,,,,,
6557,Airport,126,Trip Completed,42566.88,42566.90,21.00,,,,,,,,
504,City,127,Trip Completed,42562.40,42562.45,9.00,,,,,,,,
640,Airport,127,Trip Completed,42562.52,42562.57,12.00,,,,,,,,
1206,City,127,Trip Completed,42562.89,42562.93,21.00,,,,,,,,
1851,Airport,127,Trip Completed,42563.41,42563.46,9.00,,,,,,,,
2412,Airport,127,Trip Completed,42563.83,42563.87,19.00,,,,,,,,
3300,Airport,127,Trip Completed,42564.49,42564.53,11.00,,,,,,,,
3648,City,127,Trip Completed,42564.80,42564.83,19.00,,,,,,,,
6020,City,127,Trip Completed,42566.53,42566.56,12.00,,,,,,,,
6682,City,127,Trip Completed,42566.94,42566.96,22.00,,,,,,,,
878,City,128,Trip Completed,42562.76,42562.78,18.00,,,,,,,,
1014,Airport,128,Trip Completed,42562.80,42562.84,19.00,,,,,,,,
1628,Airport,128,Trip Completed,42563.30,42563.35,7.00,,,,,,,,
2416,City,128,Trip Completed,42563.84,42563.88,20.00,,,,,,,,
2974,Airport,128,Trip Completed,42564.28,42564.34,6.00,,,,,,,,
3273,Airport,128,Trip Completed,42564.44,42564.47,10.00,,,,,,,,
4210,City,128,Trip Completed,42565.23,42565.28,5.00,,,,,,,,
4454,City,128,Trip Completed,42565.36,42565.39,8.00,,,,,,,,
4732,Airport,128,Trip Completed,42565.59,42565.63,14.00,,,,,,,,
5024,City,128,Trip Completed,42565.80,42565.85,19.00,,,,,,,,
5799,Airport,128,Trip Completed,42566.36,42566.38,8.00,,,,,,,,
6676,Airport,128,Trip Completed,42566.93,42566.99,22.00,,,,,,,,
343,City,129,Trip Completed,42562.33,42562.37,7.00,,,,,,,,
1002,Airport,129,Trip Completed,42562.80,42562.83,19.00,,,,,,,,
1571,Airport,129,Trip Completed,42563.27,42563.32,6.00,,,,,,,,
1954,Airport,129,Trip Completed,42563.49,42563.51,11.00,,,,,,,,
3436,Airport,129,Trip Completed,42564.67,42564.71,16.00,,,,,,,,
5193,Airport,129,Trip Completed,42565.86,42565.90,20.00,,,,,,,,
5555,City,129,Trip Completed,42566.24,42566.27,5.00,,,,,,,,
5674,Airport,129,Trip Completed,42566.30,42566.32,7.00,,,,,,,,
6596,City,129,Trip Completed,42566.90,42566.93,21.00,,,,,,,,
123,City,130,Trip Completed,42562.22,42562.26,5.00,,,,,,,,
479,Airport,130,Trip Completed,42562.39,42562.45,9.00,,,,,,,,
657,City,130,Trip Completed,42562.54,42562.57,12.00,,,,,,,,
975,Airport,130,Trip Completed,42562.79,42562.84,18.00,,,,,,,,
1307,Airport,130,Trip Completed,42562.95,42562.96,22.00,,,,,,,,
1672,City,130,Trip Completed,42563.32,42563.34,7.00,,,,,,,,
1942,Airport,130,Trip Completed,42563.48,42563.52,11.00,,,,,,,,
3382,City,130,Trip Completed,42564.60,42564.64,14.00,,,,,,,,
4284,Airport,130,Trip Completed,42565.27,42565.30,6.00,,,,,,,,
6734,Airport,130,Trip Completed,42566.98,42567.02,23.00,,,,,,,,
281,City,131,Trip Completed,42562.29,42562.34,7.00,,,,,,,,
1902,City,131,Trip Completed,42563.44,42563.49,10.00,,,,,,,,
2691,Airport,131,Trip Completed,42564.03,42564.07,0.00,,,,,,,,
4430,City,131,Trip Completed,42565.35,42565.37,8.00,,,,,,,,
4779,City,131,Trip Completed,42565.69,42565.71,16.00,,,,,,,,
5097,City,131,Trip Completed,42565.83,42565.87,19.00,,,,,,,,
405,City,132,Trip Completed,42562.35,42562.40,8.00,,,,,,,,
585,City,132,Trip Completed,42562.47,42562.50,11.00,,,,,,,,
729,Airport,132,Trip Completed,42562.63,42562.66,15.00,,,,,,,,
1046,Airport,132,Trip Completed,42562.81,42562.84,19.00,,,,,,,,
1663,Airport,132,Trip Completed,42563.31,42563.35,7.00,,,,,,,,
4027,City,132,Trip Completed,42564.01,42564.06,0.00,,,,,,,,
2876,City,132,Trip Completed,42564.24,42564.27,5.00,,,,,,,,
3767,Airport,132,Trip Completed,42564.86,42564.88,20.00,,,,,,,,
5948,City,132,Trip Completed,42566.44,42566.48,10.00,,,,,,,,
6027,Airport,132,Trip Completed,42566.53,42566.57,12.00,,,,,,,,
701,City,133,Trip Completed,42562.58,42562.63,14.00,,,,,,,,
1529,City,133,Trip Completed,42563.25,42563.28,5.00,,,,,,,,
2060,Airport,133,Trip Completed,42563.63,42563.65,15.00,,,,,,,,
2262,City,133,Trip Completed,42563.77,42563.79,18.00,,,,,,,,
4425,City,133,Trip Completed,42565.35,42565.37,8.00,,,,,,,,
4710,City,133,Trip Completed,42565.56,42565.58,13.00,,,,,,,,
5732,Airport,133,Trip Completed,42566.32,42566.35,7.00,,,,,,,,
142,City,134,Trip Completed,42562.23,42562.26,5.00,,,,,,,,
430,City,134,Trip Completed,42562.37,42562.41,8.00,,,,,,,,
612,Airport,134,Trip Completed,42562.49,42562.53,11.00,,,,,,,,
927,Airport,134,Trip Completed,42562.77,42562.79,18.00,,,,,,,,
1010,City,134,Trip Completed,42562.80,42562.84,19.00,,,,,,,,
1845,Airport,134,Trip Completed,42563.40,42563.45,9.00,,,,,,,,
2234,Airport,134,Trip Completed,42563.76,42563.79,18.00,,,,,,,,
2633,Airport,134,Trip Completed,42563.93,42563.96,22.00,,,,,,,,
4012,Airport,134,Trip Completed,42565.00,42565.03,23.00,,,,,,,,
5039,City,134,Trip Completed,42565.81,42565.83,19.00,,,,,,,,
6760,Airport,134,Trip Completed,42566.00,42566.03,0.00,,,,,,,,
5681,City,134,Trip Completed,42566.30,42566.33,7.00,,,,,,,,
6253,Airport,134,Trip Completed,42566.75,42566.79,18.00,,,,,,,,
6558,Airport,134,Trip Completed,42566.88,42566.92,21.00,,,,,,,,
565,City,135,Trip Completed,42562.43,42562.48,10.00,,,,,,,,
599,Airport,135,Trip Completed,42562.48,42562.53,11.00,,,,,,,,
1772,Airport,135,Trip Completed,42563.37,42563.40,8.00,,,,,,,,
3357,Airport,135,Trip Completed,42564.56,42564.59,13.00,,,,,,,,
4408,City,135,Trip Completed,42565.34,42565.36,8.00,,,,,,,,
1363,Airport,136,Trip Completed,42562.00,42562.05,0.00,,,,,,,,
625,Airport,136,Trip Completed,42562.50,42562.55,12.00,,,,,,,,
1636,Airport,136,Trip Completed,42563.30,42563.32,7.00,,,,,,,,
2253,Airport,136,Trip Completed,42563.77,42563.81,18.00,,,,,,,,
3471,Airport,136,Trip Completed,42564.72,42564.77,17.00,,,,,,,,
4402,City,136,Trip Completed,42565.34,42565.38,8.00,,,,,,,,
458,Airport,137,Trip Completed,42562.38,42562.43,9.00,,,,,,,,
681,City,137,Trip Completed,42562.56,42562.60,13.00,,,,,,,,
1084,Airport,137,Trip Completed,42562.83,42562.86,19.00,,,,,,,,
1896,Airport,137,Trip Completed,42563.43,42563.48,10.00,,,,,,,,
3132,Airport,137,Trip Completed,42564.36,42564.41,8.00,,,,,,,,
3940,City,137,Trip Completed,42564.93,42564.96,22.00,,,,,,,,
4943,Airport,137,Trip Completed,42565.77,42565.81,18.00,,,,,,,,
5537,Airport,137,Trip Completed,42566.23,42566.25,5.00,,,,,,,,
6310,City,137,Trip Completed,42566.77,42566.79,18.00,,,,,,,,
6587,Airport,137,Trip Completed,42566.89,42566.92,21.00,,,,,,,,
6756,City,137,Trip Completed,42567.00,42567.04,23.00,,,,,,,,
97,City,138,Trip Completed,42562.21,42562.24,5.00,,,,,,,,
1266,Airport,138,Trip Completed,42562.92,42562.95,22.00,,,,,,,,
2118,Airport,138,Trip Completed,42563.70,42563.74,16.00,,,,,,,,
2906,Airport,138,Trip Completed,42564.26,42564.30,6.00,,,,,,,,
3432,Airport,138,Trip Completed,42564.67,42564.71,16.00,,,,,,,,
5921,City,138,Trip Completed,42566.42,42566.45,10.00,,,,,,,,
6192,Airport,138,Trip Completed,42566.72,42566.76,17.00,,,,,,,,
6705,Airport,138,Trip Completed,42566.96,42567.01,22.00,,,,,,,,
242,Airport,139,Trip Completed,42562.27,42562.31,6.00,,,,,,,,
1359,City,139,Trip Completed,42562.99,42563.03,23.00,,,,,,,,
1865,Airport,139,Trip Completed,42563.41,42563.46,9.00,,,,,,,,
2024,Airport,139,Trip Completed,42563.58,42563.61,13.00,,,,,,,,
2768,Airport,139,Trip Completed,42564.18,42564.20,4.00,,,,,,,,
3067,City,139,Trip Completed,42564.33,42564.38,7.00,,,,,,,,
3316,Airport,139,Trip Completed,42564.50,42564.54,12.00,,,,,,,,
4084,Airport,139,Trip Completed,42565.11,42565.16,2.00,,,,,,,,
4858,City,139,Trip Completed,42565.73,42565.76,17.00,,,,,,,,
5566,Airport,139,Trip Completed,42566.24,42566.29,5.00,,,,,,,,
6384,Airport,139,Trip Completed,42566.81,42566.85,19.00,,,,,,,,
2001,Airport,140,Trip Completed,42563.54,42563.58,13.00,,,,,,,,
3483,City,140,Trip Completed,42564.72,42564.78,17.00,,,,,,,,
3990,Airport,140,Trip Completed,42564.97,42564.99,23.00,,,,,,,,
4531,City,140,Trip Completed,42565.40,42565.44,9.00,,,,,,,,
5518,City,140,Trip Completed,42566.22,42566.26,5.00,,,,,,,,
5869,City,140,Trip Completed,42566.39,42566.42,9.00,,,,,,,,
60,City,141,Trip Completed,42562.16,42562.20,3.00,,,,,,,,
282,City,141,Trip Completed,42562.29,42562.34,6.00,,,,,,,,
1614,Airport,141,Trip Completed,42563.29,42563.31,6.00,,,,,,,,
2331,Airport,141,Trip Completed,42563.80,42563.85,19.00,,,,,,,,
2825,Airport,141,Trip Completed,42564.22,42564.24,5.00,,,,,,,,
3411,Airport,141,Trip Completed,42564.64,42564.69,15.00,,,,,,,,
4143,Airport,141,Trip Completed,42565.20,42565.24,4.00,,,,,,,,
4637,City,141,Trip Completed,42565.48,42565.51,11.00,,,,,,,,
4729,Airport,141,Trip Completed,42565.59,42565.63,14.00,,,,,,,,
5318,Airport,141,Trip Completed,42565.92,42565.96,22.00,,,,,,,,
6619,City,141,Trip Completed,42566.91,42566.95,21.00,,,,,,,,
444,Airport,142,Trip Completed,42562.38,42562.41,9.00,,,,,,,,
1260,Airport,142,Trip Completed,42562.92,42562.97,21.00,,,,,,,,
1976,Airport,142,Trip Completed,42563.51,42563.56,12.00,,,,,,,,
2096,Airport,142,Trip Completed,42563.67,42563.71,16.00,,,,,,,,
2732,City,142,Trip Completed,42564.11,42564.15,2.00,,,,,,,,
5383,City,142,Trip Completed,42565.00,42565.02,0.00,,,,,,,,
4156,City,142,Trip Completed,42565.21,42565.25,5.00,,,,,,,,
4761,City,142,Trip Completed,42565.65,42565.66,15.00,,,,,,,,
6446,Airport,142,Trip Completed,42566.83,42566.87,20.00,,,,,,,,
6610,City,142,Trip Completed,42566.91,42566.96,21.00,,,,,,,,
638,City,143,Trip Completed,42562.52,42562.55,12.00,,,,,,,,
1644,Airport,143,Trip Completed,42563.30,42563.33,7.00,,,,,,,,
2040,Airport,143,Trip Completed,42563.60,42563.62,14.00,,,,,,,,
2794,City,143,Trip Completed,42564.21,42564.25,4.00,,,,,,,,
3172,Airport,143,Trip Completed,42564.38,42564.43,9.00,,,,,,,,
6559,Airport,143,Trip Completed,42566.88,42566.92,21.00,,,,,,,,
243,City,144,Trip Completed,42562.27,42562.30,6.00,,,,,,,,
296,Airport,144,Trip Completed,42562.30,42562.33,7.00,,,,,,,,
677,City,144,Trip Completed,42562.56,42562.58,13.00,,,,,,,,
1360,City,144,Trip Completed,42563.00,42563.05,23.00,,,,,,,,
1916,Airport,144,Trip Completed,42563.45,42563.47,10.00,,,,,,,,
2397,City,144,Trip Completed,42563.82,42563.85,19.00,,,,,,,,
3624,Airport,144,Trip Completed,42564.79,42564.83,18.00,,,,,,,,
4799,City,144,Trip Completed,42565.71,42565.74,16.00,,,,,,,,
5241,City,144,Trip Completed,42565.88,42565.90,21.00,,,,,,,,
6380,Airport,144,Trip Completed,42566.81,42566.85,19.00,,,,,,,,
998,Airport,145,Trip Completed,42562.79,42562.83,19.00,,,,,,,,
1281,Airport,145,Trip Completed,42562.93,42562.95,22.00,,,,,,,,
2045,Airport,145,Trip Completed,42563.61,42563.63,14.00,,,,,,,,
2424,City,145,Trip Completed,42563.84,42563.88,20.00,,,,,,,,
3162,Airport,145,Trip Completed,42564.38,42564.40,9.00,,,,,,,,
3222,City,145,Trip Completed,42564.41,42564.45,9.00,,,,,,,,
4098,City,145,Trip Completed,42565.13,42565.17,3.00,,,,,,,,
4905,Airport,145,Trip Completed,42565.75,42565.78,18.00,,,,,,,,
5622,Airport,145,Trip Completed,42566.27,42566.32,6.00,,,,,,,,
318,City,146,Trip Completed,42562.31,42562.36,7.00,,,,,,,,
557,City,146,Trip Completed,42562.43,42562.47,10.00,,,,,,,,
2034,Airport,146,Trip Completed,42563.59,42563.64,14.00,,,,,,,,
2392,City,146,Trip Completed,42563.83,42563.88,19.00,,,,,,,,
4542,Airport,146,Trip Completed,42565.40,42565.42,9.00,,,,,,,,
5500,City,146,Trip Completed,42566.21,42566.25,5.00,,,,,,,,
6382,Airport,146,Trip Completed,42566.80,42566.85,19.00,,,,,,,,
6575,City,146,Trip Completed,42566.89,42566.92,21.00,,,,,,,,
1827,Airport,147,Trip Completed,42563.40,42563.43,9.00,,,,,,,,
2095,City,147,Trip Completed,42563.66,42563.70,15.00,,,,,,,,
3092,Airport,147,Trip Completed,42564.34,42564.37,8.00,,,,,,,,
4813,City,147,Trip Completed,42565.72,42565.76,17.00,,,,,,,,
5164,City,147,Trip Completed,42565.85,42565.87,20.00,,,,,,,,
6702,City,147,Trip Completed,42566.95,42566.98,22.00,,,,,,,,
429,City,148,Trip Completed,42562.37,42562.41,8.00,,,,,,,,
2681,Airport,148,Trip Completed,42563.01,42563.05,0.00,,,,,,,,
3160,City,148,Trip Completed,42564.38,42564.40,9.00,,,,,,,,
3400,City,148,Trip Completed,42564.63,42564.67,15.00,,,,,,,,
3889,Airport,148,Trip Completed,42564.91,42564.94,21.00,,,,,,,,
4151,City,148,Trip Completed,42565.21,42565.26,4.00,,,,,,,,
4738,Airport,148,Trip Completed,42565.61,42565.67,14.00,,,,,,,,
4963,Airport,148,Trip Completed,42565.77,42565.83,18.00,,,,,,,,
311,Airport,149,Trip Completed,42562.31,42562.34,7.00,,,,,,,,
928,City,149,Trip Completed,42562.77,42562.80,18.00,,,,,,,,
1468,City,149,Trip Completed,42563.21,42563.25,5.00,,,,,,,,
2677,City,149,Trip Completed,42564.00,42564.02,23.00,,,,,,,,
2916,City,149,Trip Completed,42564.26,42564.31,6.00,,,,,,,,
4663,City,149,Trip Completed,42565.51,42565.54,12.00,,,,,,,,
6741,City,149,Trip Completed,42566.99,42567.01,23.00,,,,,,,,
48,City,150,Trip Completed,42562.13,42562.18,3.00,,,,,,,,
838,City,150,Trip Completed,42562.74,42562.78,17.00,,,,,,,,
1657,Airport,150,Trip Completed,42563.31,42563.34,7.00,,,,,,,,
2032,Airport,150,Trip Completed,42563.59,42563.64,14.00,,,,,,,,
3507,City,150,Trip Completed,42564.73,42564.77,17.00,,,,,,,,
3780,City,150,Trip Completed,42564.87,42564.89,20.00,,,,,,,,
6180,City,150,Trip Completed,42566.71,42566.74,17.00,,,,,,,,
6615,City,150,Trip Completed,42566.91,42566.93,21.00,,,,,,,,
797,City,151,Trip Completed,42562.72,42562.76,17.00,,,,,,,,
1564,City,151,Trip Completed,42563.26,42563.30,6.00,,,,,,,,
2075,City,151,Trip Completed,42563.65,42563.70,15.00,,,,,,,,
2822,City,151,Trip Completed,42564.22,42564.24,5.00,,,,,,,,
3387,City,151,Trip Completed,42564.61,42564.64,14.00,,,,,,,,
4315,City,151,Trip Completed,42565.28,42565.31,6.00,,,,,,,,
5549,Airport,151,Trip Completed,42566.23,42566.26,5.00,,,,,,,,
6284,City,151,Trip Completed,42566.76,42566.80,18.00,,,,,,,,
6403,Airport,151,Trip Completed,42566.81,42566.84,19.00,,,,,,,,
6684,Airport,151,Trip Completed,42566.94,42566.98,22.00,,,,,,,,
451,City,152,Trip Completed,42562.38,42562.42,9.00,,,,,,,,
588,City,152,Trip Completed,42562.47,42562.50,11.00,,,,,,,,
671,Airport,152,Trip Completed,42562.55,42562.59,13.00,,,,,,,,
1369,Airport,152,Trip Completed,42563.01,42563.04,0.00,,,,,,,,
1688,City,152,Trip Completed,42563.33,42563.35,7.00,,,,,,,,
2861,City,152,Trip Completed,42564.24,42564.28,5.00,,,,,,,,
3354,City,152,Trip Completed,42564.56,42564.61,13.00,,,,,,,,
5141,Airport,152,Trip Completed,42565.84,42565.88,20.00,,,,,,,,
5460,Airport,152,Trip Completed,42566.17,42566.20,4.00,,,,,,,,
5904,City,152,Trip Completed,42566.42,42566.44,10.00,,,,,,,,
5973,Airport,152,Trip Completed,42566.47,42566.51,11.00,,,,,,,,
704,Airport,153,Trip Completed,42562.59,42562.63,14.00,,,,,,,,
785,City,153,Trip Completed,42562.70,42562.73,16.00,,,,,,,,
2631,Airport,153,Trip Completed,42563.93,42563.96,22.00,,,,,,,,
2911,Airport,153,Trip Completed,42564.26,42564.29,6.00,,,,,,,,
3360,Airport,153,Trip Completed,42564.57,42564.60,13.00,,,,,,,,
3667,Airport,153,Trip Completed,42564.81,42564.84,19.00,,,,,,,,
4624,Airport,153,Trip Completed,42565.46,42565.50,11.00,,,,,,,,
604,City,154,Trip Completed,42562.49,42562.53,11.00,,,,,,,,
1464,Airport,154,Trip Completed,42563.21,42563.25,5.00,,,,,,,,
1810,City,154,Trip Completed,42563.39,42563.41,9.00,,,,,,,,
2009,City,154,Trip Completed,42563.56,42563.61,13.00,,,,,,,,
2166,City,154,Trip Completed,42563.73,42563.77,17.00,,,,,,,,
5379,City,154,Trip Completed,42565.99,42566.04,23.00,,,,,,,,
1367,City,155,Trip Completed,42562.00,42562.05,0.00,,,,,,,,
447,City,155,Trip Completed,42562.38,42562.41,9.00,,,,,,,,
1682,City,155,Trip Completed,42563.32,42563.36,7.00,,,,,,,,
2043,Airport,155,Trip Completed,42563.60,42563.64,14.00,,,,,,,,
2796,Airport,155,Trip Completed,42564.20,42564.23,4.00,,,,,,,,
3945,City,155,Trip Completed,42564.94,42564.97,22.00,,,,,,,,
4196,City,155,Trip Completed,42565.23,42565.28,5.00,,,,,,,,
5174,City,155,Trip Completed,42565.85,42565.89,20.00,,,,,,,,
5480,City,155,Trip Completed,42566.20,42566.25,4.00,,,,,,,,
5883,Airport,155,Trip Completed,42566.40,42566.45,9.00,,,,,,,,
6013,Airport,155,Trip Completed,42566.52,42566.54,12.00,,,,,,,,
438,City,156,Trip Completed,42562.38,42562.43,9.00,,,,,,,,
636,City,156,Trip Completed,42562.52,42562.55,12.00,,,,,,,,
1938,Airport,156,Trip Completed,42563.47,42563.50,11.00,,,,,,,,
2129,Airport,156,Trip Completed,42563.71,42563.76,17.00,,,,,,,,
3337,Airport,156,Trip Completed,42564.53,42564.58,12.00,,,,,,,,
3472,City,156,Trip Completed,42564.72,42564.75,17.00,,,,,,,,
3991,City,156,Trip Completed,42564.98,42565.00,23.00,,,,,,,,
4221,Airport,156,Trip Completed,42565.24,42565.27,5.00,,,,,,,,
5719,Airport,156,Trip Completed,42566.32,42566.35,7.00,,,,,,,,
143,Airport,157,Trip Completed,42562.23,42562.25,5.00,,,,,,,,
784,City,157,Trip Completed,42562.70,42562.72,16.00,,,,,,,,
1020,Airport,157,Trip Completed,42562.80,42562.84,19.00,,,,,,,,
2934,City,157,Trip Completed,42564.27,42564.30,6.00,,,,,,,,
4073,City,157,Trip Completed,42565.09,42565.12,2.00,,,,,,,,
4751,City,157,Trip Completed,42565.64,42565.68,15.00,,,,,,,,
5275,City,157,Trip Completed,42565.90,42565.93,21.00,,,,,,,,
1262,Airport,158,Trip Completed,42562.92,42562.96,22.00,,,,,,,,
1600,City,158,Trip Completed,42563.28,42563.30,6.00,,,,,,,,
2016,City,158,Trip Completed,42563.57,42563.61,13.00,,,,,,,,
2370,Airport,158,Trip Completed,42563.82,42563.84,19.00,,,,,,,,
3192,Airport,158,Trip Completed,42564.40,42564.45,9.00,,,,,,,,
3367,Airport,158,Trip Completed,42564.58,42564.60,13.00,,,,,,,,
3952,City,158,Trip Completed,42564.95,42564.99,22.00,,,,,,,,
4517,Airport,158,Trip Completed,42565.39,42565.42,9.00,,,,,,,,
4944,City,158,Trip Completed,42565.77,42565.80,18.00,,,,,,,,
6037,Airport,158,Trip Completed,42566.54,42566.58,13.00,,,,,,,,
6385,Airport,158,Trip Completed,42566.81,42566.85,19.00,,,,,,,,
398,City,159,Trip Completed,42562.35,42562.40,8.00,,,,,,,,
2163,Airport,159,Trip Completed,42563.73,42563.75,17.00,,,,,,,,
3985,Airport,159,Trip Completed,42564.97,42565.02,23.00,,,,,,,,
4780,City,159,Trip Completed,42565.69,42565.71,16.00,,,,,,,,
5453,City,159,Trip Completed,42566.15,42566.19,3.00,,,,,,,,
5807,City,159,Trip Completed,42566.36,42566.38,8.00,,,,,,,,
6074,Airport,159,Trip Completed,42566.59,42566.62,14.00,,,,,,,,
6651,City,159,Trip Completed,42566.92,42566.95,22.00,,,,,,,,
223,Airport,160,Trip Completed,42562.26,42562.30,6.00,,,,,,,,
680,City,160,Trip Completed,42562.56,42562.61,13.00,,,,,,,,
887,Airport,160,Trip Completed,42562.76,42562.78,18.00,,,,,,,,
1689,Airport,160,Trip Completed,42563.33,42563.36,7.00,,,,,,,,
1939,City,160,Trip Completed,42563.47,42563.50,11.00,,,,,,,,
2182,City,160,Trip Completed,42563.74,42563.77,17.00,,,,,,,,
3223,Airport,160,Trip Completed,42564.41,42564.44,9.00,,,,,,,,
3819,Airport,160,Trip Completed,42564.88,42564.91,21.00,,,,,,,,
4823,Airport,160,Trip Completed,42565.72,42565.78,17.00,,,,,,,,
5431,Airport,160,Trip Completed,42566.11,42566.14,2.00,,,,,,,,
6353,Airport,160,Trip Completed,42566.79,42566.81,18.00,,,,,,,,
163,City,161,Trip Completed,42562.23,42562.28,5.00,,,,,,,,
706,Airport,161,Trip Completed,42562.59,42562.64,14.00,,,,,,,,
1214,Airport,161,Trip Completed,42562.90,42562.91,21.00,,,,,,,,
1399,City,161,Trip Completed,42563.11,42563.15,2.00,,,,,,,,
1574,Airport,161,Trip Completed,42563.27,42563.30,6.00,,,,,,,,
1870,City,161,Trip Completed,42563.42,42563.45,10.00,,,,,,,,
2267,Airport,161,Trip Completed,42563.77,42563.82,18.00,,,,,,,,
2658,Airport,161,Trip Completed,42563.97,42564.00,23.00,,,,,,,,
3048,Airport,161,Trip Completed,42564.32,42564.34,7.00,,,,,,,,
3301,Airport,161,Trip Completed,42564.49,42564.52,11.00,,,,,,,,
3477,City,161,Trip Completed,42564.72,42564.76,17.00,,,,,,,,
4371,City,161,Trip Completed,42565.32,42565.35,7.00,,,,,,,,
445,City,162,Trip Completed,42562.38,42562.42,9.00,,,,,,,,
1100,Airport,162,Trip Completed,42562.84,42562.87,20.00,,,,,,,,
1961,City,162,Trip Completed,42563.50,42563.52,11.00,,,,,,,,
3215,Airport,162,Trip Completed,42564.41,42564.46,9.00,,,,,,,,
3997,Airport,162,Trip Completed,42564.98,42565.02,23.00,,,,,,,,
4385,City,162,Trip Completed,42565.33,42565.35,7.00,,,,,,,,
4736,City,162,Trip Completed,42565.61,42565.66,14.00,,,,,,,,
5291,Airport,162,Trip Completed,42565.91,42565.95,21.00,,,,,,,,
5350,City,162,Trip Completed,42565.95,42565.99,22.00,,,,,,,,
5768,City,162,Trip Completed,42566.35,42566.40,8.00,,,,,,,,
675,City,163,Trip Completed,42562.56,42562.58,13.00,,,,,,,,
1996,Airport,163,Trip Completed,42563.54,42563.59,12.00,,,,,,,,
2510,City,163,Trip Completed,42563.88,42563.91,21.00,,,,,,,,
3969,Airport,163,Trip Completed,42564.96,42565.00,22.00,,,,,,,,
4397,City,163,Trip Completed,42565.33,42565.37,7.00,,,,,,,,
5326,City,163,Trip Completed,42565.92,42565.97,22.00,,,,,,,,
5987,City,163,Trip Completed,42566.49,42566.53,11.00,,,,,,,,
6152,Airport,163,Trip Completed,42566.68,42566.72,16.00,,,,,,,,
6317,City,163,Trip Completed,42566.77,42566.80,18.00,,,,,,,,
602,City,164,Trip Completed,42562.48,42562.54,11.00,,,,,,,,
981,City,164,Trip Completed,42562.79,42562.82,19.00,,,,,,,,
1317,Airport,164,Trip Completed,42562.96,42562.99,22.00,,,,,,,,
2112,Airport,164,Trip Completed,42563.69,42563.71,16.00,,,,,,,,
2365,City,164,Trip Completed,42563.82,42563.84,19.00,,,,,,,,
2849,City,164,Trip Completed,42564.23,42564.27,5.00,,,,,,,,
4573,City,164,Trip Completed,42565.41,42565.45,9.00,,,,,,,,
5095,City,164,Trip Completed,42565.83,42565.87,19.00,,,,,,,,
741,Airport,165,Trip Completed,42562.65,42562.69,15.00,,,,,,,,
1873,City,165,Trip Completed,42563.42,42563.45,9.00,,,,,,,,
2134,Airport,165,Trip Completed,42563.72,42563.74,17.00,,,,,,,,
3461,Airport,165,Trip Completed,42564.71,42564.76,17.00,,,,,,,,
3711,Airport,165,Trip Completed,42564.82,42564.87,19.00,,,,,,,,
5001,Airport,165,Trip Completed,42565.79,42565.82,18.00,,,,,,,,
248,City,166,Trip Completed,42562.28,42562.32,6.00,,,,,,,,
1321,Airport,166,Trip Completed,42562.96,42563.00,23.00,,,,,,,,
1997,City,166,Trip Completed,42563.54,42563.58,13.00,,,,,,,,
2544,City,166,Trip Completed,42563.89,42563.91,21.00,,,,,,,,
3863,City,166,Trip Completed,42564.91,42564.95,21.00,,,,,,,,
4336,City,166,Trip Completed,42565.30,42565.36,7.00,,,,,,,,
4754,City,166,Trip Completed,42565.64,42565.68,15.00,,,,,,,,
6620,City,166,Trip Completed,42566.91,42566.94,21.00,,,,,,,,
500,Airport,167,Trip Completed,42562.40,42562.43,9.00,,,,,,,,
1518,City,167,Trip Completed,42563.24,42563.28,5.00,,,,,,,,
3082,City,167,Trip Completed,42564.34,42564.37,8.00,,,,,,,,
3478,Airport,167,Trip Completed,42564.72,42564.75,17.00,,,,,,,,
4539,City,167,Trip Completed,42565.40,42565.45,9.00,,,,,,,,
4791,City,167,Trip Completed,42565.70,42565.73,16.00,,,,,,,,
5263,City,167,Trip Completed,42565.90,42565.92,21.00,,,,,,,,
1679,City,168,Trip Completed,42563.32,42563.35,7.00,,,,,,,,
2276,Airport,168,Trip Completed,42563.78,42563.82,18.00,,,,,,,,
2747,Airport,168,Trip Completed,42564.14,42564.16,3.00,,,,,,,,
3370,City,168,Trip Completed,42564.58,42564.62,13.00,,,,,,,,
3741,Airport,168,Trip Completed,42564.84,42564.89,20.00,,,,,,,,
4266,Airport,168,Trip Completed,42565.26,42565.29,6.00,,,,,,,,
5596,City,168,Trip Completed,42566.26,42566.29,6.00,,,,,,,,
5961,Airport,168,Trip Completed,42566.46,42566.50,10.00,,,,,,,,
6418,City,168,Trip Completed,42566.82,42566.85,19.00,,,,,,,,
759,City,169,Trip Completed,42562.68,42562.70,16.00,,,,,,,,
2524,Airport,169,Trip Completed,42563.88,42563.91,21.00,,,,,,,,
2769,Airport,169,Trip Completed,42564.18,42564.21,4.00,,,,,,,,
5071,Airport,169,Trip Completed,42565.81,42565.85,19.00,,,,,,,,
5287,City,169,Trip Completed,42565.91,42565.94,21.00,,,,,,,,
33,Airport,170,Trip Completed,42562.10,42562.15,2.00,,,,,,,,
2692,City,170,Trip Completed,42564.03,42564.07,0.00,,,,,,,,
2835,City,170,Trip Completed,42564.22,42564.27,5.00,,,,,,,,
3122,Airport,170,Trip Completed,42564.36,42564.38,8.00,,,,,,,,
3465,City,170,Trip Completed,42564.72,42564.75,17.00,,,,,,,,
3857,City,170,Trip Completed,42564.90,42564.95,21.00,,,,,,,,
4343,Airport,170,Trip Completed,42565.30,42565.34,7.00,,,,,,,,
4417,City,170,Trip Completed,42565.34,42565.38,8.00,,,,,,,,
5756,City,170,Trip Completed,42566.34,42566.37,8.00,,,,,,,,
5907,Airport,170,Trip Completed,42566.41,42566.46,9.00,,,,,,,,
699,Airport,171,Trip Completed,42562.58,42562.63,14.00,,,,,,,,
821,City,171,Trip Completed,42562.73,42562.75,17.00,,,,,,,,
2085,City,171,Trip Completed,42563.65,42563.69,15.00,,,,,,,,
2346,Airport,171,Trip Completed,42563.80,42563.84,19.00,,,,,,,,
2704,City,171,Trip Completed,42564.05,42564.08,1.00,,,,,,,,
2901,Airport,171,Trip Completed,42564.25,42564.30,6.00,,,,,,,,
3475,City,171,Trip Completed,42564.72,42564.75,17.00,,,,,,,,
3743,Airport,171,Trip Completed,42564.85,42564.88,20.00,,,,,,,,
5209,Airport,171,Trip Completed,42565.87,42565.92,20.00,,,,,,,,
6674,Airport,171,Trip Completed,42566.93,42566.96,22.00,,,,,,,,
714,City,172,Trip Completed,42562.60,42562.65,14.00,,,,,,,,
792,Airport,172,Trip Completed,42562.71,42562.74,17.00,,,,,,,,
1341,Airport,172,Trip Completed,42562.98,42563.00,23.00,,,,,,,,
1745,City,172,Trip Completed,42563.35,42563.38,8.00,,,,,,,,
1971,City,172,Trip Completed,42563.51,42563.56,12.00,,,,,,,,
2632,City,172,Trip Completed,42563.93,42563.97,22.00,,,,,,,,
2935,City,172,Trip Completed,42564.27,42564.29,6.00,,,,,,,,
3142,Airport,172,Trip Completed,42564.37,42564.42,8.00,,,,,,,,
4516,City,172,Trip Completed,42565.38,42565.41,9.00,,,,,,,,
4605,Airport,172,Trip Completed,42565.43,42565.48,10.00,,,,,,,,
5936,Airport,172,Trip Completed,42566.43,42566.46,10.00,,,,,,,,
6621,City,172,Trip Completed,42566.91,42566.94,21.00,,,,,,,,
752,Airport,173,Trip Completed,42562.67,42562.71,16.00,,,,,,,,
1336,City,173,Trip Completed,42562.97,42562.99,23.00,,,,,,,,
1836,Airport,173,Trip Completed,42563.40,42563.43,9.00,,,,,,,,
2447,Airport,173,Trip Completed,42563.85,42563.90,20.00,,,,,,,,
3517,Airport,173,Trip Completed,42564.74,42564.77,17.00,,,,,,,,
3831,Airport,173,Trip Completed,42564.89,42564.93,21.00,,,,,,,,
4136,City,173,Trip Completed,42565.20,42565.22,4.00,,,,,,,,
4700,Airport,173,Trip Completed,42565.55,42565.58,13.00,,,,,,,,
5484,City,173,Trip Completed,42566.20,42566.24,4.00,,,,,,,,
5900,City,173,Trip Completed,42566.41,42566.45,9.00,,,,,,,,
6634,Airport,173,Trip Completed,42566.92,42566.95,22.00,,,,,,,,
426,City,174,Trip Completed,42562.37,42562.41,8.00,,,,,,,,
1320,City,174,Trip Completed,42562.95,42563.00,22.00,,,,,,,,
1588,City,174,Trip Completed,42563.27,42563.30,6.00,,,,,,,,
2375,Airport,174,Trip Completed,42563.82,42563.86,19.00,,,,,,,,
4411,Airport,174,Trip Completed,42565.34,42565.37,8.00,,,,,,,,
4769,Airport,174,Trip Completed,42565.65,42565.70,15.00,,,,,,,,
5149,City,174,Trip Completed,42565.85,42565.89,20.00,,,,,,,,
5659,City,174,Trip Completed,42566.29,42566.34,7.00,,,,,,,,
545,City,175,Trip Completed,42562.42,42562.45,10.00,,,,,,,,
778,City,175,Trip Completed,42562.69,42562.72,16.00,,,,,,,,
1289,City,175,Trip Completed,42562.93,42562.95,22.00,,,,,,,,
1654,Airport,175,Trip Completed,42563.31,42563.34,7.00,,,,,,,,
1945,Airport,175,Trip Completed,42563.48,42563.53,11.00,,,,,,,,
2460,City,175,Trip Completed,42563.85,42563.90,20.00,,,,,,,,
2877,Airport,175,Trip Completed,42564.24,42564.29,5.00,,,,,,,,
3264,City,175,Trip Completed,42564.43,42564.48,10.00,,,,,,,,
3927,City,175,Trip Completed,42564.93,42564.97,22.00,,,,,,,,
5774,City,175,Trip Completed,42566.35,42566.39,8.00,,,,,,,,
923,City,176,Trip Completed,42562.77,42562.82,18.00,,,,,,,,
1439,City,176,Trip Completed,42563.20,42563.22,4.00,,,,,,,,
2130,City,176,Trip Completed,42563.71,42563.74,17.00,,,,,,,,
2797,City,176,Trip Completed,42564.20,42564.25,4.00,,,,,,,,
3135,Airport,176,Trip Completed,42564.37,42564.39,8.00,,,,,,,,
3525,Airport,176,Trip Completed,42564.74,42564.79,17.00,,,,,,,,
3925,Airport,176,Trip Completed,42564.94,42564.98,22.00,,,,,,,,
4087,City,176,Trip Completed,42565.12,42565.16,2.00,,,,,,,,
4706,City,176,Trip Completed,42565.55,42565.58,13.00,,,,,,,,
5448,Airport,176,Trip Completed,42566.14,42566.19,3.00,,,,,,,,
5645,City,176,Trip Completed,42566.29,42566.32,6.00,,,,,,,,
5862,City,176,Trip Completed,42566.39,42566.41,9.00,,,,,,,,
6079,Airport,176,Trip Completed,42566.60,42566.63,14.00,,,,,,,,
6648,Airport,176,Trip Completed,42566.92,42566.97,22.00,,,,,,,,
863,City,177,Trip Completed,42562.75,42562.78,17.00,,,,,,,,
1324,City,177,Trip Completed,42562.96,42563.00,22.00,,,,,,,,
1666,City,177,Trip Completed,42563.32,42563.37,7.00,,,,,,,,
1797,Airport,177,Trip Completed,42563.39,42563.40,9.00,,,,,,,,
2279,Airport,177,Trip Completed,42563.78,42563.81,18.00,,,,,,,,
2997,City,177,Trip Completed,42564.30,42564.33,7.00,,,,,,,,
3343,Airport,177,Trip Completed,42564.54,42564.57,12.00,,,,,,,,
3625,Airport,177,Trip Completed,42564.79,42564.83,18.00,,,,,,,,
4310,City,177,Trip Completed,42565.28,42565.32,6.00,,,,,,,,
4750,Airport,177,Trip Completed,42565.63,42565.68,15.00,,,,,,,,
5185,Airport,177,Trip Completed,42565.86,42565.91,20.00,,,,,,,,
5978,Airport,177,Trip Completed,42566.48,42566.51,11.00,,,,,,,,
6073,City,177,Trip Completed,42566.59,42566.62,14.00,,,,,,,,
455,City,178,Trip Completed,42562.39,42562.43,9.00,,,,,,,,
651,Airport,178,Trip Completed,42562.53,42562.56,12.00,,,,,,,,
742,City,178,Trip Completed,42562.65,42562.68,15.00,,,,,,,,
828,Airport,178,Trip Completed,42562.73,42562.75,17.00,,,,,,,,
1701,City,178,Trip Completed,42563.33,42563.37,7.00,,,,,,,,
1985,City,178,Trip Completed,42563.52,42563.56,12.00,,,,,,,,
2277,City,178,Trip Completed,42563.78,42563.82,18.00,,,,,,,,
3108,Airport,178,Trip Completed,42564.35,42564.40,8.00,,,,,,,,
3880,Airport,178,Trip Completed,42564.91,42564.94,21.00,,,,,,,,
4252,City,178,Trip Completed,42565.25,42565.28,6.00,,,,,,,,
4646,Airport,178,Trip Completed,42565.49,42565.54,11.00,,,,,,,,
5560,Airport,178,Trip Completed,42566.23,42566.26,5.00,,,,,,,,
483,City,179,Trip Completed,42562.39,42562.42,9.00,,,,,,,,
628,Airport,179,Trip Completed,42562.51,42562.54,12.00,,,,,,,,
2285,City,179,Trip Completed,42563.77,42563.80,18.00,,,,,,,,
4024,Airport,179,Trip Completed,42564.00,42564.03,0.00,,,,,,,,
2952,City,179,Trip Completed,42564.28,42564.33,6.00,,,,,,,,
4631,Airport,179,Trip Completed,42565.47,42565.52,11.00,,,,,,,,
5200,Airport,179,Trip Completed,42565.87,42565.90,20.00,,,,,,,,
5711,City,179,Trip Completed,42566.32,42566.36,7.00,,,,,,,,
6399,Airport,179,Trip Completed,42566.81,42566.83,19.00,,,,,,,,
6453,City,179,Trip Completed,42566.84,42566.88,20.00,,,,,,,,
788,City,180,Trip Completed,42562.70,42562.75,16.00,,,,,,,,
1550,Airport,180,Trip Completed,42563.26,42563.30,6.00,,,,,,,,
2069,Airport,180,Trip Completed,42563.64,42563.66,15.00,,,,,,,,
2593,City,180,Trip Completed,42563.90,42563.94,21.00,,,,,,,,
2943,City,180,Trip Completed,42564.28,42564.30,6.00,,,,,,,,
3649,City,180,Trip Completed,42564.80,42564.85,19.00,,,,,,,,
3942,Airport,180,Trip Completed,42564.94,42564.99,22.00,,,,,,,,
5512,Airport,180,Trip Completed,42566.22,42566.24,5.00,,,,,,,,
5752,City,180,Trip Completed,42566.33,42566.38,8.00,,,,,,,,
6362,City,180,Trip Completed,42566.80,42566.83,19.00,,,,,,,,
1151,Airport,181,Trip Completed,42562.86,42562.90,20.00,,,,,,,,
1812,Airport,181,Trip Completed,42563.39,42563.42,9.00,,,,,,,,
1946,Airport,181,Trip Completed,42563.48,42563.52,11.00,,,,,,,,
2646,City,181,Trip Completed,42563.95,42563.99,22.00,,,,,,,,
3255,Airport,181,Trip Completed,42564.42,42564.47,10.00,,,,,,,,
3431,Airport,181,Trip Completed,42564.67,42564.70,16.00,,,,,,,,
3634,City,181,Trip Completed,42564.79,42564.83,19.00,,,,,,,,
4592,City,181,Trip Completed,42565.42,42565.44,10.00,,,,,,,,
5705,City,181,Trip Completed,42566.31,42566.34,7.00,,,,,,,,
6056,Airport,181,Trip Completed,42566.57,42566.59,13.00,,,,,,,,
325,City,182,Trip Completed,42562.32,42562.36,7.00,,,,,,,,
1015,City,182,Trip Completed,42562.80,42562.84,19.00,,,,,,,,
1308,City,182,Trip Completed,42562.95,42563.00,22.00,,,,,,,,
1667,City,182,Trip Completed,42563.32,42563.34,7.00,,,,,,,,
2436,Airport,182,Trip Completed,42563.84,42563.87,20.00,,,,,,,,
2865,City,182,Trip Completed,42564.24,42564.27,5.00,,,,,,,,
3397,City,182,Trip Completed,42564.63,42564.67,15.00,,,,,,,,
4040,Airport,182,Trip Completed,42565.03,42565.08,0.00,,,,,,,,
4094,City,182,Trip Completed,42565.13,42565.16,3.00,,,,,,,,
4568,Airport,182,Trip Completed,42565.41,42565.43,9.00,,,,,,,,
5105,City,182,Trip Completed,42565.83,42565.86,19.00,,,,,,,,
573,Airport,183,Trip Completed,42562.46,42562.48,10.00,,,,,,,,
789,City,183,Trip Completed,42562.70,42562.73,16.00,,,,,,,,
1525,City,183,Trip Completed,42563.24,42563.28,5.00,,,,,,,,
2786,Airport,183,Trip Completed,42564.20,42564.23,4.00,,,,,,,,
3143,Airport,183,Trip Completed,42564.37,42564.42,8.00,,,,,,,,
3917,City,183,Trip Completed,42564.93,42564.97,22.00,,,,,,,,
4375,City,183,Trip Completed,42565.32,42565.36,7.00,,,,,,,,
6345,City,183,Trip Completed,42566.78,42566.83,18.00,,,,,,,,
169,City,184,Trip Completed,42562.24,42562.28,5.00,,,,,,,,
537,City,184,Trip Completed,42562.42,42562.46,10.00,,,,,,,,
682,City,184,Trip Completed,42562.56,42562.60,13.00,,,,,,,,
1384,City,184,Trip Completed,42563.05,42563.10,1.00,,,,,,,,
2167,Airport,184,Trip Completed,42563.73,42563.77,17.00,,,,,,,,
2295,City,184,Trip Completed,42563.78,42563.80,18.00,,,,,,,,
3109,City,184,Trip Completed,42564.35,42564.39,8.00,,,,,,,,
3293,City,184,Trip Completed,42564.47,42564.49,11.00,,,,,,,,
3444,City,184,Trip Completed,42564.69,42564.74,16.00,,,,,,,,
3660,Airport,184,Trip Completed,42564.81,42564.83,19.00,,,,,,,,
4693,City,184,Trip Completed,42565.54,42565.59,13.00,,,,,,,,
5214,Airport,184,Trip Completed,42565.87,42565.91,20.00,,,,,,,,
5570,City,184,Trip Completed,42566.25,42566.26,5.00,,,,,,,,
6003,Airport,184,Trip Completed,42566.51,42566.54,12.00,,,,,,,,
6663,Airport,184,Trip Completed,42566.93,42566.96,22.00,,,,,,,,
616,Airport,185,Trip Completed,42562.50,42562.53,12.00,,,,,,,,
1056,City,185,Trip Completed,42562.83,42562.85,19.00,,,,,,,,
1903,City,185,Trip Completed,42563.44,42563.48,10.00,,,,,,,,
2643,City,185,Trip Completed,42563.94,42563.98,22.00,,,,,,,,
3291,City,185,Trip Completed,42564.47,42564.52,11.00,,,,,,,,
3965,Airport,185,Trip Completed,42564.95,42564.97,22.00,,,,,,,,
4007,City,185,Trip Completed,42564.99,42565.02,23.00,,,,,,,,
4234,City,185,Trip Completed,42565.25,42565.29,5.00,,,,,,,,
4388,Airport,185,Trip Completed,42565.33,42565.37,7.00,,,,,,,,
4964,City,185,Trip Completed,42565.77,42565.80,18.00,,,,,,,,
5544,City,185,Trip Completed,42566.22,42566.25,5.00,,,,,,,,
6217,City,185,Trip Completed,42566.73,42566.75,17.00,,,,,,,,
1345,Airport,186,Trip Completed,42562.98,42563.01,23.00,,,,,,,,
1874,Airport,186,Trip Completed,42563.41,42563.45,9.00,,,,,,,,
2413,City,186,Trip Completed,42563.83,42563.89,20.00,,,,,,,,
3068,City,186,Trip Completed,42564.33,42564.37,7.00,,,,,,,,
3452,City,186,Trip Completed,42564.70,42564.73,16.00,,,,,,,,
4031,City,186,Trip Completed,42565.02,42565.04,0.00,,,,,,,,
4438,Airport,186,Trip Completed,42565.35,42565.38,8.00,,,,,,,,
5521,Airport,186,Trip Completed,42566.22,42566.27,5.00,,,,,,,,
5832,City,186,Trip Completed,42566.38,42566.41,9.00,,,,,,,,
5990,Airport,186,Trip Completed,42566.49,42566.53,11.00,,,,,,,,
6254,City,186,Trip Completed,42566.75,42566.79,17.00,,,,,,,,
320,City,187,Trip Completed,42562.31,42562.36,7.00,,,,,,,,
717,City,187,Trip Completed,42562.62,42562.66,14.00,,,,,,,,
2074,City,187,Trip Completed,42563.65,42563.68,15.00,,,,,,,,
4576,Airport,187,Trip Completed,42565.41,42565.47,9.00,,,,,,,,
5503,City,187,Trip Completed,42566.22,42566.25,5.00,,,,,,,,
173,City,188,Trip Completed,42562.24,42562.27,5.00,,,,,,,,
698,City,188,Trip Completed,42562.58,42562.62,14.00,,,,,,,,
2039,Airport,188,Trip Completed,42563.60,42563.64,14.00,,,,,,,,
2467,Airport,188,Trip Completed,42563.86,42563.90,20.00,,,,,,,,
2676,Airport,188,Trip Completed,42564.00,42564.02,23.00,,,,,,,,
3038,City,188,Trip Completed,42564.32,42564.36,7.00,,,,,,,,
4003,Airport,188,Trip Completed,42564.99,42565.03,23.00,,,,,,,,
4126,City,188,Trip Completed,42565.19,42565.25,4.00,,,,,,,,
4611,City,188,Trip Completed,42565.44,42565.47,10.00,,,,,,,,
4975,City,188,Trip Completed,42565.78,42565.80,18.00,,,,,,,,
5664,City,188,Trip Completed,42566.29,42566.32,7.00,,,,,,,,
6006,Airport,188,Trip Completed,42566.51,42566.56,12.00,,,,,,,,
6329,City,188,Trip Completed,42566.78,42566.82,18.00,,,,,,,,
2779,Airport,189,Trip Completed,42564.20,42564.24,4.00,,,,,,,,
4216,Airport,189,Trip Completed,42565.23,42565.28,5.00,,,,,,,,
4711,Airport,189,Trip Completed,42565.55,42565.58,13.00,,,,,,,,
4825,City,189,Trip Completed,42565.72,42565.76,17.00,,,,,,,,
6175,City,189,Trip Completed,42566.71,42566.74,16.00,,,,,,,,
2445,City,190,Trip Completed,42563.85,42563.88,20.00,,,,,,,,
2714,Airport,190,Trip Completed,42564.08,42564.12,1.00,,,,,,,,
3089,Airport,190,Trip Completed,42564.34,42564.37,8.00,,,,,,,,
3462,Airport,190,Trip Completed,42564.72,42564.74,17.00,,,,,,,,
4462,Airport,190,Trip Completed,42565.36,42565.39,8.00,,,,,,,,
4698,City,190,Trip Completed,42565.55,42565.59,13.00,,,,,,,,
5098,Airport,190,Trip Completed,42565.83,42565.85,19.00,,,,,,,,
6711,City,190,Trip Completed,42566.96,42567.01,23.00,,,,,,,,
146,Airport,191,Trip Completed,42562.23,42562.26,5.00,,,,,,,,
652,Airport,191,Trip Completed,42562.53,42562.56,12.00,,,,,,,,
1947,Airport,191,Trip Completed,42563.48,42563.51,11.00,,,,,,,,
2236,Airport,191,Trip Completed,42563.76,42563.80,18.00,,,,,,,,
3393,City,191,Trip Completed,42564.61,42564.67,14.00,,,,,,,,
4577,Airport,191,Trip Completed,42565.41,42565.46,9.00,,,,,,,,
4932,City,191,Trip Completed,42565.76,42565.79,18.00,,,,,,,,
5419,City,191,Trip Completed,42566.08,42566.11,2.00,,,,,,,,
5766,City,191,Trip Completed,42566.35,42566.39,8.00,,,,,,,,
6261,Airport,191,Trip Completed,42566.75,42566.80,18.00,,,,,,,,
800,Airport,192,Trip Completed,42562.72,42562.75,17.00,,,,,,,,
1484,Airport,192,Trip Completed,42563.22,42563.25,5.00,,,,,,,,
1989,Airport,192,Trip Completed,42563.52,42563.54,12.00,,,,,,,,
3850,Airport,192,Trip Completed,42564.89,42564.92,21.00,,,,,,,,
4441,City,192,Trip Completed,42565.36,42565.39,8.00,,,,,,,,
4783,Airport,192,Trip Completed,42565.69,42565.72,16.00,,,,,,,,
392,Airport,193,Trip Completed,42562.35,42562.38,8.00,,,,,,,,
653,City,193,Trip Completed,42562.53,42562.58,12.00,,,,,,,,
1283,City,193,Trip Completed,42562.92,42562.97,22.00,,,,,,,,
1860,City,193,Trip Completed,42563.41,42563.44,9.00,,,,,,,,
1910,Airport,193,Trip Completed,42563.45,42563.48,10.00,,,,,,,,
2259,Airport,193,Trip Completed,42563.77,42563.82,18.00,,,,,,,,
2752,Airport,193,Trip Completed,42564.15,42564.18,3.00,,,,,,,,
3385,City,193,Trip Completed,42564.61,42564.64,14.00,,,,,,,,
4915,Airport,193,Trip Completed,42565.76,42565.80,18.00,,,,,,,,
5957,Airport,193,Trip Completed,42566.45,42566.48,10.00,,,,,,,,
5992,City,193,Trip Completed,42566.50,42566.53,11.00,,,,,,,,
6160,Airport,193,Trip Completed,42566.69,42566.74,16.00,,,,,,,,
21,Airport,194,Trip Completed,42562.06,42562.09,1.00,,,,,,,,
106,City,194,Trip Completed,42562.21,42562.23,5.00,,,,,,,,
512,Airport,194,Trip Completed,42562.41,42562.45,9.00,,,,,,,,
760,City,194,Trip Completed,42562.68,42562.70,16.00,,,,,,,,
1098,City,194,Trip Completed,42562.84,42562.88,20.00,,,,,,,,
1314,Airport,194,Trip Completed,42562.95,42562.99,22.00,,,,,,,,
2746,Airport,194,Trip Completed,42564.13,42564.17,3.00,,,,,,,,
3140,Airport,194,Trip Completed,42564.37,42564.40,8.00,,,,,,,,
3314,City,194,Trip Completed,42564.50,42564.54,12.00,,,,,,,,
4157,Airport,194,Trip Completed,42565.21,42565.23,5.00,,,,,,,,
5340,Airport,194,Trip Completed,42565.94,42565.99,22.00,,,,,,,,
6257,Airport,194,Trip Completed,42566.75,42566.79,18.00,,,,,,,,
564,Airport,195,Trip Completed,42562.43,42562.47,10.00,,,,,,,,
1271,Airport,195,Trip Completed,42562.92,42562.94,22.00,,,,,,,,
1647,Airport,195,Trip Completed,42563.30,42563.33,7.00,,,,,,,,
2767,Airport,195,Trip Completed,42564.17,42564.21,4.00,,,,,,,,
3646,Airport,195,Trip Completed,42564.80,42564.83,19.00,,,,,,,,
4865,Airport,195,Trip Completed,42565.73,42565.79,17.00,,,,,,,,
6055,Airport,195,Trip Completed,42566.57,42566.61,13.00,,,,,,,,
6679,Airport,195,Trip Completed,42566.93,42566.96,22.00,,,,,,,,
283,Airport,196,Trip Completed,42562.29,42562.31,7.00,,,,,,,,
489,City,196,Trip Completed,42562.40,42562.43,9.00,,,,,,,,
1559,Airport,196,Trip Completed,42563.26,42563.29,6.00,,,,,,,,
2545,Airport,196,Trip Completed,42563.89,42563.91,21.00,,,,,,,,
3333,City,196,Trip Completed,42564.52,42564.57,12.00,,,,,,,,
4037,Airport,196,Trip Completed,42565.02,42565.05,0.00,,,,,,,,
4578,Airport,196,Trip Completed,42565.42,42565.46,9.00,,,,,,,,
4664,City,196,Trip Completed,42565.52,42565.54,12.00,,,,,,,,
4756,City,196,Trip Completed,42565.64,42565.68,15.00,,,,,,,,
5843,Airport,196,Trip Completed,42566.38,42566.40,9.00,,,,,,,,
6045,City,196,Trip Completed,42566.56,42566.58,13.00,,,,,,,,
6735,Airport,196,Trip Completed,42566.98,42567.01,23.00,,,,,,,,
335,City,197,Trip Completed,42562.32,42562.35,7.00,,,,,,,,
558,City,197,Trip Completed,42562.43,42562.47,10.00,,,,,,,,
844,City,197,Trip Completed,42562.73,42562.78,17.00,,,,,,,,
1186,City,197,Trip Completed,42562.88,42562.93,21.00,,,,,,,,
1705,City,197,Trip Completed,42563.34,42563.38,8.00,,,,,,,,
2469,Airport,197,Trip Completed,42563.86,42563.90,20.00,,,,,,,,
2975,Airport,197,Trip Completed,42564.29,42564.34,6.00,,,,,,,,
3641,City,197,Trip Completed,42564.79,42564.84,19.00,,,,,,,,
4476,Airport,197,Trip Completed,42565.37,42565.40,8.00,,,,,,,,
4969,City,197,Trip Completed,42565.78,42565.80,18.00,,,,,,,,
5737,City,197,Trip Completed,42566.33,42566.37,7.00,,,,,,,,
6102,City,197,Trip Completed,42566.62,42566.65,14.00,,,,,,,,
6721,City,197,Trip Completed,42566.97,42567.01,23.00,,,,,,,,
11,City,198,Trip Completed,42562.04,42562.08,1.00,,,,,,,,
519,City,198,Trip Completed,42562.40,42562.45,9.00,,,,,,,,
1994,Airport,198,Trip Completed,42563.53,42563.58,12.00,,,,,,,,
2483,Airport,198,Trip Completed,42563.87,42563.91,20.00,,,,,,,,
2635,City,198,Trip Completed,42563.93,42563.98,22.00,,,,,,,,
3545,City,198,Trip Completed,42564.75,42564.78,18.00,,,,,,,,
4730,City,198,Trip Completed,42565.59,42565.64,14.00,,,,,,,,
4976,Airport,198,Trip Completed,42565.78,42565.82,18.00,,,,,,,,
5789,Airport,198,Trip Completed,42566.36,42566.39,8.00,,,,,,,,
6030,Airport,198,Trip Completed,42566.54,42566.59,12.00,,,,,,,,
6616,Airport,198,Trip Completed,42566.91,42566.93,21.00,,,,,,,,
165,Airport,199,Trip Completed,42562.24,42562.26,5.00,,,,,,,,
1706,City,199,Trip Completed,42563.34,42563.38,8.00,,,,,,,,
1821,Airport,199,Trip Completed,42563.40,42563.44,9.00,,,,,,,,
2629,City,199,Trip Completed,42563.93,42563.95,22.00,,,,,,,,
5227,Airport,199,Trip Completed,42565.88,42565.93,21.00,,,,,,,,
5374,City,199,Trip Completed,42565.99,42566.03,23.00,,,,,,,,
5823,City,199,Trip Completed,42566.37,42566.42,8.00,,,,,,,,
6007,City,199,Trip Completed,42566.51,42566.54,12.00,,,,,,,,
6736,Airport,199,Trip Completed,42566.98,42567.01,23.00,,,,,,,,
590,City,200,Trip Completed,42562.47,42562.51,11.00,,,,,,,,
779,Airport,200,Trip Completed,42562.69,42562.72,16.00,,,,,,,,
1085,City,200,Trip Completed,42562.84,42562.87,20.00,,,,,,,,
1435,City,200,Trip Completed,42563.20,42563.25,4.00,,,,,,,,
2007,City,200,Trip Completed,42563.56,42563.60,13.00,,,,,,,,
2381,City,200,Trip Completed,42563.82,42563.87,19.00,,,,,,,,
2912,Airport,200,Trip Completed,42564.26,42564.28,6.00,,,,,,,,
3453,Airport,200,Trip Completed,42564.71,42564.75,16.00,,,,,,,,
4180,Airport,200,Trip Completed,42565.22,42565.24,5.00,,,,,,,,
5122,City,200,Trip Completed,42565.84,42565.87,20.00,,,,,,,,
5531,Airport,200,Trip Completed,42566.22,42566.27,5.00,,,,,,,,
6582,City,200,Trip Completed,42566.89,42566.92,21.00,,,,,,,,
406,Airport,201,Trip Completed,42562.36,42562.40,8.00,,,,,,,,
740,Airport,201,Trip Completed,42562.65,42562.68,15.00,,,,,,,,
1312,City,201,Trip Completed,42562.95,42562.98,22.00,,,,,,,,
1540,Airport,201,Trip Completed,42563.25,42563.29,6.00,,,,,,,,
1962,City,201,Trip Completed,42563.50,42563.54,11.00,,,,,,,,
2173,Airport,201,Trip Completed,42563.73,42563.77,17.00,,,,,,,,
3375,City,201,Trip Completed,42564.59,42564.62,14.00,,,,,,,,
3540,City,201,Trip Completed,42564.75,42564.77,17.00,,,,,,,,
4671,City,201,Trip Completed,42565.52,42565.56,12.00,,,,,,,,
5336,Airport,201,Trip Completed,42565.93,42565.99,22.00,,,,,,,,
5734,City,201,Trip Completed,42566.32,42566.37,7.00,,,,,,,,
197,City,202,Trip Completed,42562.25,42562.28,6.00,,,,,,,,
819,Airport,202,Trip Completed,42562.73,42562.76,17.00,,,,,,,,
1527,Airport,202,Trip Completed,42563.24,42563.30,5.00,,,,,,,,
3229,Airport,202,Trip Completed,42564.41,42564.46,9.00,,,,,,,,
4638,City,202,Trip Completed,42565.48,42565.53,11.00,,,,,,,,
5075,City,202,Trip Completed,42565.82,42565.85,19.00,,,,,,,,
5455,City,202,Trip Completed,42566.16,42566.20,3.00,,,,,,,,
5738,City,202,Trip Completed,42566.33,42566.35,7.00,,,,,,,,
6167,Airport,202,Trip Completed,42566.70,42566.73,16.00,,,,,,,,
220,Airport,203,Trip Completed,42562.26,42562.29,6.00,,,,,,,,
909,Airport,203,Trip Completed,42562.76,42562.80,18.00,,,,,,,,
1306,Airport,203,Trip Completed,42562.94,42562.99,22.00,,,,,,,,
2998,City,203,Trip Completed,42564.30,42564.32,7.00,,,,,,,,
3415,City,203,Trip Completed,42564.64,42564.69,15.00,,,,,,,,
3789,City,203,Trip Completed,42564.87,42564.90,20.00,,,,,,,,
4227,Airport,203,Trip Completed,42565.24,42565.29,5.00,,,,,,,,
6490,City,203,Trip Completed,42566.85,42566.89,20.00,,,,,,,,
6712,Airport,203,Trip Completed,42566.96,42566.99,23.00,,,,,,,,
583,Airport,204,Trip Completed,42562.46,42562.50,11.00,,,,,,,,
772,City,204,Trip Completed,42562.68,42562.73,16.00,,,,,,,,
1142,City,204,Trip Completed,42562.86,42562.90,20.00,,,,,,,,
1436,City,204,Trip Completed,42563.20,42563.22,4.00,,,,,,,,
1986,City,204,Trip Completed,42563.52,42563.55,12.00,,,,,,,,
2508,Airport,204,Trip Completed,42563.88,42563.92,21.00,,,,,,,,
2788,City,204,Trip Completed,42564.20,42564.25,4.00,,,,,,,,
2956,Airport,204,Trip Completed,42564.28,42564.32,6.00,,,,,,,,
4518,City,204,Trip Completed,42565.39,42565.43,9.00,,,,,,,,
4681,City,204,Trip Completed,42565.53,42565.56,12.00,,,,,,,,
5041,City,204,Trip Completed,42565.81,42565.85,19.00,,,,,,,,
6176,City,204,Trip Completed,42566.71,42566.74,16.00,,,,,,,,
542,Airport,205,Trip Completed,42562.42,42562.46,10.00,,,,,,,,
605,Airport,205,Trip Completed,42562.49,42562.52,11.00,,,,,,,,
1908,Airport,205,Trip Completed,42563.44,42563.49,10.00,,,,,,,,
3662,City,205,Trip Completed,42564.81,42564.85,19.00,,,,,,,,
4254,City,205,Trip Completed,42565.25,42565.30,6.00,,,,,,,,
5337,City,205,Trip Completed,42565.93,42565.97,22.00,,,,,,,,
5430,City,205,Trip Completed,42566.11,42566.14,2.00,,,,,,,,
6630,Airport,205,Trip Completed,42566.92,42566.95,21.00,,,,,,,,
297,Airport,206,Trip Completed,42562.30,42562.32,7.00,,,,,,,,
501,City,206,Trip Completed,42562.40,42562.42,9.00,,,,,,,,
826,City,206,Trip Completed,42562.73,42562.78,17.00,,,,,,,,
2339,City,206,Trip Completed,42563.80,42563.84,19.00,,,,,,,,
3025,City,206,Trip Completed,42564.31,42564.36,7.00,,,,,,,,
4803,City,206,Trip Completed,42565.71,42565.76,17.00,,,,,,,,
5893,City,206,Trip Completed,42566.40,42566.43,9.00,,,,,,,,
876,Airport,207,Trip Completed,42562.75,42562.77,17.00,,,,,,,,
1318,City,207,Trip Completed,42562.95,42562.99,22.00,,,,,,,,
1477,Airport,207,Trip Completed,42563.22,42563.26,5.00,,,,,,,,
2084,Airport,207,Trip Completed,42563.66,42563.69,15.00,,,,,,,,
2354,Airport,207,Trip Completed,42563.81,42563.84,19.00,,,,,,,,
3407,Airport,207,Trip Completed,42564.64,42564.69,15.00,,,,,,,,
3703,Airport,207,Trip Completed,42564.82,42564.87,19.00,,,,,,,,
4085,Airport,207,Trip Completed,42565.11,42565.14,2.00,,,,,,,,
4625,City,207,Trip Completed,42565.46,42565.51,11.00,,,,,,,,
4866,City,207,Trip Completed,42565.73,42565.77,17.00,,,,,,,,
1278,City,208,Trip Completed,42562.92,42562.96,22.00,,,,,,,,
2037,City,208,Trip Completed,42563.59,42563.63,14.00,,,,,,,,
2567,Airport,208,Trip Completed,42563.90,42563.93,21.00,,,,,,,,
2829,City,208,Trip Completed,42564.22,42564.26,5.00,,,,,,,,
2918,Airport,208,Trip Completed,42564.26,42564.29,6.00,,,,,,,,
3362,Airport,208,Trip Completed,42564.57,42564.61,13.00,,,,,,,,
5615,City,208,Trip Completed,42566.27,42566.31,6.00,,,,,,,,
2008,Airport,209,Trip Completed,42563.56,42563.60,13.00,,,,,,,,
3031,Airport,209,Trip Completed,42564.31,42564.35,7.00,,,,,,,,
3500,Airport,209,Trip Completed,42564.73,42564.76,17.00,,,,,,,,
5079,City,209,Trip Completed,42565.82,42565.84,19.00,,,,,,,,
5967,City,209,Trip Completed,42566.46,42566.50,10.00,,,,,,,,
6375,City,209,Trip Completed,42566.80,42566.85,19.00,,,,,,,,
1551,City,210,Trip Completed,42563.26,42563.29,6.00,,,,,,,,
2041,City,210,Trip Completed,42563.60,42563.63,14.00,,,,,,,,
2666,City,210,Trip Completed,42563.99,42564.02,23.00,,,,,,,,
3348,City,210,Trip Completed,42564.55,42564.59,13.00,,,,,,,,
3518,Airport,210,Trip Completed,42564.74,42564.77,17.00,,,,,,,,
4205,City,210,Trip Completed,42565.23,42565.28,5.00,,,,,,,,
6346,Airport,210,Trip Completed,42566.78,42566.82,18.00,,,,,,,,
6433,City,210,Trip Completed,42566.83,42566.85,19.00,,,,,,,,
1471,City,211,Trip Completed,42563.21,42563.25,5.00,,,,,,,,
1808,Airport,211,Trip Completed,42563.38,42563.44,9.00,,,,,,,,
2017,City,211,Trip Completed,42563.57,42563.60,13.00,,,,,,,,
4483,City,211,Trip Completed,42565.37,42565.39,8.00,,,,,,,,
4639,Airport,211,Trip Completed,42565.48,42565.51,11.00,,,,,,,,
4901,Airport,211,Trip Completed,42565.75,42565.77,18.00,,,,,,,,
5357,City,211,Trip Completed,42565.96,42566.00,23.00,,,,,,,,
6214,Airport,211,Trip Completed,42566.73,42566.77,17.00,,,,,,,,
575,Airport,212,Trip Completed,42562.46,42562.49,10.00,,,,,,,,
753,Airport,212,Trip Completed,42562.67,42562.71,15.00,,,,,,,,
999,City,212,Trip Completed,42562.80,42562.85,19.00,,,,,,,,
1534,Airport,212,Trip Completed,42563.25,42563.29,5.00,,,,,,,,
1773,Airport,212,Trip Completed,42563.37,42563.42,8.00,,,,,,,,
1890,City,212,Trip Completed,42563.42,42563.47,10.00,,,,,,,,
2609,Airport,212,Trip Completed,42563.92,42563.96,22.00,,,,,,,,
2864,City,212,Trip Completed,42564.24,42564.26,5.00,,,,,,,,
3134,City,212,Trip Completed,42564.36,42564.41,8.00,,,,,,,,
3302,City,212,Trip Completed,42564.49,42564.53,11.00,,,,,,,,
3999,Airport,212,Trip Completed,42564.99,42565.03,23.00,,,,,,,,
4450,City,212,Trip Completed,42565.35,42565.38,8.00,,,,,,,,
6376,City,212,Trip Completed,42566.80,42566.84,19.00,,,,,,,,
6622,Airport,212,Trip Completed,42566.91,42566.94,21.00,,,,,,,,
87,City,213,Trip Completed,42562.20,42562.23,4.00,,,,,,,,
859,City,213,Trip Completed,42562.74,42562.78,17.00,,,,,,,,
1170,City,213,Trip Completed,42562.87,42562.89,20.00,,,,,,,,
2511,City,213,Trip Completed,42563.88,42563.93,21.00,,,,,,,,
3427,Airport,213,Trip Completed,42564.66,42564.71,15.00,,,,,,,,
5385,Airport,213,Trip Completed,42565.01,42565.03,0.00,,,,,,,,
4643,Airport,213,Trip Completed,42565.49,42565.52,11.00,,,,,,,,
4850,Airport,213,Trip Completed,42565.73,42565.76,17.00,,,,,,,,
5689,City,213,Trip Completed,42566.31,42566.33,7.00,,,,,,,,
600,City,214,Trip Completed,42562.48,42562.53,11.00,,,,,,,,
2053,Airport,214,Trip Completed,42563.62,42563.66,14.00,,,,,,,,
2256,Airport,214,Trip Completed,42563.77,42563.79,18.00,,,,,,,,
2947,City,214,Trip Completed,42564.27,42564.31,6.00,,,,,,,,
3834,City,214,Trip Completed,42564.89,42564.94,21.00,,,,,,,,
4414,Airport,214,Trip Completed,42565.34,42565.37,8.00,,,,,,,,
5901,City,214,Trip Completed,42566.41,42566.46,9.00,,,,,,,,
214,City,215,Trip Completed,42562.26,42562.29,6.00,,,,,,,,
423,City,215,Trip Completed,42562.36,42562.39,8.00,,,,,,,,
1138,City,215,Trip Completed,42562.85,42562.88,20.00,,,,,,,,
1977,Airport,215,Trip Completed,42563.52,42563.55,12.00,,,,,,,,
2328,City,215,Trip Completed,42563.80,42563.83,19.00,,,,,,,,
2990,City,215,Trip Completed,42564.30,42564.34,7.00,,,,,,,,
3658,Airport,215,Trip Completed,42564.81,42564.84,19.00,,,,,,,,
4471,City,215,Trip Completed,42565.37,42565.39,8.00,,,,,,,,
4767,Airport,215,Trip Completed,42565.65,42565.69,15.00,,,,,,,,
5505,City,215,Trip Completed,42566.21,42566.24,5.00,,,,,,,,
5850,City,215,Trip Completed,42566.38,42566.43,9.00,,,,,,,,
484,City,216,Trip Completed,42562.39,42562.42,9.00,,,,,,,,
855,City,216,Trip Completed,42562.74,42562.77,17.00,,,,,,,,
2709,Airport,216,Trip Completed,42564.06,42564.09,1.00,,,,,,,,
5556,City,216,Trip Completed,42566.23,42566.28,5.00,,,,,,,,
5648,Airport,216,Trip Completed,42566.29,42566.32,6.00,,,,,,,,
114,City,217,Trip Completed,42562.22,42562.24,5.00,,,,,,,,
470,City,217,Trip Completed,42562.39,42562.42,9.00,,,,,,,,
1446,City,217,Trip Completed,42563.20,42563.23,4.00,,,,,,,,
3466,City,217,Trip Completed,42564.72,42564.75,17.00,,,,,,,,
4775,Airport,217,Trip Completed,42565.67,42565.70,16.00,,,,,,,,
1065,Airport,218,Trip Completed,42562.83,42562.86,19.00,,,,,,,,
1457,Airport,218,Trip Completed,42563.21,42563.23,4.00,,,,,,,,
3363,City,218,Trip Completed,42564.57,42564.61,13.00,,,,,,,,
3994,Airport,218,Trip Completed,42564.97,42565.01,23.00,,,,,,,,
4340,City,218,Trip Completed,42565.30,42565.34,7.00,,,,,,,,
4902,City,218,Trip Completed,42565.75,42565.80,18.00,,,,,,,,
5360,Airport,218,Trip Completed,42565.97,42566.00,23.00,,,,,,,,
5665,City,218,Trip Completed,42566.29,42566.34,7.00,,,,,,,,
5977,City,218,Trip Completed,42566.48,42566.50,11.00,,,,,,,,
6742,City,218,Trip Completed,42566.98,42567.03,23.00,,,,,,,,
280,Airport,219,Trip Completed,42562.30,42562.32,7.00,,,,,,,,
475,Airport,219,Trip Completed,42562.39,42562.43,9.00,,,,,,,,
1350,City,219,Trip Completed,42562.99,42563.02,23.00,,,,,,,,
2707,Airport,219,Trip Completed,42564.05,42564.11,1.00,,,,,,,,
2928,Airport,219,Trip Completed,42564.27,42564.30,6.00,,,,,,,,
4534,City,219,Trip Completed,42565.40,42565.43,9.00,,,,,,,,
4715,City,219,Trip Completed,42565.56,42565.60,13.00,,,,,,,,
4814,Airport,219,Trip Completed,42565.72,42565.75,17.00,,,,,,,,
5878,City,219,Trip Completed,42566.40,42566.44,9.00,,,,,,,,
6076,Airport,219,Trip Completed,42566.59,42566.61,14.00,,,,,,,,
609,City,220,Trip Completed,42562.49,42562.53,11.00,,,,,,,,
1414,Airport,220,Trip Completed,42563.14,42563.19,3.00,,,,,,,,
1713,Airport,220,Trip Completed,42563.34,42563.36,8.00,,,,,,,,
1991,City,220,Trip Completed,42563.52,42563.56,12.00,,,,,,,,
2082,Airport,220,Trip Completed,42563.65,42563.69,15.00,,,,,,,,
2798,City,220,Trip Completed,42564.20,42564.23,4.00,,,,,,,,
3763,City,220,Trip Completed,42564.86,42564.90,20.00,,,,,,,,
4091,Airport,220,Trip Completed,42565.13,42565.15,3.00,,,,,,,,
4372,City,220,Trip Completed,42565.31,42565.37,7.00,,,,,,,,
4609,City,220,Trip Completed,42565.43,42565.48,10.00,,,,,,,,
4949,Airport,220,Trip Completed,42565.77,42565.79,18.00,,,,,,,,
6004,Airport,220,Trip Completed,42566.51,42566.56,12.00,,,,,,,,
304,City,221,Trip Completed,42562.31,42562.33,7.00,,,,,,,,
700,City,221,Trip Completed,42562.59,42562.61,14.00,,,,,,,,
1708,Airport,221,Trip Completed,42563.34,42563.36,8.00,,,,,,,,
1918,City,221,Trip Completed,42563.46,42563.51,10.00,,,,,,,,
2067,Airport,221,Trip Completed,42563.63,42563.68,15.00,,,,,,,,
3632,City,221,Trip Completed,42564.79,42564.84,19.00,,,,,,,,
4332,City,221,Trip Completed,42565.30,42565.34,7.00,,,,,,,,
4875,City,221,Trip Completed,42565.74,42565.77,17.00,,,,,,,,
5108,City,221,Trip Completed,42565.84,42565.85,20.00,,,,,,,,
5683,Airport,221,Trip Completed,42566.30,42566.33,7.00,,,,,,,,
5976,Airport,221,Trip Completed,42566.47,42566.52,11.00,,,,,,,,
6229,City,221,Trip Completed,42566.74,42566.77,17.00,,,,,,,,
6478,Airport,221,Trip Completed,42566.84,42566.87,20.00,,,,,,,,
1295,City,222,Trip Completed,42562.93,42562.96,22.00,,,,,,,,
1829,Airport,222,Trip Completed,42563.40,42563.43,9.00,,,,,,,,
2135,City,222,Trip Completed,42563.72,42563.75,17.00,,,,,,,,
2719,City,222,Trip Completed,42564.09,42564.12,2.00,,,,,,,,
3016,Airport,222,Trip Completed,42564.31,42564.34,7.00,,,,,,,,
4065,City,222,Trip Completed,42565.08,42565.11,1.00,,,,,,,,
4911,City,222,Trip Completed,42565.76,42565.80,18.00,,,,,,,,
5338,Airport,222,Trip Completed,42565.94,42565.98,22.00,,,,,,,,
6086,City,222,Trip Completed,42566.60,42566.64,14.00,,,,,,,,
6457,Airport,222,Trip Completed,42566.84,42566.89,20.00,,,,,,,,
330,Airport,223,Trip Completed,42562.32,42562.37,7.00,,,,,,,,
626,Airport,223,Trip Completed,42562.51,42562.54,12.00,,,,,,,,
857,City,223,Trip Completed,42562.74,42562.78,17.00,,,,,,,,
2679,Airport,223,Trip Completed,42564.00,42564.05,23.00,,,,,,,,
3098,Airport,223,Trip Completed,42564.35,42564.37,8.00,,,,,,,,
3344,Airport,223,Trip Completed,42564.54,42564.58,13.00,,,,,,,,
4428,City,223,Trip Completed,42565.35,42565.39,8.00,,,,,,,,
5198,Airport,223,Trip Completed,42565.86,42565.90,20.00,,,,,,,,
5368,City,223,Trip Completed,42565.98,42566.02,23.00,,,,,,,,
5513,Airport,223,Trip Completed,42566.21,42566.24,5.00,,,,,,,,
5742,City,223,Trip Completed,42566.33,42566.37,7.00,,,,,,,,
6107,Airport,223,Trip Completed,42566.62,42566.66,14.00,,,,,,,,
6729,City,223,Trip Completed,42566.97,42567.02,23.00,,,,,,,,
904,Airport,224,Trip Completed,42562.76,42562.81,18.00,,,,,,,,
1459,Airport,224,Trip Completed,42563.21,42563.24,4.00,,,,,,,,
2636,Airport,224,Trip Completed,42563.93,42563.98,22.00,,,,,,,,
2816,City,224,Trip Completed,42564.22,42564.26,5.00,,,,,,,,
3341,Airport,224,Trip Completed,42564.54,42564.56,12.00,,,,,,,,
3657,Airport,224,Trip Completed,42564.81,42564.86,19.00,,,,,,,,
5032,City,224,Trip Completed,42565.80,42565.82,19.00,,,,,,,,
6763,City,224,Trip Completed,42566.00,42566.05,0.00,,,,,,,,
5649,Airport,224,Trip Completed,42566.29,42566.32,6.00,,,,,,,,
6430,City,224,Trip Completed,42566.83,42566.87,19.00,,,,,,,,
182,Airport,225,Trip Completed,42562.24,42562.29,5.00,,,,,,,,
621,Airport,225,Trip Completed,42562.50,42562.54,12.00,,,,,,,,
967,Airport,225,Trip Completed,42562.78,42562.81,18.00,,,,,,,,
1422,Airport,225,Trip Completed,42563.17,42563.22,4.00,,,,,,,,
1891,City,225,Trip Completed,42563.43,42563.47,10.00,,,,,,,,
2307,City,225,Trip Completed,42563.79,42563.83,18.00,,,,,,,,
3245,Airport,225,Trip Completed,42564.42,42564.45,10.00,,,,,,,,
3319,Airport,225,Trip Completed,42564.51,42564.55,12.00,,,,,,,,
3970,Airport,225,Trip Completed,42564.96,42565.01,22.00,,,,,,,,
4303,City,225,Trip Completed,42565.28,42565.32,6.00,,,,,,,,
5358,Airport,225,Trip Completed,42565.97,42566.00,23.00,,,,,,,,
5793,Airport,225,Trip Completed,42566.36,42566.40,8.00,,,,,,,,
6203,Airport,225,Trip Completed,42566.72,42566.76,17.00,,,,,,,,
642,City,226,Trip Completed,42562.52,42562.58,12.00,,,,,,,,
1119,Airport,226,Trip Completed,42562.85,42562.88,20.00,,,,,,,,
1861,City,226,Trip Completed,42563.41,42563.44,9.00,,,,,,,,
2168,Airport,226,Trip Completed,42563.73,42563.77,17.00,,,,,,,,
2853,Airport,226,Trip Completed,42564.23,42564.27,5.00,,,,,,,,
3299,City,226,Trip Completed,42564.49,42564.51,11.00,,,,,,,,
4285,City,226,Trip Completed,42565.27,42565.32,6.00,,,,,,,,
5210,City,226,Trip Completed,42565.87,42565.92,20.00,,,,,,,,
5400,Airport,226,Trip Completed,42566.05,42566.09,1.00,,,,,,,,
5553,Airport,226,Trip Completed,42566.23,42566.26,5.00,,,,,,,,
6031,Airport,226,Trip Completed,42566.54,42566.58,12.00,,,,,,,,
919,Airport,227,Trip Completed,42562.77,42562.79,18.00,,,,,,,,
1097,City,227,Trip Completed,42562.84,42562.88,20.00,,,,,,,,
1447,Airport,227,Trip Completed,42563.20,42563.23,4.00,,,,,,,,
2105,City,227,Trip Completed,42563.67,42563.72,16.00,,,,,,,,
2598,Airport,227,Trip Completed,42563.91,42563.93,21.00,,,,,,,,
3469,Airport,227,Trip Completed,42564.72,42564.76,17.00,,,,,,,,
3932,Airport,227,Trip Completed,42564.93,42564.98,22.00,,,,,,,,
5344,Airport,227,Trip Completed,42565.94,42565.98,22.00,,,,,,,,
6707,Airport,227,Trip Completed,42566.96,42567.01,22.00,,,,,,,,
10,City,228,Trip Completed,42562.04,42562.08,0.00,,,,,,,,
387,Airport,228,Trip Completed,42562.35,42562.38,8.00,,,,,,,,
586,City,228,Trip Completed,42562.47,42562.49,11.00,,,,,,,,
710,City,228,Trip Completed,42562.59,42562.63,14.00,,,,,,,,
1658,Airport,228,Trip Completed,42563.31,42563.36,7.00,,,,,,,,
2227,City,228,Trip Completed,42563.76,42563.78,18.00,,,,,,,,
2668,Airport,228,Trip Completed,42563.98,42564.01,23.00,,,,,,,,
3312,Airport,228,Trip Completed,42564.50,42564.54,12.00,,,,,,,,
4212,City,228,Trip Completed,42565.23,42565.26,5.00,,,,,,,,
6250,City,228,Trip Completed,42566.75,42566.80,17.00,,,,,,,,
6692,City,228,Trip Completed,42566.95,42567.00,22.00,,,,,,,,
1960,Airport,229,Trip Completed,42563.49,42563.53,11.00,,,,,,,,
3460,City,229,Trip Completed,42564.71,42564.73,17.00,,,,,,,,
4250,City,229,Trip Completed,42565.25,42565.27,5.00,,,,,,,,
4504,Airport,229,Trip Completed,42565.38,42565.42,9.00,,,,,,,,
5089,City,229,Trip Completed,42565.82,42565.87,19.00,,,,,,,,
5950,City,229,Trip Completed,42566.45,42566.48,10.00,,,,,,,,
205,Airport,230,Trip Completed,42562.26,42562.30,6.00,,,,,,,,
853,Airport,230,Trip Completed,42562.74,42562.79,17.00,,,,,,,,
1196,City,230,Trip Completed,42562.88,42562.92,21.00,,,,,,,,
1598,Airport,230,Trip Completed,42563.28,42563.31,6.00,,,,,,,,
2406,City,230,Trip Completed,42563.83,42563.86,19.00,,,,,,,,
4299,City,230,Trip Completed,42565.28,42565.32,6.00,,,,,,,,
4721,City,230,Trip Completed,42565.57,42565.63,13.00,,,,,,,,
4886,City,230,Trip Completed,42565.75,42565.77,17.00,,,,,,,,
5851,Airport,230,Trip Completed,42566.38,42566.43,9.00,,,,,,,,
6303,Airport,230,Trip Completed,42566.77,42566.80,18.00,,,,,,,,
292,City,231,Trip Completed,42562.30,42562.33,7.00,,,,,,,,
384,Airport,231,Trip Completed,42562.35,42562.37,8.00,,,,,,,,
1296,Airport,231,Trip Completed,42562.94,42562.98,22.00,,,,,,,,
1978,City,231,Trip Completed,42563.51,42563.54,12.00,,,,,,,,
3303,City,231,Trip Completed,42564.49,42564.54,11.00,,,,,,,,
3953,Airport,231,Trip Completed,42564.95,42564.99,22.00,,,,,,,,
4199,City,231,Trip Completed,42565.23,42565.27,5.00,,,,,,,,
4773,Airport,231,Trip Completed,42565.66,42565.70,15.00,,,,,,,,
5217,City,231,Trip Completed,42565.87,42565.90,20.00,,,,,,,,
5870,Airport,231,Trip Completed,42566.39,42566.43,9.00,,,,,,,,
5964,City,231,Trip Completed,42566.45,42566.49,10.00,,,,,,,,
6082,City,231,Trip Completed,42566.60,42566.64,14.00,,,,,,,,
206,City,232,Trip Completed,42562.25,42562.28,6.00,,,,,,,,
595,City,232,Trip Completed,42562.48,42562.53,11.00,,,,,,,,
2310,City,232,Trip Completed,42563.79,42563.84,18.00,,,,,,,,
2880,Airport,232,Trip Completed,42564.25,42564.29,5.00,,,,,,,,
3585,City,232,Trip Completed,42564.77,42564.82,18.00,,,,,,,,
4515,City,232,Trip Completed,42565.39,42565.43,9.00,,,,,,,,
5636,City,232,Trip Completed,42566.28,42566.32,6.00,,,,,,,,
6132,Airport,232,Trip Completed,42566.65,42566.69,15.00,,,,,,,,
6540,City,232,Trip Completed,42566.87,42566.92,20.00,,,,,,,,
301,City,233,Trip Completed,42562.30,42562.35,7.00,,,,,,,,
1057,Airport,233,Trip Completed,42562.83,42562.86,19.00,,,,,,,,
1408,Airport,233,Trip Completed,42563.13,42563.17,3.00,,,,,,,,
1453,City,233,Trip Completed,42563.20,42563.25,4.00,,,,,,,,
1882,Airport,233,Trip Completed,42563.42,42563.46,10.00,,,,,,,,
2111,Airport,233,Trip Completed,42563.68,42563.73,16.00,,,,,,,,
2360,City,233,Trip Completed,42563.81,42563.83,19.00,,,,,,,,
3207,City,233,Trip Completed,42564.41,42564.44,9.00,,,,,,,,
3304,Airport,233,Trip Completed,42564.49,42564.52,11.00,,,,,,,,
4122,Airport,233,Trip Completed,42565.19,42565.23,4.00,,,,,,,,
4683,City,233,Trip Completed,42565.53,42565.57,12.00,,,,,,,,
5470,City,233,Trip Completed,42566.20,42566.25,4.00,,,,,,,,
6116,City,233,Trip Completed,42566.64,42566.66,15.00,,,,,,,,
6393,Airport,233,Trip Completed,42566.81,42566.85,19.00,,,,,,,,
6643,City,233,Trip Completed,42566.92,42566.95,22.00,,,,,,,,
91,Airport,234,Trip Completed,42562.20,42562.24,4.00,,,,,,,,
756,Airport,234,Trip Completed,42562.67,42562.69,16.00,,,,,,,,
1680,City,234,Trip Completed,42563.33,42563.36,7.00,,,,,,,,
2047,City,234,Trip Completed,42563.61,42563.64,14.00,,,,,,,,
2866,Airport,234,Trip Completed,42564.24,42564.26,5.00,,,,,,,,
3631,City,234,Trip Completed,42564.79,42564.83,19.00,,,,,,,,
4316,City,234,Trip Completed,42565.29,42565.34,6.00,,,,,,,,
5364,City,234,Trip Completed,42565.98,42566.00,23.00,,,,,,,,
5605,City,234,Trip Completed,42566.26,42566.29,6.00,,,,,,,,
9,Airport,235,Trip Completed,42562.03,42562.08,0.00,,,,,,,,
448,City,235,Trip Completed,42562.38,42562.42,9.00,,,,,,,,
1203,City,235,Trip Completed,42562.89,42562.94,21.00,,,,,,,,
2010,Airport,235,Trip Completed,42563.56,42563.58,13.00,,,,,,,,
4305,City,235,Trip Completed,42565.28,42565.33,6.00,,,,,,,,
4687,Airport,235,Trip Completed,42565.54,42565.58,12.00,,,,,,,,
4940,City,235,Trip Completed,42565.77,42565.79,18.00,,,,,,,,
5175,City,235,Trip Completed,42565.85,42565.90,20.00,,,,,,,,
5753,City,235,Trip Completed,42566.34,42566.36,8.00,,,,,,,,
5996,Airport,235,Trip Completed,42566.50,42566.53,11.00,,,,,,,,
6435,City,235,Trip Completed,42566.83,42566.86,19.00,,,,,,,,
6562,Airport,235,Trip Completed,42566.88,42566.90,21.00,,,,,,,,
872,Airport,236,Trip Completed,42562.75,42562.78,17.00,,,,,,,,
1652,Airport,236,Trip Completed,42563.30,42563.35,7.00,,,,,,,,
2000,Airport,236,Trip Completed,42563.54,42563.57,12.00,,,,,,,,
3380,Airport,236,Trip Completed,42564.60,42564.65,14.00,,,,,,,,
4060,City,236,Trip Completed,42565.07,42565.11,1.00,,,,,,,,
4177,City,236,Trip Completed,42565.22,42565.27,5.00,,,,,,,,
4635,City,236,Trip Completed,42565.48,42565.52,11.00,,,,,,,,
6568,Airport,236,Trip Completed,42566.88,42566.93,21.00,,,,,,,,
6743,Airport,236,Trip Completed,42566.99,42567.02,23.00,,,,,,,,
1343,City,237,Trip Completed,42562.98,42563.02,23.00,,,,,,,,
1519,Airport,237,Trip Completed,42563.24,42563.27,5.00,,,,,,,,
2076,Airport,237,Trip Completed,42563.65,42563.70,15.00,,,,,,,,
2136,City,237,Trip Completed,42563.72,42563.76,17.00,,,,,,,,
2650,Airport,237,Trip Completed,42563.95,42563.99,22.00,,,,,,,,
2793,Airport,237,Trip Completed,42564.20,42564.24,4.00,,,,,,,,
3012,City,237,Trip Completed,42564.31,42564.34,7.00,,,,,,,,
3847,Airport,237,Trip Completed,42564.90,42564.94,21.00,,,,,,,,
4607,City,237,Trip Completed,42565.44,42565.45,10.00,,,,,,,,
4654,Airport,237,Trip Completed,42565.50,42565.55,11.00,,,,,,,,
4941,Airport,237,Trip Completed,42565.77,42565.82,18.00,,,,,,,,
1526,City,238,Trip Completed,42563.25,42563.29,5.00,,,,,,,,
1839,City,238,Trip Completed,42563.41,42563.45,9.00,,,,,,,,
2268,City,238,Trip Completed,42563.77,42563.81,18.00,,,,,,,,
3069,City,238,Trip Completed,42564.33,42564.37,8.00,,,,,,,,
4039,City,238,Trip Completed,42565.03,42565.08,0.00,,,,,,,,
4446,Airport,238,Trip Completed,42565.36,42565.38,8.00,,,,,,,,
6021,Airport,238,Trip Completed,42566.53,42566.55,12.00,,,,,,,,
74,Airport,239,Trip Completed,42562.19,42562.24,4.00,,,,,,,,
1959,City,239,Trip Completed,42563.49,42563.51,11.00,,,,,,,,
2169,Airport,239,Trip Completed,42563.73,42563.79,17.00,,,,,,,,
3422,City,239,Trip Completed,42564.66,42564.67,15.00,,,,,,,,
3613,Airport,239,Trip Completed,42564.78,42564.84,18.00,,,,,,,,
4485,Airport,239,Trip Completed,42565.37,42565.41,8.00,,,,,,,,
4929,City,239,Trip Completed,42565.77,42565.79,18.00,,,,,,,,
5676,City,239,Trip Completed,42566.30,42566.35,7.00,,,,,,,,
6590,City,239,Trip Completed,42566.90,42566.93,21.00,,,,,,,,
1496,Airport,240,Trip Completed,42563.23,42563.26,5.00,,,,,,,,
2589,City,240,Trip Completed,42563.91,42563.96,21.00,,,,,,,,
3668,Airport,240,Trip Completed,42564.81,42564.86,19.00,,,,,,,,
4978,City,240,Trip Completed,42565.78,42565.81,18.00,,,,,,,,
5487,City,240,Trip Completed,42566.20,42566.25,4.00,,,,,,,,
6270,City,240,Trip Completed,42566.76,42566.80,18.00,,,,,,,,
884,Airport,241,Trip Completed,42562.75,42562.78,18.00,,,,,,,,
1495,Airport,241,Trip Completed,42563.23,42563.25,5.00,,,,,,,,
1782,Airport,241,Trip Completed,42563.37,42563.41,8.00,,,,,,,,
1928,City,241,Trip Completed,42563.46,42563.49,11.00,,,,,,,,
2195,Airport,241,Trip Completed,42563.74,42563.78,17.00,,,,,,,,
4005,Airport,241,Trip Completed,42564.99,42565.03,23.00,,,,,,,,
4759,Airport,241,Trip Completed,42565.64,42565.68,15.00,,,,,,,,
4933,City,241,Trip Completed,42565.76,42565.81,18.00,,,,,,,,
648,City,242,Trip Completed,42562.53,42562.56,12.00,,,,,,,,
1171,City,242,Trip Completed,42562.87,42562.91,20.00,,,,,,,,
1354,City,242,Trip Completed,42562.99,42563.04,23.00,,,,,,,,
1901,Airport,242,Trip Completed,42563.44,42563.48,10.00,,,,,,,,
2181,Airport,242,Trip Completed,42563.74,42563.77,17.00,,,,,,,,
3051,City,242,Trip Completed,42564.32,42564.36,7.00,,,,,,,,
3203,Airport,242,Trip Completed,42564.41,42564.42,9.00,,,,,,,,
3843,City,242,Trip Completed,42564.89,42564.93,21.00,,,,,,,,
5698,Airport,242,Trip Completed,42566.31,42566.36,7.00,,,,,,,,
6653,City,242,Trip Completed,42566.93,42566.97,22.00,,,,,,,,
271,Airport,243,Trip Completed,42562.29,42562.31,6.00,,,,,,,,
1238,City,243,Trip Completed,42562.90,42562.95,21.00,,,,,,,,
1802,Airport,243,Trip Completed,42563.38,42563.43,9.00,,,,,,,,
3145,Airport,243,Trip Completed,42564.37,42564.40,8.00,,,,,,,,
3336,Airport,243,Trip Completed,42564.53,42564.56,12.00,,,,,,,,
3506,Airport,243,Trip Completed,42564.73,42564.78,17.00,,,,,,,,
4325,City,243,Trip Completed,42565.30,42565.34,7.00,,,,,,,,
6764,City,243,Trip Completed,42566.00,42566.05,0.00,,,,,,,,
5421,Airport,243,Trip Completed,42566.09,42566.13,2.00,,,,,,,,
6108,City,243,Trip Completed,42566.63,42566.65,15.00,,,,,,,,
6379,City,243,Trip Completed,42566.80,42566.83,19.00,,,,,,,,
656,Airport,244,Trip Completed,42562.54,42562.56,12.00,,,,,,,,
715,City,244,Trip Completed,42562.61,42562.66,14.00,,,,,,,,
1086,Airport,244,Trip Completed,42562.83,42562.86,20.00,,,,,,,,
1504,Airport,244,Trip Completed,42563.23,42563.25,5.00,,,,,,,,
1675,Airport,244,Trip Completed,42563.32,42563.35,7.00,,,,,,,,
3041,Airport,244,Trip Completed,42564.32,42564.37,7.00,,,,,,,,
4214,City,244,Trip Completed,42565.24,42565.26,5.00,,,,,,,,
5915,City,244,Trip Completed,42566.42,42566.46,10.00,,,,,,,,
6064,City,244,Trip Completed,42566.58,42566.61,13.00,,,,,,,,
225,City,245,Trip Completed,42562.26,42562.31,6.00,,,,,,,,
1163,City,245,Trip Completed,42562.87,42562.91,20.00,,,,,,,,
2200,City,245,Trip Completed,42563.75,42563.77,17.00,,,,,,,,
2382,Airport,245,Trip Completed,42563.82,42563.86,19.00,,,,,,,,
2957,City,245,Trip Completed,42564.28,42564.30,6.00,,,,,,,,
4626,City,245,Trip Completed,42565.47,42565.51,11.00,,,,,,,,
5392,City,245,Trip Completed,42566.02,42566.05,0.00,,,,,,,,
6114,City,245,Trip Completed,42566.63,42566.67,15.00,,,,,,,,
481,City,246,Trip Completed,42562.39,42562.42,9.00,,,,,,,,
739,Airport,246,Trip Completed,42562.65,42562.68,15.00,,,,,,,,
834,City,246,Trip Completed,42562.74,42562.76,17.00,,,,,,,,
1175,City,246,Trip Completed,42562.87,42562.92,20.00,,,,,,,,
1425,Airport,246,Trip Completed,42563.18,42563.23,4.00,,,,,,,,
2327,City,246,Trip Completed,42563.80,42563.84,19.00,,,,,,,,
2535,Airport,246,Trip Completed,42563.89,42563.93,21.00,,,,,,,,
2963,Airport,246,Trip Completed,42564.28,42564.32,6.00,,,,,,,,
4535,City,246,Trip Completed,42565.40,42565.43,9.00,,,,,,,,
5284,City,246,Trip Completed,42565.90,42565.95,21.00,,,,,,,,
6491,City,246,Trip Completed,42566.86,42566.88,20.00,,,,,,,,
222,Airport,247,Trip Completed,42562.26,42562.30,6.00,,,,,,,,
720,Airport,247,Trip Completed,42562.62,42562.65,14.00,,,,,,,,
1573,Airport,247,Trip Completed,42563.27,42563.31,6.00,,,,,,,,
2070,Airport,247,Trip Completed,42563.64,42563.67,15.00,,,,,,,,
3276,Airport,247,Trip Completed,42564.45,42564.46,10.00,,,,,,,,
3795,City,247,Trip Completed,42564.87,42564.89,20.00,,,,,,,,
4615,City,247,Trip Completed,42565.45,42565.50,10.00,,,,,,,,
6301,City,247,Trip Completed,42566.77,42566.81,18.00,,,,,,,,
338,City,248,Trip Completed,42562.33,42562.37,7.00,,,,,,,,
661,Airport,248,Trip Completed,42562.54,42562.59,12.00,,,,,,,,
1187,Airport,248,Trip Completed,42562.88,42562.91,21.00,,,,,,,,
1510,Airport,248,Trip Completed,42563.24,42563.27,5.00,,,,,,,,
1645,City,248,Trip Completed,42563.30,42563.35,7.00,,,,,,,,
2356,City,248,Trip Completed,42563.81,42563.83,19.00,,,,,,,,
3306,City,248,Trip Completed,42564.50,42564.53,11.00,,,,,,,,
6700,City,248,Trip Completed,42566.95,42567.00,22.00,,,,,,,,
198,Airport,249,Trip Completed,42562.25,42562.28,6.00,,,,,,,,
513,Airport,249,Trip Completed,42562.40,42562.45,9.00,,,,,,,,
727,Airport,249,Trip Completed,42562.63,42562.68,15.00,,,,,,,,
1094,Airport,249,Trip Completed,42562.84,42562.89,20.00,,,,,,,,
1508,Airport,249,Trip Completed,42563.24,42563.27,5.00,,,,,,,,
2987,Airport,249,Trip Completed,42564.29,42564.32,7.00,,,,,,,,
3485,City,249,Trip Completed,42564.73,42564.76,17.00,,,,,,,,
4971,City,249,Trip Completed,42565.78,42565.82,18.00,,,,,,,,
6617,City,249,Trip Completed,42566.91,42566.95,21.00,,,,,,,,
1735,City,250,Trip Completed,42563.35,42563.40,8.00,,,,,,,,
3311,City,250,Trip Completed,42564.50,42564.54,11.00,,,,,,,,
3455,City,250,Trip Completed,42564.71,42564.75,16.00,,,,,,,,
4009,Airport,250,Trip Completed,42564.99,42565.02,23.00,,,,,,,,
5444,City,250,Trip Completed,42566.13,42566.16,3.00,,,,,,,,
5700,Airport,250,Trip Completed,42566.32,42566.34,7.00,,,,,,,,
5897,City,250,Trip Completed,42566.41,42566.45,9.00,,,,,,,,
6573,City,250,Trip Completed,42566.88,42566.92,21.00,,,,,,,,
515,Airport,251,Trip Completed,42562.41,42562.46,9.00,,,,,,,,
697,City,251,Trip Completed,42562.58,42562.62,13.00,,,,,,,,
2591,City,251,Trip Completed,42563.91,42563.96,21.00,,,,,,,,
3009,Airport,251,Trip Completed,42564.31,42564.35,7.00,,,,,,,,
3281,City,251,Trip Completed,42564.45,42564.47,10.00,,,,,,,,
3323,Airport,251,Trip Completed,42564.52,42564.56,12.00,,,,,,,,
3872,City,251,Trip Completed,42564.91,42564.95,21.00,,,,,,,,
4288,City,251,Trip Completed,42565.27,42565.30,6.00,,,,,,,,
5145,City,251,Trip Completed,42565.85,42565.89,20.00,,,,,,,,
5586,City,251,Trip Completed,42566.25,42566.27,5.00,,,,,,,,
6000,Airport,251,Trip Completed,42566.50,42566.52,12.00,,,,,,,,
6488,City,251,Trip Completed,42566.85,42566.89,20.00,,,,,,,,
6757,Airport,251,Trip Completed,42567.00,42567.02,23.00,,,,,,,,
183,City,252,Trip Completed,42562.24,42562.27,5.00,,,,,,,,
1210,Airport,252,Trip Completed,42562.89,42562.94,21.00,,,,,,,,
1382,City,252,Trip Completed,42563.04,42563.07,1.00,,,,,,,,
1899,City,252,Trip Completed,42563.43,42563.48,10.00,,,,,,,,
3369,City,252,Trip Completed,42564.58,42564.62,13.00,,,,,,,,
4498,City,252,Trip Completed,42565.38,42565.41,9.00,,,,,,,,
5947,Airport,252,Trip Completed,42566.44,42566.47,10.00,,,,,,,,
6141,Airport,252,Trip Completed,42566.66,42566.69,15.00,,,,,,,,
382,City,253,Trip Completed,42562.35,42562.38,8.00,,,,,,,,
2035,City,253,Trip Completed,42563.59,42563.63,14.00,,,,,,,,
2762,Airport,253,Trip Completed,42564.16,42564.20,3.00,,,,,,,,
2857,City,253,Trip Completed,42564.23,42564.27,5.00,,,,,,,,
3236,City,253,Trip Completed,42564.42,42564.47,10.00,,,,,,,,
5056,Airport,253,Trip Completed,42565.81,42565.83,19.00,,,,,,,,
6221,City,253,Trip Completed,42566.73,42566.76,17.00,,,,,,,,
329,Airport,254,Trip Completed,42562.32,42562.37,7.00,,,,,,,,
465,City,254,Trip Completed,42562.39,42562.41,9.00,,,,,,,,
650,City,254,Trip Completed,42562.53,42562.58,12.00,,,,,,,,
900,Airport,254,Trip Completed,42562.76,42562.79,18.00,,,,,,,,
1309,City,254,Trip Completed,42562.94,42562.97,22.00,,,,,,,,
2340,Airport,254,Trip Completed,42563.80,42563.83,19.00,,,,,,,,
4043,City,254,Trip Completed,42565.03,42565.08,0.00,,,,,,,,
4264,City,254,Trip Completed,42565.26,42565.29,6.00,,,,,,,,
4788,City,254,Trip Completed,42565.69,42565.72,16.00,,,,,,,,
6046,City,254,Trip Completed,42566.56,42566.59,13.00,,,,,,,,
6182,City,254,Trip Completed,42566.71,42566.77,17.00,,,,,,,,
66,City,255,Trip Completed,42562.18,42562.20,4.00,,,,,,,,
688,Airport,255,Trip Completed,42562.57,42562.60,13.00,,,,,,,,
1924,City,255,Trip Completed,42563.46,42563.49,11.00,,,,,,,,
2463,City,255,Trip Completed,42563.86,42563.90,20.00,,,,,,,,
3679,Airport,255,Trip Completed,42564.81,42564.84,19.00,,,,,,,,
4351,Airport,255,Trip Completed,42565.31,42565.35,7.00,,,,,,,,
4699,City,255,Trip Completed,42565.55,42565.59,13.00,,,,,,,,
5313,Airport,255,Trip Completed,42565.92,42565.95,22.00,,,,,,,,
100,City,256,Trip Completed,42562.21,42562.24,5.00,,,,,,,,
1129,Airport,256,Trip Completed,42562.85,42562.90,20.00,,,,,,,,
2560,City,256,Trip Completed,42563.90,42563.92,21.00,,,,,,,,
2662,Airport,256,Trip Completed,42563.97,42564.01,23.00,,,,,,,,
2959,Airport,256,Trip Completed,42564.28,42564.32,6.00,,,,,,,,
4747,City,256,Trip Completed,42565.63,42565.68,15.00,,,,,,,,
5481,City,256,Trip Completed,42566.20,42566.23,4.00,,,,,,,,
6089,City,256,Trip Completed,42566.61,42566.65,14.00,,,,,,,,
1310,City,257,Trip Completed,42562.95,42562.98,22.00,,,,,,,,
1497,City,257,Trip Completed,42563.23,42563.28,5.00,,,,,,,,
3154,City,257,Trip Completed,42564.38,42564.43,9.00,,,,,,,,
3263,Airport,257,Trip Completed,42564.43,42564.48,10.00,,,,,,,,
4377,City,257,Trip Completed,42565.32,42565.34,7.00,,,,,,,,
6158,Airport,257,Trip Completed,42566.69,42566.74,16.00,,,,,,,,
6471,Airport,257,Trip Completed,42566.85,42566.90,20.00,,,,,,,,
6719,City,257,Trip Completed,42566.97,42566.99,23.00,,,,,,,,
663,Airport,258,Trip Completed,42562.54,42562.58,12.00,,,,,,,,
1059,Airport,258,Trip Completed,42562.83,42562.88,19.00,,,,,,,,
1279,City,258,Trip Completed,42562.92,42562.94,22.00,,,,,,,,
2683,City,258,Trip Completed,42563.01,42563.04,0.00,,,,,,,,
1940,Airport,258,Trip Completed,42563.47,42563.53,11.00,,,,,,,,
3420,City,258,Trip Completed,42564.65,42564.68,15.00,,,,,,,,
3905,City,258,Trip Completed,42564.92,42564.95,22.00,,,,,,,,
4665,City,258,Trip Completed,42565.51,42565.55,12.00,,,,,,,,
5970,City,258,Trip Completed,42566.46,42566.50,11.00,,,,,,,,
6232,City,258,Trip Completed,42566.74,42566.79,17.00,,,,,,,,
694,City,259,Trip Completed,42562.57,42562.60,13.00,,,,,,,,
1515,City,259,Trip Completed,42563.24,42563.26,5.00,,,,,,,,
1581,Airport,259,Trip Completed,42563.27,42563.31,6.00,,,,,,,,
3006,City,259,Trip Completed,42564.30,42564.35,7.00,,,,,,,,
3271,Airport,259,Trip Completed,42564.44,42564.49,10.00,,,,,,,,
4879,Airport,259,Trip Completed,42565.74,42565.77,17.00,,,,,,,,
5276,City,259,Trip Completed,42565.90,42565.95,21.00,,,,,,,,
6658,Airport,259,Trip Completed,42566.93,42566.97,22.00,,,,,,,,
394,Airport,260,Trip Completed,42562.35,42562.37,8.00,,,,,,,,
1442,Airport,260,Trip Completed,42563.20,42563.24,4.00,,,,,,,,
3274,Airport,260,Trip Completed,42564.44,42564.48,10.00,,,,,,,,
5051,Airport,260,Trip Completed,42565.81,42565.84,19.00,,,,,,,,
5345,Airport,260,Trip Completed,42565.95,42565.99,22.00,,,,,,,,
6499,City,260,Trip Completed,42566.86,42566.89,20.00,,,,,,,,
273,Airport,261,Trip Completed,42562.29,42562.33,6.00,,,,,,,,
794,City,261,Trip Completed,42562.71,42562.74,17.00,,,,,,,,
1044,City,261,Trip Completed,42562.82,42562.85,19.00,,,,,,,,
1629,Airport,261,Trip Completed,42563.29,42563.33,7.00,,,,,,,,
2050,Airport,261,Trip Completed,42563.62,42563.65,14.00,,,,,,,,
2209,City,261,Trip Completed,42563.75,42563.78,17.00,,,,,,,,
2953,City,261,Trip Completed,42564.28,42564.33,6.00,,,,,,,,
3508,City,261,Trip Completed,42564.74,42564.78,17.00,,,,,,,,
4674,City,261,Trip Completed,42565.53,42565.56,12.00,,,,,,,,
5786,City,261,Trip Completed,42566.35,42566.40,8.00,,,,,,,,
6017,Airport,261,Trip Completed,42566.53,42566.58,12.00,,,,,,,,
6613,City,261,Trip Completed,42566.91,42566.93,21.00,,,,,,,,
361,City,262,Trip Completed,42562.34,42562.37,8.00,,,,,,,,
1101,City,262,Trip Completed,42562.84,42562.88,20.00,,,,,,,,
1272,Airport,262,Trip Completed,42562.92,42562.96,22.00,,,,,,,,
2106,City,262,Trip Completed,42563.68,42563.70,16.00,,,,,,,,
2584,Airport,262,Trip Completed,42563.90,42563.94,21.00,,,,,,,,
3305,City,262,Trip Completed,42564.50,42564.54,11.00,,,,,,,,
4733,City,262,Trip Completed,42565.60,42565.64,14.00,,,,,,,,
6124,Airport,262,Trip Completed,42566.65,42566.67,15.00,,,,,,,,
751,Airport,263,Trip Completed,42562.67,42562.69,16.00,,,,,,,,
992,City,263,Trip Completed,42562.79,42562.84,19.00,,,,,,,,
1247,Airport,263,Trip Completed,42562.91,42562.95,21.00,,,,,,,,
1465,City,263,Trip Completed,42563.21,42563.26,4.00,,,,,,,,
1686,City,263,Trip Completed,42563.33,42563.38,7.00,,,,,,,,
2642,City,263,Trip Completed,42563.94,42563.98,22.00,,,,,,,,
2907,Airport,263,Trip Completed,42564.25,42564.30,6.00,,,,,,,,
3408,City,263,Trip Completed,42564.64,42564.68,15.00,,,,,,,,
4488,City,263,Trip Completed,42565.37,42565.40,8.00,,,,,,,,
6470,City,263,Trip Completed,42566.85,42566.89,20.00,,,,,,,,
5,Airport,264,Trip Completed,42562.03,42562.07,0.00,,,,,,,,
374,Airport,264,Trip Completed,42562.34,42562.38,8.00,,,,,,,,
721,City,264,Trip Completed,42562.62,42562.66,14.00,,,,,,,,
1130,City,264,Trip Completed,42562.85,42562.90,20.00,,,,,,,,
2449,Airport,264,Trip Completed,42563.85,42563.89,20.00,,,,,,,,
3755,Airport,264,Trip Completed,42564.86,42564.90,20.00,,,,,,,,
4521,City,264,Trip Completed,42565.39,42565.44,9.00,,,,,,,,
4977,City,264,Trip Completed,42565.78,42565.81,18.00,,,,,,,,
94,City,265,Trip Completed,42562.21,42562.25,4.00,,,,,,,,
1197,City,265,Trip Completed,42562.88,42562.92,21.00,,,,,,,,
1633,Airport,265,Trip Completed,42563.30,42563.34,7.00,,,,,,,,
1930,City,265,Trip Completed,42563.47,42563.51,11.00,,,,,,,,
6451,City,265,Trip Completed,42566.84,42566.88,20.00,,,,,,,,
389,City,266,Trip Completed,42562.35,42562.39,8.00,,,,,,,,
712,Airport,266,Trip Completed,42562.60,42562.63,14.00,,,,,,,,
972,Airport,266,Trip Completed,42562.79,42562.82,18.00,,,,,,,,
1811,City,266,Trip Completed,42563.38,42563.42,9.00,,,,,,,,
2126,City,266,Trip Completed,42563.70,42563.75,16.00,,,,,,,,
3383,City,266,Trip Completed,42564.60,42564.63,14.00,,,,,,,,
3594,City,266,Trip Completed,42564.77,42564.82,18.00,,,,,,,,
4337,City,266,Trip Completed,42565.30,42565.32,7.00,,,,,,,,
4694,Airport,266,Trip Completed,42565.54,42565.57,13.00,,,,,,,,
5891,Airport,266,Trip Completed,42566.40,42566.44,9.00,,,,,,,,
6035,Airport,266,Trip Completed,42566.54,42566.58,12.00,,,,,,,,
2604,City,267,Trip Completed,42563.92,42563.95,22.00,,,,,,,,
2761,City,267,Trip Completed,42564.16,42564.21,3.00,,,,,,,,
3496,Airport,267,Trip Completed,42564.73,42564.77,17.00,,,,,,,,
4950,City,267,Trip Completed,42565.77,42565.81,18.00,,,,,,,,
6762,Airport,267,Trip Completed,42566.01,42566.04,0.00,,,,,,,,
5825,Airport,267,Trip Completed,42566.37,42566.41,8.00,,,,,,,,
251,Airport,268,Trip Completed,42562.28,42562.30,6.00,,,,,,,,
618,City,268,Trip Completed,42562.50,42562.54,12.00,,,,,,,,
1595,Airport,268,Trip Completed,42563.27,42563.30,6.00,,,,,,,,
2087,Airport,268,Trip Completed,42563.66,42563.71,15.00,,,,,,,,
3334,Airport,268,Trip Completed,42564.52,42564.56,12.00,,,,,,,,
3950,City,268,Trip Completed,42564.95,42564.98,22.00,,,,,,,,
4378,City,268,Trip Completed,42565.32,42565.35,7.00,,,,,,,,
4714,City,268,Trip Completed,42565.56,42565.59,13.00,,,,,,,,
4777,City,268,Trip Completed,42565.68,42565.70,16.00,,,,,,,,
5619,Airport,268,Trip Completed,42566.27,42566.32,6.00,,,,,,,,
6649,Airport,268,Trip Completed,42566.92,42566.97,22.00,,,,,,,,
596,City,269,Trip Completed,42562.48,42562.52,11.00,,,,,,,,
910,Airport,269,Trip Completed,42562.76,42562.79,18.00,,,,,,,,
1751,Airport,269,Trip Completed,42563.36,42563.40,8.00,,,,,,,,
1952,City,269,Trip Completed,42563.48,42563.51,11.00,,,,,,,,
2814,City,269,Trip Completed,42564.22,42564.26,5.00,,,,,,,,
3425,City,269,Trip Completed,42564.66,42564.68,15.00,,,,,,,,
4525,Airport,269,Trip Completed,42565.39,42565.43,9.00,,,,,,,,
4661,City,269,Trip Completed,42565.51,42565.54,12.00,,,,,,,,
5533,City,269,Trip Completed,42566.22,42566.27,5.00,,,,,,,,
6101,City,269,Trip Completed,42566.62,42566.67,14.00,,,,,,,,
95,Airport,270,Trip Completed,42562.20,42562.25,4.00,,,,,,,,
944,City,270,Trip Completed,42562.77,42562.80,18.00,,,,,,,,
1066,Airport,270,Trip Completed,42562.83,42562.87,19.00,,,,,,,,
1592,City,270,Trip Completed,42563.28,42563.33,6.00,,,,,,,,
2461,Airport,270,Trip Completed,42563.86,42563.90,20.00,,,,,,,,
3039,Airport,270,Trip Completed,42564.32,42564.34,7.00,,,,,,,,
3768,City,270,Trip Completed,42564.86,42564.89,20.00,,,,,,,,
4277,City,270,Trip Completed,42565.27,42565.31,6.00,,,,,,,,
4658,City,270,Trip Completed,42565.51,42565.55,12.00,,,,,,,,
6111,City,270,Trip Completed,42566.63,42566.68,15.00,,,,,,,,
559,City,271,Trip Completed,42562.43,42562.46,10.00,,,,,,,,
860,City,271,Trip Completed,42562.75,42562.78,17.00,,,,,,,,
1724,City,271,Trip Completed,42563.35,42563.39,8.00,,,,,,,,
4409,City,271,Trip Completed,42565.34,42565.39,8.00,,,,,,,,
5534,City,271,Trip Completed,42566.22,42566.25,5.00,,,,,,,,
5908,Airport,271,Trip Completed,42566.41,42566.46,9.00,,,,,,,,
597,Airport,272,Trip Completed,42562.48,42562.51,11.00,,,,,,,,
1417,City,272,Trip Completed,42563.15,42563.17,3.00,,,,,,,,
1714,Airport,272,Trip Completed,42563.34,42563.39,8.00,,,,,,,,
1919,City,272,Trip Completed,42563.46,42563.51,10.00,,,,,,,,
3256,Airport,272,Trip Completed,42564.42,42564.45,10.00,,,,,,,,
5286,City,272,Trip Completed,42565.90,42565.94,21.00,,,,,,,,
5526,City,272,Trip Completed,42566.22,42566.26,5.00,,,,,,,,
5905,Airport,272,Trip Completed,42566.41,42566.44,9.00,,,,,,,,
6231,Airport,272,Trip Completed,42566.74,42566.77,17.00,,,,,,,,
258,Airport,273,Trip Completed,42562.28,42562.30,6.00,,,,,,,,
723,City,273,Trip Completed,42562.63,42562.66,15.00,,,,,,,,
930,City,273,Trip Completed,42562.77,42562.80,18.00,,,,,,,,
1498,City,273,Trip Completed,42563.23,42563.26,5.00,,,,,,,,
2553,Airport,273,Trip Completed,42563.89,42563.95,21.00,,,,,,,,
3777,Airport,273,Trip Completed,42564.87,42564.89,20.00,,,,,,,,
3914,City,273,Trip Completed,42564.92,42564.94,22.00,,,,,,,,
4114,City,273,Trip Completed,42565.17,42565.20,4.00,,,,,,,,
5703,Airport,273,Trip Completed,42566.31,42566.35,7.00,,,,,,,,
5888,City,273,Trip Completed,42566.40,42566.44,9.00,,,,,,,,
6042,Airport,273,Trip Completed,42566.55,42566.60,13.00,,,,,,,,
6150,Airport,273,Trip Completed,42566.68,42566.72,16.00,,,,,,,,
410,City,274,Trip Completed,42562.36,42562.39,8.00,,,,,,,,
610,Airport,274,Trip Completed,42562.49,42562.54,11.00,,,,,,,,
719,Airport,274,Trip Completed,42562.62,42562.65,14.00,,,,,,,,
1060,City,274,Trip Completed,42562.83,42562.87,19.00,,,,,,,,
1929,City,274,Trip Completed,42563.47,42563.51,11.00,,,,,,,,
2101,City,274,Trip Completed,42563.67,42563.72,16.00,,,,,,,,
2282,City,274,Trip Completed,42563.78,42563.82,18.00,,,,,,,,
3190,City,274,Trip Completed,42564.39,42564.45,9.00,,,,,,,,
3412,City,274,Trip Completed,42564.64,42564.67,15.00,,,,,,,,
3725,City,274,Trip Completed,42564.83,42564.88,20.00,,,,,,,,
4612,City,274,Trip Completed,42565.45,42565.48,10.00,,,,,,,,
5033,Airport,274,Trip Completed,42565.80,42565.84,19.00,,,,,,,,
5764,City,274,Trip Completed,42566.35,42566.38,8.00,,,,,,,,
6750,Airport,274,Trip Completed,42566.99,42567.03,23.00,,,,,,,,
314,Airport,275,Trip Completed,42562.31,42562.34,7.00,,,,,,,,
757,Airport,275,Trip Completed,42562.67,42562.70,16.00,,,,,,,,
2123,City,275,Trip Completed,42563.70,42563.74,16.00,,,,,,,,
2824,City,275,Trip Completed,42564.22,42564.27,5.00,,,,,,,,
3445,Airport,275,Trip Completed,42564.69,42564.72,16.00,,,,,,,,
3690,Airport,275,Trip Completed,42564.82,42564.87,19.00,,,,,,,,
5440,Airport,275,Trip Completed,42566.13,42566.17,3.00,,,,,,,,
6090,Airport,275,Trip Completed,42566.61,42566.63,14.00,,,,,,,,
303,Airport,276,Trip Completed,42562.30,42562.33,7.00,,,,,,,,
560,Airport,276,Trip Completed,42562.43,42562.48,10.00,,,,,,,,
1319,City,276,Trip Completed,42562.95,42562.99,22.00,,,,,,,,
1493,Airport,276,Trip Completed,42563.23,42563.27,5.00,,,,,,,,
1662,City,276,Trip Completed,42563.31,42563.36,7.00,,,,,,,,
2020,City,276,Trip Completed,42563.57,42563.61,13.00,,,,,,,,
2407,City,276,Trip Completed,42563.83,42563.87,19.00,,,,,,,,
2818,Airport,276,Trip Completed,42564.21,42564.23,5.00,,,,,,,,
3827,City,276,Trip Completed,42564.88,42564.92,21.00,,,,,,,,
4421,City,276,Trip Completed,42565.35,42565.39,8.00,,,,,,,,
5673,Airport,276,Trip Completed,42566.30,42566.32,7.00,,,,,,,,
6372,Airport,276,Trip Completed,42566.80,42566.82,19.00,,,,,,,,
6563,City,276,Trip Completed,42566.88,42566.93,21.00,,,,,,,,
579,City,277,Trip Completed,42562.46,42562.50,11.00,,,,,,,,
689,City,277,Trip Completed,42562.57,42562.60,13.00,,,,,,,,
724,Airport,277,Trip Completed,42562.63,42562.65,15.00,,,,,,,,
1499,City,277,Trip Completed,42563.23,42563.26,5.00,,,,,,,,
3960,Airport,277,Trip Completed,42564.95,42564.98,22.00,,,,,,,,
4919,Airport,277,Trip Completed,42565.76,42565.79,18.00,,,,,,,,
6334,Airport,277,Trip Completed,42566.78,42566.83,18.00,,,,,,,,
1577,Airport,278,Trip Completed,42563.27,42563.32,6.00,,,,,,,,
2197,Airport,278,Trip Completed,42563.75,42563.77,17.00,,,,,,,,
2509,City,278,Trip Completed,42563.88,42563.91,21.00,,,,,,,,
3514,Airport,278,Trip Completed,42564.74,42564.77,17.00,,,,,,,,
4588,City,278,Trip Completed,42565.42,42565.47,10.00,,,,,,,,
5929,Airport,278,Trip Completed,42566.42,42566.45,10.00,,,,,,,,
6335,City,278,Trip Completed,42566.78,42566.80,18.00,,,,,,,,
375,Airport,279,Trip Completed,42562.34,42562.39,8.00,,,,,,,,
555,City,279,Trip Completed,42562.43,42562.46,10.00,,,,,,,,
622,Airport,279,Trip Completed,42562.50,42562.55,12.00,,,,,,,,
1975,City,279,Trip Completed,42563.51,42563.57,12.00,,,,,,,,
2831,Airport,279,Trip Completed,42564.22,42564.27,5.00,,,,,,,,
3085,Airport,279,Trip Completed,42564.35,42564.37,8.00,,,,,,,,
3418,City,279,Trip Completed,42564.65,42564.70,15.00,,,,,,,,
3915,City,279,Trip Completed,42564.92,42564.98,22.00,,,,,,,,
4443,Airport,279,Trip Completed,42565.35,42565.40,8.00,,,,,,,,
5686,City,279,Trip Completed,42566.31,42566.35,7.00,,,,,,,,
6120,Airport,279,Trip Completed,42566.64,42566.67,15.00,,,,,,,,
6274,Airport,279,Trip Completed,42566.76,42566.79,18.00,,,,,,,,
6364,City,279,Trip Completed,42566.80,42566.83,19.00,,,,,,,,
89,City,280,Trip Completed,42562.20,42562.24,4.00,,,,,,,,
805,Airport,280,Trip Completed,42562.72,42562.76,17.00,,,,,,,,
2836,City,280,Trip Completed,42564.22,42564.27,5.00,,,,,,,,
3298,City,280,Trip Completed,42564.49,42564.53,11.00,,,,,,,,
5506,City,280,Trip Completed,42566.21,42566.24,5.00,,,,,,,,
6159,City,280,Trip Completed,42566.69,42566.72,16.00,,,,,,,,
6492,City,280,Trip Completed,42566.86,42566.89,20.00,,,,,,,,
592,City,281,Trip Completed,42562.47,42562.50,11.00,,,,,,,,
737,Airport,281,Trip Completed,42562.65,42562.67,15.00,,,,,,,,
1108,City,281,Trip Completed,42562.84,42562.87,20.00,,,,,,,,
1387,Airport,281,Trip Completed,42563.06,42563.10,1.00,,,,,,,,
2311,Airport,281,Trip Completed,42563.79,42563.83,19.00,,,,,,,,
2887,City,281,Trip Completed,42564.24,42564.27,5.00,,,,,,,,
3283,City,281,Trip Completed,42564.45,42564.48,10.00,,,,,,,,
4341,City,281,Trip Completed,42565.30,42565.35,7.00,,,,,,,,
5025,Airport,281,Trip Completed,42565.80,42565.84,19.00,,,,,,,,
5437,Airport,281,Trip Completed,42566.12,42566.16,2.00,,,,,,,,
5652,City,281,Trip Completed,42566.29,42566.34,6.00,,,,,,,,
672,Airport,282,Trip Completed,42562.56,42562.60,13.00,,,,,,,,
1578,Airport,282,Trip Completed,42563.27,42563.32,6.00,,,,,,,,
4506,City,282,Trip Completed,42565.38,42565.42,9.00,,,,,,,,
4762,City,282,Trip Completed,42565.64,42565.68,15.00,,,,,,,,
6081,City,282,Trip Completed,42566.60,42566.63,14.00,,,,,,,,
6503,City,282,Trip Completed,42566.85,42566.89,20.00,,,,,,,,
649,City,283,Trip Completed,42562.53,42562.55,12.00,,,,,,,,
1040,City,283,Trip Completed,42562.81,42562.84,19.00,,,,,,,,
1461,Airport,283,Trip Completed,42563.21,42563.26,4.00,,,,,,,,
2497,City,283,Trip Completed,42563.87,42563.90,20.00,,,,,,,,
2758,City,283,Trip Completed,42564.16,42564.18,3.00,,,,,,,,
2991,Airport,283,Trip Completed,42564.30,42564.34,7.00,,,,,,,,
3458,City,283,Trip Completed,42564.71,42564.75,17.00,,,,,,,,
3830,Airport,283,Trip Completed,42564.89,42564.92,21.00,,,,,,,,
6685,Airport,283,Trip Completed,42566.94,42566.98,22.00,,,,,,,,
420,City,284,Trip Completed,42562.36,42562.39,8.00,,,,,,,,
662,City,284,Trip Completed,42562.54,42562.58,12.00,,,,,,,,
791,Airport,284,Trip Completed,42562.70,42562.73,16.00,,,,,,,,
1164,City,284,Trip Completed,42562.87,42562.90,20.00,,,,,,,,
2939,City,284,Trip Completed,42564.27,42564.30,6.00,,,,,,,,
3867,City,284,Trip Completed,42564.91,42564.93,21.00,,,,,,,,
4290,City,284,Trip Completed,42565.28,42565.32,6.00,,,,,,,,
4400,Airport,284,Trip Completed,42565.33,42565.36,8.00,,,,,,,,
5100,Airport,284,Trip Completed,42565.83,42565.86,19.00,,,,,,,,
5956,City,284,Trip Completed,42566.45,42566.49,10.00,,,,,,,,
6701,City,284,Trip Completed,42566.95,42566.98,22.00,,,,,,,,
1,Airport,285,Trip Completed,42562.01,42562.04,0.00,,,,,,,,
1923,City,285,Trip Completed,42563.46,42563.50,11.00,,,,,,,,
3804,Airport,285,Trip Completed,42564.88,42564.90,21.00,,,,,,,,
4876,Airport,285,Trip Completed,42565.74,42565.77,17.00,,,,,,,,
5428,Airport,285,Trip Completed,42566.10,42566.13,2.00,,,,,,,,
6452,City,285,Trip Completed,42566.84,42566.87,20.00,,,,,,,,
6703,City,285,Trip Completed,42566.95,42566.98,22.00,,,,,,,,
116,Airport,286,Trip Completed,42562.21,42562.25,5.00,,,,,,,,
761,Airport,286,Trip Completed,42562.67,42562.72,16.00,,,,,,,,
932,City,286,Trip Completed,42562.77,42562.81,18.00,,,,,,,,
1217,City,286,Trip Completed,42562.89,42562.94,21.00,,,,,,,,
1617,Airport,286,Trip Completed,42563.29,42563.31,6.00,,,,,,,,
1849,Airport,286,Trip Completed,42563.40,42563.44,9.00,,,,,,,,
2055,City,286,Trip Completed,42563.62,42563.65,14.00,,,,,,,,
2841,Airport,286,Trip Completed,42564.22,42564.25,5.00,,,,,,,,
5983,City,286,Trip Completed,42566.49,42566.51,11.00,,,,,,,,
6016,Airport,286,Trip Completed,42566.52,42566.56,12.00,,,,,,,,
845,City,287,Trip Completed,42562.74,42562.79,17.00,,,,,,,,
1832,Airport,287,Trip Completed,42563.40,42563.42,9.00,,,,,,,,
2740,Airport,287,Trip Completed,42564.12,42564.17,2.00,,,,,,,,
3622,Airport,287,Trip Completed,42564.79,42564.84,18.00,,,,,,,,
3979,City,287,Trip Completed,42564.97,42564.99,23.00,,,,,,,,
5749,Airport,287,Trip Completed,42566.33,42566.37,7.00,,,,,,,,
6633,City,287,Trip Completed,42566.92,42566.95,21.00,,,,,,,,
1301,Airport,288,Trip Completed,42562.94,42562.97,22.00,,,,,,,,
2203,City,288,Trip Completed,42563.75,42563.77,17.00,,,,,,,,
2569,City,288,Trip Completed,42563.90,42563.92,21.00,,,,,,,,
3621,Airport,288,Trip Completed,42564.79,42564.82,18.00,,,,,,,,
4051,City,288,Trip Completed,42565.05,42565.09,1.00,,,,,,,,
4831,City,288,Trip Completed,42565.73,42565.77,17.00,,,,,,,,
158,City,289,Trip Completed,42562.23,42562.28,5.00,,,,,,,,
1290,City,289,Trip Completed,42562.93,42562.96,22.00,,,,,,,,
2441,City,289,Trip Completed,42563.85,42563.89,20.00,,,,,,,,
3681,Airport,289,Trip Completed,42564.81,42564.86,19.00,,,,,,,,
4511,Airport,289,Trip Completed,42565.38,42565.43,9.00,,,,,,,,
4684,City,289,Trip Completed,42565.54,42565.56,12.00,,,,,,,,
5606,City,289,Trip Completed,42566.26,42566.31,6.00,,,,,,,,
5708,Airport,289,Trip Completed,42566.32,42566.34,7.00,,,,,,,,
5960,Airport,289,Trip Completed,42566.45,42566.48,10.00,,,,,,,,
6014,City,289,Trip Completed,42566.52,42566.56,12.00,,,,,,,,
6193,City,289,Trip Completed,42566.72,42566.75,17.00,,,,,,,,
6635,City,289,Trip Completed,42566.92,42566.96,22.00,,,,,,,,
82,Airport,290,Trip Completed,42562.20,42562.22,4.00,,,,,,,,
2518,Airport,290,Trip Completed,42563.88,42563.92,21.00,,,,,,,,
2644,City,290,Trip Completed,42563.94,42563.97,22.00,,,,,,,,
3280,Airport,290,Trip Completed,42564.45,42564.47,10.00,,,,,,,,
3486,City,290,Trip Completed,42564.72,42564.77,17.00,,,,,,,,
5297,City,290,Trip Completed,42565.91,42565.93,21.00,,,,,,,,
5802,City,290,Trip Completed,42566.36,42566.38,8.00,,,,,,,,
6675,City,290,Trip Completed,42566.93,42566.97,22.00,,,,,,,,
2025,City,291,Trip Completed,42563.58,42563.62,13.00,,,,,,,,
2270,City,291,Trip Completed,42563.77,42563.80,18.00,,,,,,,,
3701,Airport,291,Trip Completed,42564.82,42564.87,19.00,,,,,,,,
4618,City,291,Trip Completed,42565.46,42565.49,11.00,,,,,,,,
4909,Airport,291,Trip Completed,42565.75,42565.77,18.00,,,,,,,,
5578,City,291,Trip Completed,42566.24,42566.28,5.00,,,,,,,,
6404,Airport,291,Trip Completed,42566.81,42566.84,19.00,,,,,,,,
6623,City,291,Trip Completed,42566.91,42566.97,21.00,,,,,,,,
6738,Airport,291,Trip Completed,42566.99,42567.02,23.00,,,,,,,,
497,City,292,Trip Completed,42562.40,42562.42,9.00,,,,,,,,
1071,Airport,292,Trip Completed,42562.83,42562.86,19.00,,,,,,,,
1709,City,292,Trip Completed,42563.34,42563.38,8.00,,,,,,,,
2348,City,292,Trip Completed,42563.81,42563.85,19.00,,,,,,,,
3342,Airport,292,Trip Completed,42564.54,42564.57,12.00,,,,,,,,
1008,Airport,293,Trip Completed,42562.80,42562.84,19.00,,,,,,,,
2430,City,293,Trip Completed,42563.84,42563.86,20.00,,,,,,,,
3352,City,293,Trip Completed,42564.56,42564.59,13.00,,,,,,,,
3748,City,293,Trip Completed,42564.85,42564.89,20.00,,,,,,,,
5687,City,293,Trip Completed,42566.30,42566.33,7.00,,,,,,,,
6724,Airport,293,Trip Completed,42566.97,42567.01,23.00,,,,,,,,
152,City,294,Trip Completed,42562.23,42562.26,5.00,,,,,,,,
1207,Airport,294,Trip Completed,42562.89,42562.94,21.00,,,,,,,,
1377,Airport,294,Trip Completed,42563.04,42563.08,0.00,,,,,,,,
1606,Airport,294,Trip Completed,42563.28,42563.33,6.00,,,,,,,,
1920,City,294,Trip Completed,42563.46,42563.50,10.00,,,,,,,,
2856,Airport,294,Trip Completed,42564.23,42564.28,5.00,,,,,,,,
3277,City,294,Trip Completed,42564.45,42564.46,10.00,,,,,,,,
4501,City,294,Trip Completed,42565.38,42565.41,9.00,,,,,,,,
5194,City,294,Trip Completed,42565.86,42565.89,20.00,,,,,,,,
5519,Airport,294,Trip Completed,42566.22,42566.25,5.00,,,,,,,,
6509,City,294,Trip Completed,42566.86,42566.91,20.00,,,,,,,,
476,City,295,Trip Completed,42562.39,42562.42,9.00,,,,,,,,
1052,Airport,295,Trip Completed,42562.82,42562.87,19.00,,,,,,,,
1743,Airport,295,Trip Completed,42563.35,42563.38,8.00,,,,,,,,
3157,Airport,295,Trip Completed,42564.38,42564.41,9.00,,,,,,,,
5255,Airport,295,Trip Completed,42565.89,42565.92,21.00,,,,,,,,
6475,City,295,Trip Completed,42566.85,42566.88,20.00,,,,,,,,
477,City,296,Trip Completed,42562.39,42562.45,9.00,,,,,,,,
643,City,296,Trip Completed,42562.52,42562.56,12.00,,,,,,,,
1152,Airport,296,Trip Completed,42562.86,42562.89,20.00,,,,,,,,
1333,City,296,Trip Completed,42562.97,42563.01,23.00,,,,,,,,
1659,City,296,Trip Completed,42563.31,42563.34,7.00,,,,,,,,
2657,Airport,296,Trip Completed,42563.97,42564.02,23.00,,,,,,,,
2898,Airport,296,Trip Completed,42564.25,42564.29,6.00,,,,,,,,
3852,Airport,296,Trip Completed,42564.90,42564.93,21.00,,,,,,,,
5342,City,296,Trip Completed,42565.94,42565.97,22.00,,,,,,,,
5634,Airport,296,Trip Completed,42566.28,42566.30,6.00,,,,,,,,
30,Airport,297,Trip Completed,42562.09,42562.11,2.00,,,,,,,,
195,City,297,Trip Completed,42562.25,42562.29,6.00,,,,,,,,
993,City,297,Trip Completed,42562.79,42562.82,19.00,,,,,,,,
1774,Airport,297,Trip Completed,42563.37,42563.42,8.00,,,,,,,,
2648,City,297,Trip Completed,42563.95,42563.99,22.00,,,,,,,,
2979,Airport,297,Trip Completed,42564.29,42564.33,6.00,,,,,,,,
3676,City,297,Trip Completed,42564.81,42564.85,19.00,,,,,,,,
4041,Airport,297,Trip Completed,42565.03,42565.05,0.00,,,,,,,,
4147,Airport,297,Trip Completed,42565.20,42565.25,4.00,,,,,,,,
4859,Airport,297,Trip Completed,42565.73,42565.77,17.00,,,,,,,,
6067,Airport,297,Trip Completed,42566.58,42566.62,13.00,,,,,,,,
1690,Airport,298,Trip Completed,42563.33,42563.37,7.00,,,,,,,,
2404,Airport,298,Trip Completed,42563.83,42563.87,20.00,,,,,,,,
3313,City,298,Trip Completed,42564.50,42564.54,12.00,,,,,,,,
3559,City,298,Trip Completed,42564.76,42564.81,18.00,,,,,,,,
4018,Airport,298,Trip Completed,42565.00,42565.04,23.00,,,,,,,,
4121,Airport,298,Trip Completed,42565.19,42565.21,4.00,,,,,,,,
4224,City,298,Trip Completed,42565.24,42565.29,5.00,,,,,,,,
4810,City,298,Trip Completed,42565.72,42565.75,17.00,,,,,,,,
5295,City,298,Trip Completed,42565.91,42565.95,21.00,,,,,,,,
5381,Airport,298,Trip Completed,42566.00,42566.03,23.00,,,,,,,,
6271,City,298,Trip Completed,42566.76,42566.79,18.00,,,,,,,,
1244,City,299,Trip Completed,42562.90,42562.93,21.00,,,,,,,,
2249,City,299,Trip Completed,42563.77,42563.80,18.00,,,,,,,,
3045,Airport,299,Trip Completed,42564.32,42564.35,7.00,,,,,,,,
3817,Airport,299,Trip Completed,42564.88,42564.92,21.00,,,,,,,,
4481,City,299,Trip Completed,42565.37,42565.41,8.00,,,,,,,,
5160,City,299,Trip Completed,42565.85,42565.88,20.00,,,,,,,,
6304,City,299,Trip Completed,42566.77,42566.81,18.00,,,,,,,,
1315,Airport,300,Trip Completed,42562.95,42562.98,22.00,,,,,,,,
2924,City,300,Trip Completed,42564.27,42564.31,6.00,,,,,,,,
3324,Airport,300,Trip Completed,42564.52,42564.55,12.00,,,,,,,,
3935,Airport,300,Trip Completed,42564.93,42564.99,22.00,,,,,,,,
5844,Airport,300,Trip Completed,42566.38,42566.41,9.00,,,,,,,,
2905,City,1,Cancelled,42564.26,,6.00,,,,,,,,
4805,City,1,Cancelled,42565.71,,17.00,,,,,,,,
5202,Airport,1,Cancelled,42565.87,,20.00,,,,,,,,
5927,City,1,Cancelled,42566.43,,10.00,,,,,,,,
2347,Airport,2,Cancelled,42563.80,,19.00,,,,,,,,
3806,Airport,2,Cancelled,42564.87,,20.00,,,,,,,,
4451,City,2,Cancelled,42565.36,,8.00,,,,,,,,
5023,Airport,2,Cancelled,42565.79,,19.00,,,,,,,,
80,City,3,Cancelled,42562.20,,4.00,,,,,,,,
534,City,3,Cancelled,42562.42,,10.00,,,,,,,,
1867,Airport,3,Cancelled,42563.42,,9.00,,,,,,,,
4383,City,3,Cancelled,42565.33,,7.00,,,,,,,,
748,City,4,Cancelled,42562.66,,15.00,,,,,,,,
1254,Airport,4,Cancelled,42562.91,,21.00,,,,,,,,
3807,Airport,4,Cancelled,42564.87,,20.00,,,,,,,,
4280,City,4,Cancelled,42565.27,,6.00,,,,,,,,
4533,City,4,Cancelled,42565.40,,9.00,,,,,,,,
3230,City,5,Cancelled,42564.42,,10.00,,,,,,,,
4296,City,5,Cancelled,42565.28,,6.00,,,,,,,,
3059,City,6,Cancelled,42564.33,,7.00,,,,,,,,
5547,City,6,Cancelled,42566.23,,5.00,,,,,,,,
5699,City,6,Cancelled,42566.31,,7.00,,,,,,,,
5701,City,6,Cancelled,42566.32,,7.00,,,,,,,,
247,City,7,Cancelled,42562.27,,6.00,,,,,,,,
2582,Airport,7,Cancelled,42563.90,,21.00,,,,,,,,
3184,City,7,Cancelled,42564.39,,9.00,,,,,,,,
1687,City,8,Cancelled,42563.33,,7.00,,,,,,,,
4174,City,8,Cancelled,42565.22,,5.00,,,,,,,,
4335,City,8,Cancelled,42565.30,,7.00,,,,,,,,
150,City,9,Cancelled,42562.23,,5.00,,,,,,,,
233,City,9,Cancelled,42562.27,,6.00,,,,,,,,
1880,City,9,Cancelled,42563.42,,10.00,,,,,,,,
2986,City,9,Cancelled,42564.30,,7.00,,,,,,,,
3549,City,9,Cancelled,42564.75,,18.00,,,,,,,,
4463,City,9,Cancelled,42565.36,,8.00,,,,,,,,
4178,City,10,Cancelled,42565.22,,5.00,,,,,,,,
4599,City,10,Cancelled,42565.42,,10.00,,,,,,,,
4667,Airport,10,Cancelled,42565.52,,12.00,,,,,,,,
570,City,13,Cancelled,42562.44,,10.00,,,,,,,,
1691,City,13,Cancelled,42563.33,,7.00,,,,,,,,
3499,City,13,Cancelled,42564.74,,17.00,,,,,,,,
4467,City,13,Cancelled,42565.36,,8.00,,,,,,,,
2799,City,14,Cancelled,42564.21,,4.00,,,,,,,,
3822,Airport,14,Cancelled,42564.88,,21.00,,,,,,,,
4456,City,14,Cancelled,42565.36,,8.00,,,,,,,,
4685,Airport,14,Cancelled,42565.54,,13.00,,,,,,,,
306,City,15,Cancelled,42562.31,,7.00,,,,,,,,
2888,City,15,Cancelled,42564.25,,5.00,,,,,,,,
92,City,16,Cancelled,42562.20,,4.00,,,,,,,,
3138,City,16,Cancelled,42564.37,,8.00,,,,,,,,
3810,City,16,Cancelled,42564.88,,21.00,,,,,,,,
4580,City,16,Cancelled,42565.42,,9.00,,,,,,,,
5784,City,16,Cancelled,42566.36,,8.00,,,,,,,,
1648,City,17,Cancelled,42563.31,,7.00,,,,,,,,
2883,City,17,Cancelled,42564.25,,5.00,,,,,,,,
4272,City,17,Cancelled,42565.27,,6.00,,,,,,,,
5621,City,17,Cancelled,42566.27,,6.00,,,,,,,,
5696,City,17,Cancelled,42566.31,,7.00,,,,,,,,
5662,City,18,Cancelled,42566.30,,7.00,,,,,,,,
1894,Airport,19,Cancelled,42563.43,,10.00,,,,,,,,
2854,City,19,Cancelled,42564.23,,5.00,,,,,,,,
4968,City,19,Cancelled,42565.78,,18.00,,,,,,,,
352,City,20,Cancelled,42562.33,,7.00,,,,,,,,
1841,City,20,Cancelled,42563.40,,9.00,,,,,,,,
1885,City,20,Cancelled,42563.42,,10.00,,,,,,,,
3170,City,20,Cancelled,42564.38,,9.00,,,,,,,,
4586,City,20,Cancelled,42565.42,,10.00,,,,,,,,
5208,Airport,20,Cancelled,42565.87,,20.00,,,,,,,,
5472,City,20,Cancelled,42566.20,,4.00,,,,,,,,
96,City,21,Cancelled,42562.21,,4.00,,,,,,,,
132,City,21,Cancelled,42562.22,,5.00,,,,,,,,
2899,City,21,Cancelled,42564.25,,5.00,,,,,,,,
3166,City,21,Cancelled,42564.38,,9.00,,,,,,,,
232,City,22,Cancelled,42562.27,,6.00,,,,,,,,
275,City,22,Cancelled,42562.29,,7.00,,,,,,,,
554,City,22,Cancelled,42562.43,,10.00,,,,,,,,
4326,City,22,Cancelled,42565.30,,7.00,,,,,,,,
5723,City,22,Cancelled,42566.32,,7.00,,,,,,,,
1462,Airport,23,Cancelled,42563.21,,5.00,,,,,,,,
196,Airport,24,Cancelled,42562.25,,6.00,,,,,,,,
236,City,24,Cancelled,42562.27,,6.00,,,,,,,,
1502,City,24,Cancelled,42563.23,,5.00,,,,,,,,
1615,City,24,Cancelled,42563.29,,6.00,,,,,,,,
3079,City,24,Cancelled,42564.34,,8.00,,,,,,,,
6249,Airport,24,Cancelled,42566.75,,17.00,,,,,,,,
1794,City,25,Cancelled,42563.38,,9.00,,,,,,,,
4546,City,25,Cancelled,42565.40,,9.00,,,,,,,,
2913,City,26,Cancelled,42564.26,,6.00,,,,,,,,
276,City,27,Cancelled,42562.29,,6.00,,,,,,,,
1613,City,27,Cancelled,42563.28,,6.00,,,,,,,,
3150,City,27,Cancelled,42564.37,,8.00,,,,,,,,
3217,City,27,Cancelled,42564.41,,9.00,,,,,,,,
4523,City,27,Cancelled,42565.39,,9.00,,,,,,,,
4593,City,27,Cancelled,42565.42,,10.00,,,,,,,,
5476,Airport,27,Cancelled,42566.20,,4.00,,,,,,,,
5477,City,27,Cancelled,42566.20,,4.00,,,,,,,,
5846,City,27,Cancelled,42566.38,,9.00,,,,,,,,
1539,City,28,Cancelled,42563.25,,6.00,,,,,,,,
1770,City,28,Cancelled,42563.37,,8.00,,,,,,,,
1921,City,28,Cancelled,42563.46,,10.00,,,,,,,,
3073,City,28,Cancelled,42564.33,,8.00,,,,,,,,
4795,Airport,28,Cancelled,42565.71,,16.00,,,,,,,,
2079,Airport,29,Cancelled,42563.65,,15.00,,,,,,,,
3179,City,29,Cancelled,42564.39,,9.00,,,,,,,,
5872,City,29,Cancelled,42566.39,,9.00,,,,,,,,
218,City,30,Cancelled,42562.26,,6.00,,,,,,,,
840,Airport,30,Cancelled,42562.74,,17.00,,,,,,,,
1642,City,30,Cancelled,42563.30,,7.00,,,,,,,,
3307,City,30,Cancelled,42564.50,,12.00,,,,,,,,
1475,City,31,Cancelled,42563.22,,5.00,,,,,,,,
2179,Airport,31,Cancelled,42563.73,,17.00,,,,,,,,
3080,City,31,Cancelled,42564.34,,8.00,,,,,,,,
3771,Airport,31,Cancelled,42564.86,,20.00,,,,,,,,
5847,Airport,31,Cancelled,42566.38,,9.00,,,,,,,,
5875,City,31,Cancelled,42566.39,,9.00,,,,,,,,
400,City,32,Cancelled,42562.35,,8.00,,,,,,,,
2146,Airport,32,Cancelled,42563.72,,17.00,,,,,,,,
2942,City,32,Cancelled,42564.28,,6.00,,,,,,,,
4418,City,32,Cancelled,42565.35,,8.00,,,,,,,,
2305,City,33,Cancelled,42563.79,,18.00,,,,,,,,
5637,City,33,Cancelled,42566.28,,6.00,,,,,,,,
5838,City,33,Cancelled,42566.38,,9.00,,,,,,,,
457,City,34,Cancelled,42562.39,,9.00,,,,,,,,
511,City,34,Cancelled,42562.40,,9.00,,,,,,,,
4146,City,34,Cancelled,42565.20,,4.00,,,,,,,,
4242,City,34,Cancelled,42565.25,,6.00,,,,,,,,
4470,City,34,Cancelled,42565.37,,8.00,,,,,,,,
2530,City,35,Cancelled,42563.88,,21.00,,,,,,,,
2596,City,35,Cancelled,42563.91,,21.00,,,,,,,,
5754,City,35,Cancelled,42566.34,,8.00,,,,,,,,
200,City,36,Cancelled,42562.26,,6.00,,,,,,,,
1531,City,36,Cancelled,42563.25,,5.00,,,,,,,,
5715,City,36,Cancelled,42566.32,,7.00,,,,,,,,
3130,City,37,Cancelled,42564.36,,8.00,,,,,,,,
4133,City,37,Cancelled,42565.20,,4.00,,,,,,,,
4419,City,37,Cancelled,42565.35,,8.00,,,,,,,,
4547,City,37,Cancelled,42565.40,,9.00,,,,,,,,
5613,City,37,Cancelled,42566.26,,6.00,,,,,,,,
572,Airport,38,Cancelled,42562.45,,10.00,,,,,,,,
1566,City,38,Cancelled,42563.27,,6.00,,,,,,,,
2266,Airport,38,Cancelled,42563.77,,18.00,,,,,,,,
4390,City,38,Cancelled,42565.33,,8.00,,,,,,,,
4545,City,38,Cancelled,42565.41,,9.00,,,,,,,,
4572,City,38,Cancelled,42565.41,,9.00,,,,,,,,
1649,City,39,Cancelled,42563.31,,7.00,,,,,,,,
3008,City,39,Cancelled,42564.31,,7.00,,,,,,,,
4480,City,39,Cancelled,42565.37,,8.00,,,,,,,,
5713,City,39,Cancelled,42566.32,,7.00,,,,,,,,
5866,City,39,Cancelled,42566.39,,9.00,,,,,,,,
5945,Airport,39,Cancelled,42566.44,,10.00,,,,,,,,
126,City,40,Cancelled,42562.21,,5.00,,,,,,,,
436,City,40,Cancelled,42562.37,,8.00,,,,,,,,
1620,City,40,Cancelled,42563.29,,6.00,,,,,,,,
2206,City,40,Cancelled,42563.75,,17.00,,,,,,,,
3221,City,40,Cancelled,42564.41,,9.00,,,,,,,,
5583,City,40,Cancelled,42566.25,,5.00,,,,,,,,
2131,City,41,Cancelled,42563.71,,17.00,,,,,,,,
401,City,43,Cancelled,42562.35,,8.00,,,,,,,,
461,City,43,Cancelled,42562.39,,9.00,,,,,,,,
2946,City,43,Cancelled,42564.27,,6.00,,,,,,,,
289,City,44,Cancelled,42562.30,,7.00,,,,,,,,
1303,City,44,Cancelled,42562.94,,22.00,,,,,,,,
1817,City,44,Cancelled,42563.40,,9.00,,,,,,,,
2970,City,44,Cancelled,42564.29,,6.00,,,,,,,,
4519,City,44,Cancelled,42565.39,,9.00,,,,,,,,
5830,City,44,Cancelled,42566.37,,8.00,,,,,,,,
5880,City,44,Cancelled,42566.40,,9.00,,,,,,,,
1520,City,45,Cancelled,42563.24,,5.00,,,,,,,,
1789,City,45,Cancelled,42563.38,,9.00,,,,,,,,
2484,Airport,45,Cancelled,42563.86,,20.00,,,,,,,,
4312,City,45,Cancelled,42565.28,,6.00,,,,,,,,
4363,City,45,Cancelled,42565.31,,7.00,,,,,,,,
5716,City,45,Cancelled,42566.32,,7.00,,,,,,,,
5775,City,45,Cancelled,42566.35,,8.00,,,,,,,,
424,City,46,Cancelled,42562.37,,8.00,,,,,,,,
377,City,47,Cancelled,42562.34,,8.00,,,,,,,,
454,City,47,Cancelled,42562.38,,9.00,,,,,,,,
1603,City,47,Cancelled,42563.28,,6.00,,,,,,,,
5300,Airport,47,Cancelled,42565.91,,21.00,,,,,,,,
6560,City,47,Cancelled,42566.88,,21.00,,,,,,,,
2526,Airport,48,Cancelled,42563.88,,21.00,,,,,,,,
2926,City,48,Cancelled,42564.27,,6.00,,,,,,,,
141,City,49,Cancelled,42562.22,,5.00,,,,,,,,
491,City,49,Cancelled,42562.40,,9.00,,,,,,,,
1875,City,49,Cancelled,42563.42,,10.00,,,,,,,,
4906,City,49,Cancelled,42565.75,,18.00,,,,,,,,
209,City,50,Cancelled,42562.26,,6.00,,,,,,,,
278,City,50,Cancelled,42562.29,,6.00,,,,,,,,
1381,City,50,Cancelled,42563.05,,1.00,,,,,,,,
5473,City,50,Cancelled,42566.20,,4.00,,,,,,,,
5479,City,50,Cancelled,42566.20,,4.00,,,,,,,,
6228,City,50,Cancelled,42566.74,,17.00,,,,,,,,
2940,City,51,Cancelled,42564.27,,6.00,,,,,,,,
5780,City,51,Cancelled,42566.35,,8.00,,,,,,,,
1781,City,52,Cancelled,42563.38,,9.00,,,,,,,,
1787,City,52,Cancelled,42563.38,,9.00,,,,,,,,
2423,Airport,52,Cancelled,42563.84,,20.00,,,,,,,,
4148,City,52,Cancelled,42565.21,,4.00,,,,,,,,
411,City,53,Cancelled,42562.36,,8.00,,,,,,,,
3727,Airport,53,Cancelled,42564.84,,20.00,,,,,,,,
4847,City,53,Cancelled,42565.73,,17.00,,,,,,,,
216,City,54,Cancelled,42562.26,,6.00,,,,,,,,
1898,City,54,Cancelled,42563.44,,10.00,,,,,,,,
2077,City,54,Cancelled,42563.65,,15.00,,,,,,,,
2486,Airport,54,Cancelled,42563.87,,20.00,,,,,,,,
2809,City,54,Cancelled,42564.21,,5.00,,,,,,,,
2900,City,54,Cancelled,42564.25,,6.00,,,,,,,,
3022,City,54,Cancelled,42564.32,,7.00,,,,,,,,
3211,City,54,Cancelled,42564.41,,9.00,,,,,,,,
4356,City,54,Cancelled,42565.31,,7.00,,,,,,,,
6208,City,54,Cancelled,42566.73,,17.00,,,,,,,,
6571,City,54,Cancelled,42566.89,,21.00,,,,,,,,
237,City,56,Cancelled,42562.27,,6.00,,,,,,,,
4328,City,56,Cancelled,42565.30,,7.00,,,,,,,,
4757,Airport,56,Cancelled,42565.65,,15.00,,,,,,,,
323,City,57,Cancelled,42562.32,,7.00,,,,,,,,
421,City,57,Cancelled,42562.36,,8.00,,,,,,,,
1458,City,57,Cancelled,42563.20,,4.00,,,,,,,,
3920,City,57,Cancelled,42564.93,,22.00,,,,,,,,
4401,City,57,Cancelled,42565.34,,8.00,,,,,,,,
1034,Airport,58,Cancelled,42562.81,,19.00,,,,,,,,
1543,City,58,Cancelled,42563.25,,6.00,,,,,,,,
2909,City,58,Cancelled,42564.26,,6.00,,,,,,,,
3015,City,58,Cancelled,42564.32,,7.00,,,,,,,,
4165,City,58,Cancelled,42565.21,,5.00,,,,,,,,
5410,City,58,Cancelled,42566.07,,1.00,,,,,,,,
328,City,59,Cancelled,42562.31,,7.00,,,,,,,,
580,City,59,Cancelled,42562.46,,10.00,,,,,,,,
4357,City,59,Cancelled,42565.31,,7.00,,,,,,,,
4560,City,59,Cancelled,42565.41,,9.00,,,,,,,,
5647,City,59,Cancelled,42566.29,,6.00,,,,,,,,
5704,City,59,Cancelled,42566.32,,7.00,,,,,,,,
2855,City,60,Cancelled,42564.23,,5.00,,,,,,,,
5565,City,60,Cancelled,42566.24,,5.00,,,,,,,,
235,City,61,Cancelled,42562.27,,6.00,,,,,,,,
2109,Airport,61,Cancelled,42563.68,,16.00,,,,,,,,
4230,City,61,Cancelled,42565.24,,5.00,,,,,,,,
111,City,62,Cancelled,42562.21,,5.00,,,,,,,,
168,City,62,Cancelled,42562.23,,5.00,,,,,,,,
187,City,62,Cancelled,42562.25,,5.00,,,,,,,,
1492,City,62,Cancelled,42563.23,,5.00,,,,,,,,
2992,City,62,Cancelled,42564.30,,7.00,,,,,,,,
3433,Airport,62,Cancelled,42564.67,,16.00,,,,,,,,
5536,City,62,Cancelled,42566.23,,5.00,,,,,,,,
474,City,63,Cancelled,42562.39,,9.00,,,,,,,,
1722,City,63,Cancelled,42563.35,,8.00,,,,,,,,
2978,City,63,Cancelled,42564.29,,6.00,,,,,,,,
2983,City,63,Cancelled,42564.30,,7.00,,,,,,,,
3866,Airport,63,Cancelled,42564.90,,21.00,,,,,,,,
4491,City,63,Cancelled,42565.37,,8.00,,,,,,,,
4603,Airport,63,Cancelled,42565.43,,10.00,,,,,,,,
1325,City,64,Cancelled,42562.96,,23.00,,,,,,,,
3450,Airport,64,Cancelled,42564.70,,16.00,,,,,,,,
4329,City,64,Cancelled,42565.30,,7.00,,,,,,,,
1723,City,65,Cancelled,42563.35,,8.00,,,,,,,,
3261,Airport,65,Cancelled,42564.43,,10.00,,,,,,,,
3309,City,65,Cancelled,42564.50,,11.00,,,,,,,,
3666,City,65,Cancelled,42564.81,,19.00,,,,,,,,
6129,Airport,65,Cancelled,42566.65,,15.00,,,,,,,,
1513,City,66,Cancelled,42563.24,,5.00,,,,,,,,
2011,City,66,Cancelled,42563.56,,13.00,,,,,,,,
2931,City,66,Cancelled,42564.27,,6.00,,,,,,,,
6397,City,66,Cancelled,42566.81,,19.00,,,,,,,,
176,City,67,Cancelled,42562.24,,5.00,,,,,,,,
3180,City,67,Cancelled,42564.39,,9.00,,,,,,,,
3238,City,67,Cancelled,42564.42,,10.00,,,,,,,,
4360,City,67,Cancelled,42565.31,,7.00,,,,,,,,
6717,City,67,Cancelled,42566.97,,23.00,,,,,,,,
386,City,68,Cancelled,42562.35,,8.00,,,,,,,,
528,City,68,Cancelled,42562.41,,9.00,,,,,,,,
2556,Airport,68,Cancelled,42563.89,,21.00,,,,,,,,
3286,City,68,Cancelled,42564.47,,11.00,,,,,,,,
5805,City,68,Cancelled,42566.36,,8.00,,,,,,,,
5911,City,68,Cancelled,42566.41,,9.00,,,,,,,,
245,City,69,Cancelled,42562.27,,6.00,,,,,,,,
1532,City,69,Cancelled,42563.25,,5.00,,,,,,,,
3161,City,69,Cancelled,42564.38,,9.00,,,,,,,,
3523,Airport,69,Cancelled,42564.74,,17.00,,,,,,,,
4278,City,69,Cancelled,42565.27,,6.00,,,,,,,,
5835,City,69,Cancelled,42566.37,,8.00,,,,,,,,
99,City,70,Cancelled,42562.21,,5.00,,,,,,,,
162,City,70,Cancelled,42562.23,,5.00,,,,,,,,
307,City,70,Cancelled,42562.31,,7.00,,,,,,,,
1767,City,70,Cancelled,42563.37,,8.00,,,,,,,,
5502,City,70,Cancelled,42566.21,,5.00,,,,,,,,
5644,City,70,Cancelled,42566.29,,6.00,,,,,,,,
5736,City,70,Cancelled,42566.33,,7.00,,,,,,,,
3808,Airport,71,Cancelled,42564.87,,20.00,,,,,,,,
5831,City,71,Cancelled,42566.37,,8.00,,,,,,,,
5980,City,71,Cancelled,42566.49,,11.00,,,,,,,,
353,City,72,Cancelled,42562.33,,7.00,,,,,,,,
397,City,72,Cancelled,42562.35,,8.00,,,,,,,,
1843,City,72,Cancelled,42563.40,,9.00,,,,,,,,
2019,City,72,Cancelled,42563.57,,13.00,,,,,,,,
1732,City,73,Cancelled,42563.35,,8.00,,,,,,,,
1984,City,73,Cancelled,42563.52,,12.00,,,,,,,,
5886,City,73,Cancelled,42566.40,,9.00,,,,,,,,
6098,Airport,73,Cancelled,42566.61,,14.00,,,,,,,,
2048,Airport,74,Cancelled,42563.61,,14.00,,,,,,,,
2844,Airport,74,Cancelled,42564.23,,5.00,,,,,,,,
1426,City,76,Cancelled,42563.18,,4.00,,,,,,,,
2969,City,76,Cancelled,42564.29,,6.00,,,,,,,,
5584,City,76,Cancelled,42566.25,,5.00,,,,,,,,
1704,City,77,Cancelled,42563.33,,7.00,,,,,,,,
3399,City,77,Cancelled,42564.63,,15.00,,,,,,,,
4298,City,77,Cancelled,42565.28,,6.00,,,,,,,,
4019,City,78,Cancelled,42564.00,,0.00,,,,,,,,
3197,City,78,Cancelled,42564.41,,9.00,,,,,,,,
4166,City,78,Cancelled,42565.22,,5.00,,,,,,,,
4238,City,78,Cancelled,42565.25,,5.00,,,,,,,,
5894,City,78,Cancelled,42566.41,,9.00,,,,,,,,
6647,City,78,Cancelled,42566.92,,22.00,,,,,,,,
210,City,79,Cancelled,42562.26,,6.00,,,,,,,,
403,City,79,Cancelled,42562.36,,8.00,,,,,,,,
568,Airport,79,Cancelled,42562.43,,10.00,,,,,,,,
856,City,79,Cancelled,42562.74,,17.00,,,,,,,,
1757,City,79,Cancelled,42563.36,,8.00,,,,,,,,
2842,City,79,Cancelled,42564.22,,5.00,,,,,,,,
3147,City,80,Cancelled,42564.37,,8.00,,,,,,,,
4497,City,80,Cancelled,42565.37,,8.00,,,,,,,,
4770,City,80,Cancelled,42565.66,,15.00,,,,,,,,
5493,City,80,Cancelled,42566.21,,5.00,,,,,,,,
5540,City,80,Cancelled,42566.23,,5.00,,,,,,,,
2003,Airport,81,Cancelled,42563.55,,13.00,,,,,,,,
4179,City,81,Cancelled,42565.23,,5.00,,,,,,,,
4561,City,81,Cancelled,42565.41,,9.00,,,,,,,,
5806,Airport,81,Cancelled,42566.37,,8.00,,,,,,,,
1881,City,82,Cancelled,42563.42,,10.00,,,,,,,,
3235,City,82,Cancelled,42564.42,,10.00,,,,,,,,
5604,City,82,Cancelled,42566.26,,6.00,,,,,,,,
1557,City,83,Cancelled,42563.26,,6.00,,,,,,,,
1661,City,83,Cancelled,42563.31,,7.00,,,,,,,,
2022,City,83,Cancelled,42563.57,,13.00,,,,,,,,
3188,City,83,Cancelled,42564.40,,9.00,,,,,,,,
5655,City,83,Cancelled,42566.29,,6.00,,,,,,,,
5903,City,83,Cancelled,42566.42,,9.00,,,,,,,,
6209,Airport,83,Cancelled,42566.73,,17.00,,,,,,,,
536,City,84,Cancelled,42562.42,,9.00,,,,,,,,
1134,Airport,84,Cancelled,42562.86,,20.00,,,,,,,,
1604,City,84,Cancelled,42563.28,,6.00,,,,,,,,
1653,City,84,Cancelled,42563.31,,7.00,,,,,,,,
1695,City,84,Cancelled,42563.33,,7.00,,,,,,,,
2750,City,84,Cancelled,42564.14,,3.00,,,,,,,,
2884,City,84,Cancelled,42564.25,,5.00,,,,,,,,
3191,City,84,Cancelled,42564.40,,9.00,,,,,,,,
3193,City,84,Cancelled,42564.40,,9.00,,,,,,,,
3524,City,84,Cancelled,42564.74,,17.00,,,,,,,,
4294,City,84,Cancelled,42565.28,,6.00,,,,,,,,
4484,City,84,Cancelled,42565.37,,8.00,,,,,,,,
324,City,85,Cancelled,42562.32,,7.00,,,,,,,,
3351,Airport,85,Cancelled,42564.56,,13.00,,,,,,,,
4195,City,85,Cancelled,42565.23,,5.00,,,,,,,,
5685,City,85,Cancelled,42566.30,,7.00,,,,,,,,
2889,City,86,Cancelled,42564.25,,5.00,,,,,,,,
4301,City,86,Cancelled,42565.28,,6.00,,,,,,,,
1294,City,87,Cancelled,42562.93,,22.00,,,,,,,,
5935,City,87,Cancelled,42566.43,,10.00,,,,,,,,
428,City,88,Cancelled,42562.37,,8.00,,,,,,,,
450,City,88,Cancelled,42562.38,,9.00,,,,,,,,
4510,City,88,Cancelled,42565.38,,9.00,,,,,,,,
432,City,89,Cancelled,42562.37,,8.00,,,,,,,,
2491,Airport,89,Cancelled,42563.87,,20.00,,,,,,,,
5569,City,89,Cancelled,42566.24,,5.00,,,,,,,,
5671,City,89,Cancelled,42566.30,,7.00,,,,,,,,
6374,City,89,Cancelled,42566.80,,19.00,,,,,,,,
4464,City,90,Cancelled,42565.36,,8.00,,,,,,,,
5609,City,90,Cancelled,42566.26,,6.00,,,,,,,,
5848,City,90,Cancelled,42566.38,,9.00,,,,,,,,
543,City,91,Cancelled,42562.42,,10.00,,,,,,,,
2828,City,92,Cancelled,42564.22,,5.00,,,,,,,,
2993,City,92,Cancelled,42564.30,,7.00,,,,,,,,
3018,Airport,92,Cancelled,42564.31,,7.00,,,,,,,,
4155,City,92,Cancelled,42565.21,,5.00,,,,,,,,
2552,City,93,Cancelled,42563.89,,21.00,,,,,,,,
3430,Airport,93,Cancelled,42564.67,,16.00,,,,,,,,
4167,City,93,Cancelled,42565.22,,5.00,,,,,,,,
5508,City,93,Cancelled,42566.21,,5.00,,,,,,,,
5729,City,93,Cancelled,42566.33,,7.00,,,,,,,,
202,City,94,Cancelled,42562.26,,6.00,,,,,,,,
341,City,94,Cancelled,42562.32,,7.00,,,,,,,,
3049,City,94,Cancelled,42564.32,,7.00,,,,,,,,
6323,Airport,94,Cancelled,42566.78,,18.00,,,,,,,,
6462,City,94,Cancelled,42566.84,,20.00,,,,,,,,
3242,City,95,Cancelled,42564.42,,10.00,,,,,,,,
4499,City,95,Cancelled,42565.38,,9.00,,,,,,,,
3182,City,96,Cancelled,42564.39,,9.00,,,,,,,,
4173,City,96,Cancelled,42565.21,,5.00,,,,,,,,
4189,City,96,Cancelled,42565.23,,5.00,,,,,,,,
6390,Airport,96,Cancelled,42566.81,,19.00,,,,,,,,
1231,City,97,Cancelled,42562.90,,21.00,,,,,,,,
1589,City,97,Cancelled,42563.27,,6.00,,,,,,,,
1815,City,97,Cancelled,42563.39,,9.00,,,,,,,,
5678,City,97,Cancelled,42566.30,,7.00,,,,,,,,
239,City,98,Cancelled,42562.27,,6.00,,,,,,,,
551,City,98,Cancelled,42562.42,,10.00,,,,,,,,
2097,Airport,98,Cancelled,42563.67,,16.00,,,,,,,,
2613,Airport,98,Cancelled,42563.92,,22.00,,,,,,,,
5497,City,98,Cancelled,42566.21,,5.00,,,,,,,,
5668,City,98,Cancelled,42566.30,,7.00,,,,,,,,
482,City,99,Cancelled,42562.39,,9.00,,,,,,,,
544,City,99,Cancelled,42562.42,,10.00,,,,,,,,
1227,Airport,99,Cancelled,42562.90,,21.00,,,,,,,,
1489,City,99,Cancelled,42563.22,,5.00,,,,,,,,
2588,Airport,99,Cancelled,42563.91,,21.00,,,,,,,,
3152,City,99,Cancelled,42564.37,,8.00,,,,,,,,
5853,City,99,Cancelled,42566.38,,9.00,,,,,,,,
2933,City,100,Cancelled,42564.27,,6.00,,,,,,,,
5543,City,100,Cancelled,42566.23,,5.00,,,,,,,,
1356,City,101,Cancelled,42562.99,,23.00,,,,,,,,
1403,City,101,Cancelled,42563.11,,2.00,,,,,,,,
2459,Airport,101,Cancelled,42563.85,,20.00,,,,,,,,
3023,City,101,Cancelled,42564.31,,7.00,,,,,,,,
4444,City,101,Cancelled,42565.35,,8.00,,,,,,,,
1733,City,102,Cancelled,42563.35,,8.00,,,,,,,,
1937,Airport,102,Cancelled,42563.48,,11.00,,,,,,,,
5614,City,102,Cancelled,42566.26,,6.00,,,,,,,,
5718,City,102,Cancelled,42566.32,,7.00,,,,,,,,
334,City,103,Cancelled,42562.32,,7.00,,,,,,,,
1107,City,103,Cancelled,42562.84,,20.00,,,,,,,,
3033,City,103,Cancelled,42564.32,,7.00,,,,,,,,
3099,City,103,Cancelled,42564.35,,8.00,,,,,,,,
4302,City,103,Cancelled,42565.28,,6.00,,,,,,,,
4829,City,103,Cancelled,42565.73,,17.00,,,,,,,,
5854,Airport,103,Cancelled,42566.38,,9.00,,,,,,,,
427,City,104,Cancelled,42562.37,,8.00,,,,,,,,
852,Airport,104,Cancelled,42562.74,,17.00,,,,,,,,
1931,City,104,Cancelled,42563.47,,11.00,,,,,,,,
3292,Airport,104,Cancelled,42564.47,,11.00,,,,,,,,
5154,Airport,104,Cancelled,42565.85,,20.00,,,,,,,,
5627,City,104,Cancelled,42566.27,,6.00,,,,,,,,
5751,City,104,Cancelled,42566.34,,8.00,,,,,,,,
308,City,105,Cancelled,42562.31,,7.00,,,,,,,,
2890,City,105,Cancelled,42564.25,,5.00,,,,,,,,
4245,City,105,Cancelled,42565.25,,5.00,,,,,,,,
4423,City,105,Cancelled,42565.35,,8.00,,,,,,,,
212,City,106,Cancelled,42562.26,,6.00,,,,,,,,
3034,City,106,Cancelled,42564.32,,7.00,,,,,,,,
6669,City,106,Cancelled,42566.93,,22.00,,,,,,,,
252,City,107,Cancelled,42562.28,,6.00,,,,,,,,
391,City,107,Cancelled,42562.35,,8.00,,,,,,,,
412,City,107,Cancelled,42562.36,,8.00,,,,,,,,
5709,City,107,Cancelled,42566.32,,7.00,,,,,,,,
6300,Airport,107,Cancelled,42566.76,,18.00,,,,,,,,
381,City,108,Cancelled,42562.34,,8.00,,,,,,,,
3030,City,108,Cancelled,42564.31,,7.00,,,,,,,,
3671,Airport,108,Cancelled,42564.81,,19.00,,,,,,,,
4186,City,108,Cancelled,42565.23,,5.00,,,,,,,,
4281,City,108,Cancelled,42565.27,,6.00,,,,,,,,
1864,City,109,Cancelled,42563.41,,9.00,,,,,,,,
2073,City,109,Cancelled,42563.64,,15.00,,,,,,,,
3113,City,109,Cancelled,42564.36,,8.00,,,,,,,,
4885,City,109,Cancelled,42565.75,,17.00,,,,,,,,
326,City,110,Cancelled,42562.31,,7.00,,,,,,,,
1401,City,110,Cancelled,42563.11,,2.00,,,,,,,,
2792,City,110,Cancelled,42564.21,,4.00,,,,,,,,
149,City,111,Cancelled,42562.23,,5.00,,,,,,,,
368,City,111,Cancelled,42562.34,,8.00,,,,,,,,
1927,City,111,Cancelled,42563.46,,11.00,,,,,,,,
2068,Airport,112,Cancelled,42563.63,,15.00,,,,,,,,
2396,Airport,112,Cancelled,42563.83,,19.00,,,,,,,,
4890,City,112,Cancelled,42565.75,,17.00,,,,,,,,
2117,City,113,Cancelled,42563.69,,16.00,,,,,,,,
2780,City,113,Cancelled,42564.20,,4.00,,,,,,,,
4863,Airport,113,Cancelled,42565.74,,17.00,,,,,,,,
5782,City,113,Cancelled,42566.36,,8.00,,,,,,,,
188,City,114,Cancelled,42562.25,,5.00,,,,,,,,
1699,City,114,Cancelled,42563.33,,8.00,,,,,,,,
3043,City,114,Cancelled,42564.32,,7.00,,,,,,,,
3818,Airport,114,Cancelled,42564.88,,21.00,,,,,,,,
4187,City,114,Cancelled,42565.23,,5.00,,,,,,,,
4381,City,114,Cancelled,42565.32,,7.00,,,,,,,,
4530,City,114,Cancelled,42565.40,,9.00,,,,,,,,
4774,Airport,114,Cancelled,42565.67,,15.00,,,,,,,,
5423,City,114,Cancelled,42566.09,,2.00,,,,,,,,
4011,City,115,Cancelled,42564.99,,23.00,,,,,,,,
4556,City,115,Cancelled,42565.40,,9.00,,,,,,,,
354,City,116,Cancelled,42562.33,,7.00,,,,,,,,
1618,City,116,Cancelled,42563.29,,6.00,,,,,,,,
3019,City,117,Cancelled,42564.31,,7.00,,,,,,,,
5469,City,117,Cancelled,42566.20,,4.00,,,,,,,,
5731,City,117,Cancelled,42566.32,,7.00,,,,,,,,
5839,City,117,Cancelled,42566.37,,8.00,,,,,,,,
1660,City,118,Cancelled,42563.31,,7.00,,,,,,,,
3146,City,118,Cancelled,42564.37,,8.00,,,,,,,,
174,Airport,119,Cancelled,42562.24,,5.00,,,,,,,,
321,City,119,Cancelled,42562.31,,7.00,,,,,,,,
2973,City,119,Cancelled,42564.29,,6.00,,,,,,,,
5691,City,119,Cancelled,42566.31,,7.00,,,,,,,,
5748,City,119,Cancelled,42566.33,,7.00,,,,,,,,
404,City,120,Cancelled,42562.36,,8.00,,,,,,,,
2474,Airport,120,Cancelled,42563.86,,20.00,,,,,,,,
4374,City,120,Cancelled,42565.32,,7.00,,,,,,,,
4461,City,120,Cancelled,42565.36,,8.00,,,,,,,,
4731,City,120,Cancelled,42565.59,,14.00,,,,,,,,
5798,City,120,Cancelled,42566.36,,8.00,,,,,,,,
3849,City,121,Cancelled,42564.90,,21.00,,,,,,,,
5763,City,121,Cancelled,42566.35,,8.00,,,,,,,,
5815,City,121,Cancelled,42566.37,,8.00,,,,,,,,
5826,City,121,Cancelled,42566.37,,8.00,,,,,,,,
3782,City,122,Cancelled,42564.87,,20.00,,,,,,,,
4630,City,122,Cancelled,42565.47,,11.00,,,,,,,,
437,City,123,Cancelled,42562.37,,8.00,,,,,,,,
122,City,124,Cancelled,42562.22,,5.00,,,,,,,,
4487,City,124,Cancelled,42565.37,,8.00,,,,,,,,
5551,City,124,Cancelled,42566.23,,5.00,,,,,,,,
2927,City,125,Cancelled,42564.26,,6.00,,,,,,,,
3176,City,125,Cancelled,42564.38,,9.00,,,,,,,,
3253,City,125,Cancelled,42564.43,,10.00,,,,,,,,
6759,City,125,Cancelled,42567.00,,23.00,,,,,,,,
848,Airport,126,Cancelled,42562.74,,17.00,,,,,,,,
1674,City,126,Cancelled,42563.32,,7.00,,,,,,,,
3159,City,126,Cancelled,42564.38,,9.00,,,,,,,,
3208,City,126,Cancelled,42564.41,,9.00,,,,,,,,
2803,City,127,Cancelled,42564.21,,4.00,,,,,,,,
3232,Airport,127,Cancelled,42564.42,,10.00,,,,,,,,
4271,City,127,Cancelled,42565.26,,6.00,,,,,,,,
5591,City,127,Cancelled,42566.25,,5.00,,,,,,,,
549,City,128,Cancelled,42562.42,,10.00,,,,,,,,
1776,Airport,128,Cancelled,42563.38,,9.00,,,,,,,,
2910,City,128,Cancelled,42564.26,,6.00,,,,,,,,
492,City,129,Cancelled,42562.40,,9.00,,,,,,,,
963,Airport,129,Cancelled,42562.78,,18.00,,,,,,,,
1505,City,129,Cancelled,42563.24,,5.00,,,,,,,,
2923,City,129,Cancelled,42564.27,,6.00,,,,,,,,
4396,City,129,Cancelled,42565.33,,7.00,,,,,,,,
5639,City,129,Cancelled,42566.28,,6.00,,,,,,,,
6348,Airport,129,Cancelled,42566.79,,18.00,,,,,,,,
253,City,130,Cancelled,42562.28,,6.00,,,,,,,,
379,City,130,Cancelled,42562.35,,8.00,,,,,,,,
463,City,130,Cancelled,42562.38,,9.00,,,,,,,,
1848,City,130,Cancelled,42563.40,,9.00,,,,,,,,
2897,City,130,Cancelled,42564.25,,6.00,,,,,,,,
6398,Airport,130,Cancelled,42566.81,,19.00,,,,,,,,
229,City,131,Cancelled,42562.27,,6.00,,,,,,,,
1683,City,131,Cancelled,42563.33,,7.00,,,,,,,,
1728,City,131,Cancelled,42563.35,,8.00,,,,,,,,
1777,City,131,Cancelled,42563.37,,8.00,,,,,,,,
1868,City,131,Cancelled,42563.42,,9.00,,,,,,,,
2801,City,131,Cancelled,42564.21,,4.00,,,,,,,,
2920,City,131,Cancelled,42564.27,,6.00,,,,,,,,
5849,City,131,Cancelled,42566.38,,9.00,,,,,,,,
1738,City,132,Cancelled,42563.35,,8.00,,,,,,,,
3107,City,132,Cancelled,42564.35,,8.00,,,,,,,,
3359,Airport,132,Cancelled,42564.56,,13.00,,,,,,,,
4021,City,132,Cancelled,42565.00,,23.00,,,,,,,,
4163,Airport,132,Cancelled,42565.21,,5.00,,,,,,,,
4314,City,133,Cancelled,42565.29,,6.00,,,,,,,,
5116,City,133,Cancelled,42565.84,,20.00,,,,,,,,
1114,Airport,134,Cancelled,42562.85,,20.00,,,,,,,,
5221,Airport,134,Cancelled,42565.88,,21.00,,,,,,,,
5643,City,134,Cancelled,42566.28,,6.00,,,,,,,,
1742,City,135,Cancelled,42563.35,,8.00,,,,,,,,
1979,Airport,135,Cancelled,42563.52,,12.00,,,,,,,,
2860,City,135,Cancelled,42564.24,,5.00,,,,,,,,
3206,City,135,Cancelled,42564.40,,9.00,,,,,,,,
5475,City,135,Cancelled,42566.20,,4.00,,,,,,,,
5710,City,135,Cancelled,42566.32,,7.00,,,,,,,,
1555,Airport,136,Cancelled,42563.26,,6.00,,,,,,,,
2672,City,136,Cancelled,42563.99,,23.00,,,,,,,,
3697,Airport,136,Cancelled,42564.83,,19.00,,,,,,,,
4928,Airport,136,Cancelled,42565.76,,18.00,,,,,,,,
5663,City,136,Cancelled,42566.29,,7.00,,,,,,,,
164,City,137,Cancelled,42562.24,,5.00,,,,,,,,
2985,City,137,Cancelled,42564.30,,7.00,,,,,,,,
3248,City,137,Cancelled,42564.43,,10.00,,,,,,,,
3794,City,137,Cancelled,42564.87,,20.00,,,,,,,,
4834,Airport,137,Cancelled,42565.73,,17.00,,,,,,,,
5517,City,137,Cancelled,42566.22,,5.00,,,,,,,,
466,City,138,Cancelled,42562.38,,9.00,,,,,,,,
1678,City,138,Cancelled,42563.32,,7.00,,,,,,,,
1801,City,138,Cancelled,42563.39,,9.00,,,,,,,,
1819,City,138,Cancelled,42563.39,,9.00,,,,,,,,
3020,City,138,Cancelled,42564.31,,7.00,,,,,,,,
3169,Airport,138,Cancelled,42564.38,,9.00,,,,,,,,
3495,Airport,138,Cancelled,42564.73,,17.00,,,,,,,,
4365,City,138,Cancelled,42565.31,,7.00,,,,,,,,
4562,City,138,Cancelled,42565.41,,9.00,,,,,,,,
1697,City,139,Cancelled,42563.33,,7.00,,,,,,,,
1853,City,139,Cancelled,42563.41,,9.00,,,,,,,,
2848,City,139,Cancelled,42564.23,,5.00,,,,,,,,
4327,City,139,Cancelled,42565.30,,7.00,,,,,,,,
4345,City,139,Cancelled,42565.31,,7.00,,,,,,,,
4802,City,139,Cancelled,42565.71,,17.00,,,,,,,,
1955,Airport,140,Cancelled,42563.49,,11.00,,,,,,,,
3840,Airport,140,Cancelled,42564.90,,21.00,,,,,,,,
4183,City,140,Cancelled,42565.22,,5.00,,,,,,,,
4465,City,140,Cancelled,42565.36,,8.00,,,,,,,,
1795,City,141,Cancelled,42563.38,,9.00,,,,,,,,
2049,Airport,141,Cancelled,42563.61,,14.00,,,,,,,,
2811,City,141,Cancelled,42564.21,,5.00,,,,,,,,
3171,Airport,141,Cancelled,42564.39,,9.00,,,,,,,,
4557,City,141,Cancelled,42565.40,,9.00,,,,,,,,
5538,City,141,Cancelled,42566.23,,5.00,,,,,,,,
556,City,142,Cancelled,42562.42,,10.00,,,,,,,,
1854,City,142,Cancelled,42563.41,,9.00,,,,,,,,
1897,City,142,Cancelled,42563.43,,10.00,,,,,,,,
2537,City,142,Cancelled,42563.88,,21.00,,,,,,,,
3053,City,142,Cancelled,42564.32,,7.00,,,,,,,,
3050,City,142,Cancelled,42564.33,,7.00,,,,,,,,
3110,City,142,Cancelled,42564.36,,8.00,,,,,,,,
5524,City,142,Cancelled,42566.22,,5.00,,,,,,,,
5714,City,142,Cancelled,42566.32,,7.00,,,,,,,,
5783,City,142,Cancelled,42566.35,,8.00,,,,,,,,
1982,City,143,Cancelled,42563.51,,12.00,,,,,,,,
5251,Airport,143,Cancelled,42565.89,,21.00,,,,,,,,
85,City,144,Cancelled,42562.20,,4.00,,,,,,,,
459,City,144,Cancelled,42562.39,,9.00,,,,,,,,
1507,City,144,Cancelled,42563.24,,5.00,,,,,,,,
4231,City,144,Cancelled,42565.25,,5.00,,,,,,,,
4427,City,144,Cancelled,42565.35,,8.00,,,,,,,,
5640,City,144,Cancelled,42566.28,,6.00,,,,,,,,
317,City,145,Cancelled,42562.31,,7.00,,,,,,,,
5581,City,145,Cancelled,42566.25,,5.00,,,,,,,,
6288,City,145,Cancelled,42566.76,,18.00,,,,,,,,
1267,City,146,Cancelled,42562.92,,22.00,,,,,,,,
2026,Airport,146,Cancelled,42563.58,,14.00,,,,,,,,
2150,City,146,Cancelled,42563.72,,17.00,,,,,,,,
2389,City,146,Cancelled,42563.83,,19.00,,,,,,,,
954,Airport,147,Cancelled,42562.77,,18.00,,,,,,,,
2795,City,147,Cancelled,42564.21,,4.00,,,,,,,,
4184,City,147,Cancelled,42565.22,,5.00,,,,,,,,
4563,City,147,Cancelled,42565.41,,9.00,,,,,,,,
774,Airport,148,Cancelled,42562.69,,16.00,,,,,,,,
2777,City,148,Cancelled,42564.20,,4.00,,,,,,,,
2891,City,148,Cancelled,42564.25,,5.00,,,,,,,,
6377,City,148,Cancelled,42566.80,,19.00,,,,,,,,
1561,City,149,Cancelled,42563.26,,6.00,,,,,,,,
1888,City,149,Cancelled,42563.43,,10.00,,,,,,,,
4192,City,149,Cancelled,42565.23,,5.00,,,,,,,,
4455,City,149,Cancelled,42565.36,,8.00,,,,,,,,
4527,City,149,Cancelled,42565.39,,9.00,,,,,,,,
4575,City,149,Cancelled,42565.41,,9.00,,,,,,,,
1116,Airport,150,Cancelled,42562.85,,20.00,,,,,,,,
3061,City,150,Cancelled,42564.33,,7.00,,,,,,,,
4431,City,150,Cancelled,42565.35,,8.00,,,,,,,,
227,Airport,151,Cancelled,42562.26,,6.00,,,,,,,,
1434,City,151,Cancelled,42563.20,,4.00,,,,,,,,
3040,City,151,Cancelled,42564.32,,7.00,,,,,,,,
4366,City,152,Cancelled,42565.31,,7.00,,,,,,,,
4594,City,152,Cancelled,42565.42,,10.00,,,,,,,,
358,City,153,Cancelled,42562.33,,8.00,,,,,,,,
865,Airport,153,Cancelled,42562.75,,17.00,,,,,,,,
4822,Airport,153,Cancelled,42565.72,,17.00,,,,,,,,
5290,Airport,153,Cancelled,42565.91,,21.00,,,,,,,,
1202,Airport,154,Cancelled,42562.89,,21.00,,,,,,,,
2840,City,154,Cancelled,42564.23,,5.00,,,,,,,,
5642,City,154,Cancelled,42566.29,,6.00,,,,,,,,
5788,City,154,Cancelled,42566.36,,8.00,,,,,,,,
5792,City,154,Cancelled,42566.36,,8.00,,,,,,,,
1172,Airport,155,Cancelled,42562.87,,20.00,,,,,,,,
5860,City,155,Cancelled,42566.38,,9.00,,,,,,,,
1245,Airport,156,Cancelled,42562.90,,21.00,,,,,,,,
1544,City,157,Cancelled,42563.25,,6.00,,,,,,,,
4287,City,157,Cancelled,42565.27,,6.00,,,,,,,,
4308,City,157,Cancelled,42565.28,,6.00,,,,,,,,
5577,City,157,Cancelled,42566.25,,5.00,,,,,,,,
5760,City,157,Cancelled,42566.34,,8.00,,,,,,,,
5855,City,157,Cancelled,42566.38,,9.00,,,,,,,,
76,City,158,Cancelled,42562.20,,4.00,,,,,,,,
366,City,158,Cancelled,42562.34,,8.00,,,,,,,,
371,City,158,Cancelled,42562.34,,8.00,,,,,,,,
3564,Airport,158,Cancelled,42564.76,,18.00,,,,,,,,
181,City,159,Cancelled,42562.24,,5.00,,,,,,,,
1503,City,159,Cancelled,42563.24,,5.00,,,,,,,,
1863,City,159,Cancelled,42563.41,,9.00,,,,,,,,
175,City,160,Cancelled,42562.24,,5.00,,,,,,,,
1749,City,160,Cancelled,42563.36,,8.00,,,,,,,,
2781,City,160,Cancelled,42564.20,,4.00,,,,,,,,
319,City,161,Cancelled,42562.31,,7.00,,,,,,,,
439,City,161,Cancelled,42562.37,,8.00,,,,,,,,
4201,City,162,Cancelled,42565.23,,5.00,,,,,,,,
736,City,163,Cancelled,42562.64,,15.00,,,,,,,,
929,Airport,163,Cancelled,42562.77,,18.00,,,,,,,,
1793,City,163,Cancelled,42563.38,,9.00,,,,,,,,
5926,City,163,Cancelled,42566.42,,10.00,,,,,,,,
345,City,164,Cancelled,42562.33,,7.00,,,,,,,,
1051,Airport,164,Cancelled,42562.82,,19.00,,,,,,,,
3213,City,164,Cancelled,42564.41,,9.00,,,,,,,,
3841,Airport,164,Cancelled,42564.90,,21.00,,,,,,,,
4168,City,164,Cancelled,42565.21,,5.00,,,,,,,,
4657,Airport,164,Cancelled,42565.50,,12.00,,,,,,,,
5272,City,164,Cancelled,42565.90,,21.00,,,,,,,,
5765,City,164,Cancelled,42566.35,,8.00,,,,,,,,
261,City,165,Cancelled,42562.28,,6.00,,,,,,,,
525,City,165,Cancelled,42562.41,,9.00,,,,,,,,
1500,City,165,Cancelled,42563.23,,5.00,,,,,,,,
1640,City,165,Cancelled,42563.30,,7.00,,,,,,,,
2885,City,165,Cancelled,42564.25,,5.00,,,,,,,,
4386,City,165,Cancelled,42565.33,,7.00,,,,,,,,
1190,Airport,166,Cancelled,42562.88,,21.00,,,,,,,,
1549,City,166,Cancelled,42563.25,,6.00,,,,,,,,
2834,City,166,Cancelled,42564.22,,5.00,,,,,,,,
2862,City,166,Cancelled,42564.24,,5.00,,,,,,,,
3054,City,166,Cancelled,42564.33,,7.00,,,,,,,,
3405,Airport,166,Cancelled,42564.63,,15.00,,,,,,,,
4153,City,166,Cancelled,42565.21,,4.00,,,,,,,,
5424,City,166,Cancelled,42566.09,,2.00,,,,,,,,
6561,Airport,166,Cancelled,42566.88,,21.00,,,,,,,,
1623,City,167,Cancelled,42563.29,,6.00,,,,,,,,
2061,City,167,Cancelled,42563.63,,15.00,,,,,,,,
3183,City,167,Cancelled,42564.39,,9.00,,,,,,,,
240,City,168,Cancelled,42562.27,,6.00,,,,,,,,
1011,Airport,168,Cancelled,42562.80,,19.00,,,,,,,,
1755,City,168,Cancelled,42563.36,,8.00,,,,,,,,
1893,City,168,Cancelled,42563.43,,10.00,,,,,,,,
177,City,169,Cancelled,42562.24,,5.00,,,,,,,,
1162,Airport,169,Cancelled,42562.86,,20.00,,,,,,,,
1456,City,169,Cancelled,42563.21,,4.00,,,,,,,,
1472,City,169,Cancelled,42563.21,,5.00,,,,,,,,
3024,City,169,Cancelled,42564.31,,7.00,,,,,,,,
903,City,170,Cancelled,42562.76,,18.00,,,,,,,,
1969,Airport,170,Cancelled,42563.50,,12.00,,,,,,,,
3457,Airport,170,Cancelled,42564.71,,17.00,,,,,,,,
4567,City,170,Cancelled,42565.41,,9.00,,,,,,,,
4696,Airport,170,Cancelled,42565.55,,13.00,,,,,,,,
4695,City,170,Cancelled,42565.55,,13.00,,,,,,,,
77,City,171,Cancelled,42562.20,,4.00,,,,,,,,
3118,City,171,Cancelled,42564.36,,8.00,,,,,,,,
3329,Airport,171,Cancelled,42564.52,,12.00,,,,,,,,
4403,City,171,Cancelled,42565.33,,8.00,,,,,,,,
4406,City,171,Cancelled,42565.34,,8.00,,,,,,,,
1828,City,172,Cancelled,42563.40,,9.00,,,,,,,,
3084,City,172,Cancelled,42564.34,,8.00,,,,,,,,
3890,Airport,172,Cancelled,42564.92,,22.00,,,,,,,,
4410,City,172,Cancelled,42565.34,,8.00,,,,,,,,
127,City,173,Cancelled,42562.22,,5.00,,,,,,,,
3355,Airport,173,Cancelled,42564.56,,13.00,,,,,,,,
86,City,174,Cancelled,42562.20,,4.00,,,,,,,,
550,City,174,Cancelled,42562.42,,10.00,,,,,,,,
2275,City,175,Cancelled,42563.77,,18.00,,,,,,,,
4399,City,175,Cancelled,42565.34,,8.00,,,,,,,,
5598,City,175,Cancelled,42566.26,,6.00,,,,,,,,
293,City,176,Cancelled,42562.30,,7.00,,,,,,,,
355,City,176,Cancelled,42562.33,,7.00,,,,,,,,
683,Airport,176,Cancelled,42562.57,,13.00,,,,,,,,
1490,City,176,Cancelled,42563.22,,5.00,,,,,,,,
1796,City,176,Cancelled,42563.38,,9.00,,,,,,,,
4529,City,176,Cancelled,42565.40,,9.00,,,,,,,,
4536,City,176,Cancelled,42565.40,,9.00,,,,,,,,
433,City,177,Cancelled,42562.37,,8.00,,,,,,,,
1607,City,177,Cancelled,42563.28,,6.00,,,,,,,,
3189,City,177,Cancelled,42564.40,,9.00,,,,,,,,
4128,City,177,Cancelled,42565.20,,4.00,,,,,,,,
4197,City,177,Cancelled,42565.23,,5.00,,,,,,,,
4524,City,177,Cancelled,42565.39,,9.00,,,,,,,,
5871,City,177,Cancelled,42566.39,,9.00,,,,,,,,
5912,City,177,Cancelled,42566.42,,10.00,,,,,,,,
2466,Airport,178,Cancelled,42563.86,,20.00,,,,,,,,
2886,City,178,Cancelled,42564.25,,6.00,,,,,,,,
5225,City,178,Cancelled,42565.88,,21.00,,,,,,,,
6505,City,178,Cancelled,42566.86,,20.00,,,,,,,,
2785,City,179,Cancelled,42564.20,,4.00,,,,,,,,
2806,City,179,Cancelled,42564.21,,5.00,,,,,,,,
4459,City,179,Cancelled,42565.36,,8.00,,,,,,,,
5653,City,179,Cancelled,42566.29,,6.00,,,,,,,,
1650,City,180,Cancelled,42563.30,,7.00,,,,,,,,
3745,Airport,180,Cancelled,42564.85,,20.00,,,,,,,,
4796,Airport,180,Cancelled,42565.70,,16.00,,,,,,,,
2119,City,181,Cancelled,42563.70,,16.00,,,,,,,,
3013,City,181,Cancelled,42564.31,,7.00,,,,,,,,
3126,City,181,Cancelled,42564.36,,8.00,,,,,,,,
4235,City,181,Cancelled,42565.24,,5.00,,,,,,,,
105,City,182,Cancelled,42562.21,,4.00,,,,,,,,
1747,City,182,Cancelled,42563.35,,8.00,,,,,,,,
4134,City,182,Cancelled,42565.20,,4.00,,,,,,,,
217,City,183,Cancelled,42562.26,,6.00,,,,,,,,
4478,City,183,Cancelled,42565.36,,8.00,,,,,,,,
5248,City,183,Cancelled,42565.89,,21.00,,,,,,,,
6032,Airport,183,Cancelled,42566.54,,13.00,,,,,,,,
4206,City,184,Cancelled,42565.23,,5.00,,,,,,,,
4387,City,184,Cancelled,42565.33,,7.00,,,,,,,,
113,City,185,Cancelled,42562.21,,5.00,,,,,,,,
1558,City,185,Cancelled,42563.26,,6.00,,,,,,,,
2180,Airport,185,Cancelled,42563.74,,17.00,,,,,,,,
3661,Airport,185,Cancelled,42564.81,,19.00,,,,,,,,
378,City,186,Cancelled,42562.34,,8.00,,,,,,,,
790,Airport,186,Cancelled,42562.71,,16.00,,,,,,,,
1700,City,186,Cancelled,42563.33,,7.00,,,,,,,,
3788,Airport,186,Cancelled,42564.87,,20.00,,,,,,,,
480,City,187,Cancelled,42562.39,,9.00,,,,,,,,
1632,City,187,Cancelled,42563.30,,7.00,,,,,,,,
3101,City,187,Cancelled,42564.35,,8.00,,,,,,,,
5706,City,187,Cancelled,42566.32,,7.00,,,,,,,,
5772,City,188,Cancelled,42566.35,,8.00,,,,,,,,
129,City,189,Cancelled,42562.22,,5.00,,,,,,,,
3119,City,189,Cancelled,42564.36,,8.00,,,,,,,,
3228,City,189,Cancelled,42564.42,,9.00,,,,,,,,
1569,City,190,Cancelled,42563.26,,6.00,,,,,,,,
1820,City,190,Cancelled,42563.39,,9.00,,,,,,,,
1840,City,190,Cancelled,42563.40,,9.00,,,,,,,,
4323,City,190,Cancelled,42565.29,,7.00,,,,,,,,
4346,City,190,Cancelled,42565.31,,7.00,,,,,,,,
5785,City,190,Cancelled,42566.36,,8.00,,,,,,,,
6400,City,190,Cancelled,42566.80,,19.00,,,,,,,,
224,City,191,Cancelled,42562.26,,6.00,,,,,,,,
5913,City,191,Cancelled,42566.42,,9.00,,,,,,,,
1833,City,192,Cancelled,42563.40,,9.00,,,,,,,,
2902,City,192,Cancelled,42564.25,,5.00,,,,,,,,
4239,City,192,Cancelled,42565.25,,5.00,,,,,,,,
265,City,193,Cancelled,42562.28,,6.00,,,,,,,,
833,Airport,193,Cancelled,42562.73,,17.00,,,,,,,,
3249,City,193,Cancelled,42564.43,,10.00,,,,,,,,
4226,City,193,Cancelled,42565.24,,5.00,,,,,,,,
5867,City,193,Cancelled,42566.39,,9.00,,,,,,,,
684,City,194,Cancelled,42562.56,,13.00,,,,,,,,
718,City,194,Cancelled,42562.62,,14.00,,,,,,,,
4145,City,194,Cancelled,42565.21,,4.00,,,,,,,,
5489,City,194,Cancelled,42566.20,,4.00,,,,,,,,
5651,City,194,Cancelled,42566.29,,7.00,,,,,,,,
290,City,195,Cancelled,42562.30,,7.00,,,,,,,,
1030,Airport,195,Cancelled,42562.80,,19.00,,,,,,,,
3062,City,195,Cancelled,42564.33,,7.00,,,,,,,,
5635,City,195,Cancelled,42566.28,,6.00,,,,,,,,
5828,City,195,Cancelled,42566.38,,9.00,,,,,,,,
2823,City,196,Cancelled,42564.22,,5.00,,,,,,,,
4558,City,196,Cancelled,42565.41,,9.00,,,,,,,,
5494,City,196,Cancelled,42566.21,,4.00,,,,,,,,
5501,City,196,Cancelled,42566.21,,5.00,,,,,,,,
526,City,197,Cancelled,42562.41,,9.00,,,,,,,,
1887,City,197,Cancelled,42563.42,,10.00,,,,,,,,
2944,City,197,Cancelled,42564.27,,6.00,,,,,,,,
4413,City,197,Cancelled,42565.34,,8.00,,,,,,,,
4420,City,197,Cancelled,42565.34,,8.00,,,,,,,,
5486,City,197,Cancelled,42566.20,,4.00,,,,,,,,
6010,City,197,Cancelled,42566.52,,12.00,,,,,,,,
277,City,198,Cancelled,42562.29,,6.00,,,,,,,,
2148,City,198,Cancelled,42563.72,,17.00,,,,,,,,
2802,City,198,Cancelled,42564.20,,4.00,,,,,,,,
4445,City,198,Cancelled,42565.36,,8.00,,,,,,,,
546,City,199,Cancelled,42562.42,,10.00,,,,,,,,
1115,Airport,199,Cancelled,42562.85,,20.00,,,,,,,,
3177,City,199,Cancelled,42564.38,,9.00,,,,,,,,
5587,City,199,Cancelled,42566.25,,5.00,,,,,,,,
5628,City,199,Cancelled,42566.27,,6.00,,,,,,,,
6173,City,199,Cancelled,42566.70,,16.00,,,,,,,,
383,City,200,Cancelled,42562.35,,8.00,,,,,,,,
749,Airport,200,Cancelled,42562.66,,15.00,,,,,,,,
5733,City,200,Cancelled,42566.33,,7.00,,,,,,,,
18,City,201,Cancelled,42562.05,,1.00,,,,,,,,
2125,Airport,201,Cancelled,42563.70,,16.00,,,,,,,,
5522,City,201,Cancelled,42566.22,,5.00,,,,,,,,
5895,City,201,Cancelled,42566.41,,9.00,,,,,,,,
192,City,202,Cancelled,42562.25,,5.00,,,,,,,,
1469,City,202,Cancelled,42563.21,,5.00,,,,,,,,
1486,City,202,Cancelled,42563.22,,5.00,,,,,,,,
2971,City,202,Cancelled,42564.29,,6.00,,,,,,,,
4331,City,202,Cancelled,42565.30,,7.00,,,,,,,,
1739,City,203,Cancelled,42563.35,,8.00,,,,,,,,
5679,City,203,Cancelled,42566.30,,7.00,,,,,,,,
5750,City,203,Cancelled,42566.34,,8.00,,,,,,,,
5856,City,203,Cancelled,42566.38,,9.00,,,,,,,,
6033,Airport,203,Cancelled,42566.54,,12.00,,,,,,,,
119,City,204,Cancelled,42562.22,,5.00,,,,,,,,
641,City,204,Cancelled,42562.52,,12.00,,,,,,,,
3144,City,204,Cancelled,42564.37,,8.00,,,,,,,,
3404,Airport,204,Cancelled,42564.64,,15.00,,,,,,,,
4185,City,204,Cancelled,42565.22,,5.00,,,,,,,,
5918,City,204,Cancelled,42566.42,,10.00,,,,,,,,
98,City,205,Cancelled,42562.21,,4.00,,,,,,,,
1541,City,205,Cancelled,42563.25,,6.00,,,,,,,,
2872,City,205,Cancelled,42564.24,,5.00,,,,,,,,
3498,City,205,Cancelled,42564.73,,17.00,,,,,,,,
5646,City,205,Cancelled,42566.29,,6.00,,,,,,,,
5656,City,205,Cancelled,42566.29,,6.00,,,,,,,,
130,City,206,Cancelled,42562.22,,5.00,,,,,,,,
268,City,206,Cancelled,42562.29,,6.00,,,,,,,,
644,Airport,206,Cancelled,42562.52,,12.00,,,,,,,,
1572,City,206,Cancelled,42563.27,,6.00,,,,,,,,
1619,City,206,Cancelled,42563.29,,6.00,,,,,,,,
1668,City,206,Cancelled,42563.32,,7.00,,,,,,,,
1707,City,206,Cancelled,42563.34,,8.00,,,,,,,,
2113,Airport,206,Cancelled,42563.69,,16.00,,,,,,,,
4581,City,206,Cancelled,42565.42,,10.00,,,,,,,,
5626,City,206,Cancelled,42566.27,,6.00,,,,,,,,
4255,City,207,Cancelled,42565.26,,6.00,,,,,,,,
5794,City,207,Cancelled,42566.36,,8.00,,,,,,,,
6103,Airport,208,Cancelled,42566.62,,14.00,,,,,,,,
302,City,209,Cancelled,42562.30,,7.00,,,,,,,,
1137,City,209,Cancelled,42562.86,,20.00,,,,,,,,
4304,City,209,Cancelled,42565.29,,6.00,,,,,,,,
1702,City,210,Cancelled,42563.33,,8.00,,,,,,,,
1762,City,210,Cancelled,42563.37,,8.00,,,,,,,,
2373,Airport,210,Cancelled,42563.82,,19.00,,,,,,,,
3005,City,210,Cancelled,42564.30,,7.00,,,,,,,,
3131,City,210,Cancelled,42564.36,,8.00,,,,,,,,
3883,Airport,210,Cancelled,42564.91,,21.00,,,,,,,,
6131,Airport,210,Cancelled,42566.65,,15.00,,,,,,,,
6302,Airport,210,Cancelled,42566.77,,18.00,,,,,,,,
6538,Airport,210,Cancelled,42566.87,,20.00,,,,,,,,
244,City,211,Cancelled,42562.27,,6.00,,,,,,,,
1216,Airport,211,Cancelled,42562.90,,21.00,,,,,,,,
4154,City,211,Cancelled,42565.21,,5.00,,,,,,,,
393,City,212,Cancelled,42562.35,,8.00,,,,,,,,
419,City,212,Cancelled,42562.36,,8.00,,,,,,,,
4311,City,212,Cancelled,42565.29,,6.00,,,,,,,,
4404,City,212,Cancelled,42565.33,,7.00,,,,,,,,
5675,City,212,Cancelled,42566.30,,7.00,,,,,,,,
193,City,213,Cancelled,42562.25,,5.00,,,,,,,,
1825,City,213,Cancelled,42563.40,,9.00,,,,,,,,
3111,City,213,Cancelled,42564.36,,8.00,,,,,,,,
4160,City,213,Cancelled,42565.21,,5.00,,,,,,,,
2846,City,214,Cancelled,42564.23,,5.00,,,,,,,,
3163,City,214,Cancelled,42564.38,,9.00,,,,,,,,
3446,City,214,Cancelled,42564.69,,16.00,,,,,,,,
4543,City,214,Cancelled,42565.40,,9.00,,,,,,,,
4800,Airport,214,Cancelled,42565.71,,16.00,,,,,,,,
107,City,215,Cancelled,42562.21,,5.00,,,,,,,,
1594,City,215,Cancelled,42563.28,,6.00,,,,,,,,
1791,City,215,Cancelled,42563.38,,9.00,,,,,,,,
6050,City,215,Cancelled,42566.57,,13.00,,,,,,,,
409,City,216,Cancelled,42562.36,,8.00,,,,,,,,
3137,City,216,Cancelled,42564.37,,8.00,,,,,,,,
4532,City,216,Cancelled,42565.40,,9.00,,,,,,,,
5914,City,216,Cancelled,42566.42,,9.00,,,,,,,,
5618,City,217,Cancelled,42566.27,,6.00,,,,,,,,
5688,City,217,Cancelled,42566.31,,7.00,,,,,,,,
6419,City,217,Cancelled,42566.82,,19.00,,,,,,,,
711,City,218,Cancelled,42562.60,,14.00,,,,,,,,
4415,City,218,Cancelled,42565.34,,8.00,,,,,,,,
4544,City,218,Cancelled,42565.40,,9.00,,,,,,,,
3173,City,219,Cancelled,42564.38,,9.00,,,,,,,,
6262,Airport,219,Cancelled,42566.75,,18.00,,,,,,,,
262,City,220,Cancelled,42562.28,,6.00,,,,,,,,
529,City,220,Cancelled,42562.41,,9.00,,,,,,,,
1537,City,220,Cancelled,42563.25,,5.00,,,,,,,,
1788,City,220,Cancelled,42563.38,,9.00,,,,,,,,
5816,City,220,Cancelled,42566.36,,8.00,,,,,,,,
3260,City,221,Cancelled,42564.43,,10.00,,,,,,,,
4008,City,221,Cancelled,42564.99,,23.00,,,,,,,,
4574,City,221,Cancelled,42565.41,,9.00,,,,,,,,
1730,City,222,Cancelled,42563.35,,8.00,,,,,,,,
2448,Airport,222,Cancelled,42563.85,,20.00,,,,,,,,
4570,City,222,Cancelled,42565.41,,9.00,,,,,,,,
5529,City,222,Cancelled,42566.23,,5.00,,,,,,,,
1506,City,223,Cancelled,42563.23,,5.00,,,,,,,,
2651,City,223,Cancelled,42563.96,,22.00,,,,,,,,
3185,City,223,Cancelled,42564.39,,9.00,,,,,,,,
3421,City,223,Cancelled,42564.65,,15.00,,,,,,,,
291,City,224,Cancelled,42562.30,,7.00,,,,,,,,
1669,City,224,Cancelled,42563.32,,7.00,,,,,,,,
3974,City,224,Cancelled,42564.96,,23.00,,,,,,,,
4349,City,224,Cancelled,42565.30,,7.00,,,,,,,,
4442,City,224,Cancelled,42565.36,,8.00,,,,,,,,
5327,Airport,224,Cancelled,42565.93,,22.00,,,,,,,,
2929,City,225,Cancelled,42564.27,,6.00,,,,,,,,
3186,City,225,Cancelled,42564.39,,9.00,,,,,,,,
4211,City,225,Cancelled,42565.23,,5.00,,,,,,,,
5273,Airport,225,Cancelled,42565.90,,21.00,,,,,,,,
6445,City,225,Cancelled,42566.83,,20.00,,,,,,,,
157,City,226,Cancelled,42562.23,,5.00,,,,,,,,
2813,City,226,Cancelled,42564.21,,5.00,,,,,,,,
3057,City,226,Cancelled,42564.33,,7.00,,,,,,,,
4641,City,226,Cancelled,42565.49,,11.00,,,,,,,,
5884,City,226,Cancelled,42566.40,,9.00,,,,,,,,
1837,City,227,Cancelled,42563.40,,9.00,,,,,,,,
4092,City,227,Cancelled,42565.12,,2.00,,,,,,,,
4222,City,227,Cancelled,42565.24,,5.00,,,,,,,,
1509,City,228,Cancelled,42563.24,,5.00,,,,,,,,
3194,City,228,Cancelled,42564.40,,9.00,,,,,,,,
3541,Airport,228,Cancelled,42564.75,,17.00,,,,,,,,
1365,City,229,Cancelled,42562.01,,0.00,,,,,,,,
1834,City,229,Cancelled,42563.40,,9.00,,,,,,,,
4129,City,229,Cancelled,42565.20,,4.00,,,,,,,,
4380,City,229,Cancelled,42565.32,,7.00,,,,,,,,
4434,City,229,Cancelled,42565.35,,8.00,,,,,,,,
5735,City,229,Cancelled,42566.32,,7.00,,,,,,,,
6434,Airport,229,Cancelled,42566.83,,19.00,,,,,,,,
623,Airport,230,Cancelled,42562.50,,12.00,,,,,,,,
1521,City,230,Cancelled,42563.24,,5.00,,,,,,,,
2771,City,230,Cancelled,42564.18,,4.00,,,,,,,,
2873,City,230,Cancelled,42564.24,,5.00,,,,,,,,
3320,Airport,230,Cancelled,42564.51,,12.00,,,,,,,,
4571,City,230,Cancelled,42565.41,,9.00,,,,,,,,
4600,City,230,Cancelled,42565.42,,10.00,,,,,,,,
5341,City,230,Cancelled,42565.94,,22.00,,,,,,,,
2435,City,231,Cancelled,42563.84,,20.00,,,,,,,,
2919,City,231,Cancelled,42564.26,,6.00,,,,,,,,
4712,City,231,Cancelled,42565.56,,13.00,,,,,,,,
399,City,232,Cancelled,42562.35,,8.00,,,,,,,,
2826,City,232,Cancelled,42564.22,,5.00,,,,,,,,
3090,City,232,Cancelled,42564.34,,8.00,,,,,,,,
4141,City,232,Cancelled,42565.20,,4.00,,,,,,,,
5817,City,232,Cancelled,42566.37,,8.00,,,,,,,,
1156,City,233,Cancelled,42562.87,,20.00,,,,,,,,
3155,City,233,Cancelled,42564.38,,9.00,,,,,,,,
5821,City,233,Cancelled,42566.37,,8.00,,,,,,,,
552,City,234,Cancelled,42562.42,,10.00,,,,,,,,
589,Airport,234,Cancelled,42562.47,,11.00,,,,,,,,
3218,City,234,Cancelled,42564.41,,9.00,,,,,,,,
3287,City,234,Cancelled,42564.47,,11.00,,,,,,,,
5557,City,234,Cancelled,42566.24,,5.00,,,,,,,,
5874,City,234,Cancelled,42566.39,,9.00,,,,,,,,
1117,Airport,235,Cancelled,42562.85,,20.00,,,,,,,,
2820,City,235,Cancelled,42564.22,,5.00,,,,,,,,
3083,City,235,Cancelled,42564.34,,8.00,,,,,,,,
185,City,236,Cancelled,42562.24,,5.00,,,,,,,,
2922,City,236,Cancelled,42564.27,,6.00,,,,,,,,
4379,City,236,Cancelled,42565.32,,7.00,,,,,,,,
1846,City,237,Cancelled,42563.40,,9.00,,,,,,,,
2778,Airport,237,Cancelled,42564.20,,4.00,,,,,,,,
4161,City,237,Cancelled,42565.21,,5.00,,,,,,,,
5702,City,237,Cancelled,42566.32,,7.00,,,,,,,,
5808,City,237,Cancelled,42566.36,,8.00,,,,,,,,
298,City,238,Cancelled,42562.30,,7.00,,,,,,,,
4602,Airport,238,Cancelled,42565.43,,10.00,,,,,,,,
5650,City,238,Cancelled,42566.29,,6.00,,,,,,,,
508,City,239,Cancelled,42562.40,,9.00,,,,,,,,
1419,City,239,Cancelled,42563.16,,3.00,,,,,,,,
3114,City,239,Cancelled,42564.36,,8.00,,,,,,,,
309,City,240,Cancelled,42562.30,,7.00,,,,,,,,
327,City,240,Cancelled,42562.31,,7.00,,,,,,,,
1491,City,240,Cancelled,42563.23,,5.00,,,,,,,,
4392,City,240,Cancelled,42565.33,,7.00,,,,,,,,
5396,City,240,Cancelled,42566.04,,0.00,,,,,,,,
5767,City,240,Cancelled,42566.35,,8.00,,,,,,,,
5498,City,241,Cancelled,42566.21,,4.00,,,,,,,,
5755,City,241,Cancelled,42566.34,,8.00,,,,,,,,
414,City,242,Cancelled,42562.36,,8.00,,,,,,,,
1621,City,242,Cancelled,42563.29,,6.00,,,,,,,,
5288,Airport,242,Cancelled,42565.90,,21.00,,,,,,,,
1778,City,243,Cancelled,42563.38,,9.00,,,,,,,,
5266,Airport,243,Cancelled,42565.89,,21.00,,,,,,,,
5836,City,243,Cancelled,42566.38,,9.00,,,,,,,,
115,City,244,Cancelled,42562.22,,5.00,,,,,,,,
4655,City,244,Cancelled,42565.50,,12.00,,,,,,,,
5590,City,244,Cancelled,42566.25,,6.00,,,,,,,,
1784,City,245,Cancelled,42563.38,,9.00,,,,,,,,
3123,City,245,Cancelled,42564.36,,8.00,,,,,,,,
3330,City,245,Cancelled,42564.52,,12.00,,,,,,,,
4376,City,245,Cancelled,42565.32,,7.00,,,,,,,,
4540,City,245,Cancelled,42565.40,,9.00,,,,,,,,
431,City,246,Cancelled,42562.37,,8.00,,,,,,,,
1599,City,246,Cancelled,42563.28,,6.00,,,,,,,,
1725,City,246,Cancelled,42563.35,,8.00,,,,,,,,
4248,City,246,Cancelled,42565.25,,6.00,,,,,,,,
133,City,247,Cancelled,42562.22,,5.00,,,,,,,,
4170,City,247,Cancelled,42565.22,,5.00,,,,,,,,
6057,Airport,247,Cancelled,42566.57,,13.00,,,,,,,,
108,City,248,Cancelled,42562.21,,5.00,,,,,,,,
1798,City,248,Cancelled,42563.38,,9.00,,,,,,,,
1932,City,248,Cancelled,42563.47,,11.00,,,,,,,,
5865,City,248,Cancelled,42566.39,,9.00,,,,,,,,
5981,City,248,Cancelled,42566.49,,11.00,,,,,,,,
363,City,249,Cancelled,42562.33,,8.00,,,,,,,,
3153,City,249,Cancelled,42564.38,,9.00,,,,,,,,
3196,City,249,Cancelled,42564.40,,9.00,,,,,,,,
3214,City,249,Cancelled,42564.41,,9.00,,,,,,,,
4171,City,249,Cancelled,42565.22,,5.00,,,,,,,,
5824,City,249,Cancelled,42566.37,,8.00,,,,,,,,
1866,City,250,Cancelled,42563.41,,9.00,,,,,,,,
2958,City,250,Cancelled,42564.28,,6.00,,,,,,,,
3181,Airport,250,Cancelled,42564.39,,9.00,,,,,,,,
5833,City,250,Cancelled,42566.37,,8.00,,,,,,,,
5873,City,250,Cancelled,42566.39,,9.00,,,,,,,,
415,Airport,251,Cancelled,42562.36,,8.00,,,,,,,,
4439,City,251,Cancelled,42565.35,,8.00,,,,,,,,
5761,City,251,Cancelled,42566.35,,8.00,,,,,,,,
490,City,252,Cancelled,42562.40,,9.00,,,,,,,,
464,City,253,Cancelled,42562.38,,9.00,,,,,,,,
725,Airport,253,Cancelled,42562.63,,15.00,,,,,,,,
2418,Airport,254,Cancelled,42563.84,,20.00,,,,,,,,
4137,City,254,Cancelled,42565.20,,4.00,,,,,,,,
780,Airport,255,Cancelled,42562.70,,16.00,,,,,,,,
1601,City,255,Cancelled,42563.28,,6.00,,,,,,,,
1831,Airport,255,Cancelled,42563.39,,9.00,,,,,,,,
5545,City,255,Cancelled,42566.23,,5.00,,,,,,,,
2782,City,256,Cancelled,42564.20,,4.00,,,,,,,,
4202,City,256,Cancelled,42565.23,,5.00,,,,,,,,
4253,City,256,Cancelled,42565.25,,6.00,,,,,,,,
4669,City,256,Cancelled,42565.52,,12.00,,,,,,,,
5694,City,256,Cancelled,42566.31,,7.00,,,,,,,,
5707,City,256,Cancelled,42566.31,,7.00,,,,,,,,
5795,City,256,Cancelled,42566.36,,8.00,,,,,,,,
4203,City,257,Cancelled,42565.23,,5.00,,,,,,,,
5928,City,257,Cancelled,42566.42,,10.00,,,,,,,,
471,City,258,Cancelled,42562.39,,9.00,,,,,,,,
4505,City,258,Cancelled,42565.38,,9.00,,,,,,,,
5876,City,258,Cancelled,42566.39,,9.00,,,,,,,,
332,City,259,Cancelled,42562.32,,7.00,,,,,,,,
1734,City,259,Cancelled,42563.35,,8.00,,,,,,,,
3202,City,259,Cancelled,42564.40,,9.00,,,,,,,,
4232,City,259,Cancelled,42565.25,,5.00,,,,,,,,
6608,Airport,259,Cancelled,42566.91,,21.00,,,,,,,,
1703,City,260,Cancelled,42563.34,,8.00,,,,,,,,
3001,City,260,Cancelled,42564.30,,7.00,,,,,,,,
3149,City,260,Cancelled,42564.37,,8.00,,,,,,,,
4496,City,260,Cancelled,42565.38,,9.00,,,,,,,,
1591,City,261,Cancelled,42563.27,,6.00,,,,,,,,
1876,City,261,Cancelled,42563.42,,10.00,,,,,,,,
4169,City,261,Cancelled,42565.22,,5.00,,,,,,,,
4512,City,261,Cancelled,42565.39,,9.00,,,,,,,,
2895,City,262,Cancelled,42564.25,,6.00,,,,,,,,
4330,City,262,Cancelled,42565.30,,7.00,,,,,,,,
4801,City,262,Cancelled,42565.71,,16.00,,,,,,,,
5787,City,262,Cancelled,42566.35,,8.00,,,,,,,,
743,City,263,Cancelled,42562.65,,15.00,,,,,,,,
3704,Airport,263,Cancelled,42564.82,,19.00,,,,,,,,
485,City,264,Cancelled,42562.40,,9.00,,,,,,,,
647,City,264,Cancelled,42562.53,,12.00,,,,,,,,
1858,City,264,Cancelled,42563.41,,9.00,,,,,,,,
4755,City,264,Cancelled,42565.64,,15.00,,,,,,,,
5769,City,264,Cancelled,42566.35,,8.00,,,,,,,,
2988,City,265,Cancelled,42564.30,,7.00,,,,,,,,
553,City,266,Cancelled,42562.42,,10.00,,,,,,,,
676,City,266,Cancelled,42562.56,,13.00,,,,,,,,
1516,City,266,Cancelled,42563.24,,5.00,,,,,,,,
1763,City,266,Cancelled,42563.37,,8.00,,,,,,,,
4144,City,266,Cancelled,42565.20,,4.00,,,,,,,,
6541,Airport,266,Cancelled,42566.87,,20.00,,,,,,,,
147,City,267,Cancelled,42562.23,,5.00,,,,,,,,
2881,City,267,Cancelled,42564.25,,5.00,,,,,,,,
2964,City,267,Cancelled,42564.28,,6.00,,,,,,,,
4236,City,267,Cancelled,42565.25,,5.00,,,,,,,,
4447,City,267,Cancelled,42565.36,,8.00,,,,,,,,
4579,Airport,267,Cancelled,42565.42,,10.00,,,,,,,,
5720,City,267,Cancelled,42566.32,,7.00,,,,,,,,
5820,City,267,Cancelled,42566.37,,8.00,,,,,,,,
6487,Airport,267,Cancelled,42566.85,,20.00,,,,,,,,
120,City,268,Cancelled,42562.21,,5.00,,,,,,,,
1560,City,268,Cancelled,42563.25,,6.00,,,,,,,,
4815,Airport,268,Cancelled,42565.72,,17.00,,,,,,,,
166,City,269,Cancelled,42562.24,,5.00,,,,,,,,
1655,Airport,269,Cancelled,42563.31,,7.00,,,,,,,,
1670,City,269,Cancelled,42563.32,,7.00,,,,,,,,
3026,City,269,Cancelled,42564.31,,7.00,,,,,,,,
3388,City,269,Cancelled,42564.61,,14.00,,,,,,,,
5809,City,269,Cancelled,42566.37,,8.00,,,,,,,,
6080,Airport,269,Cancelled,42566.60,,14.00,,,,,,,,
1545,Airport,270,Cancelled,42563.25,,6.00,,,,,,,,
3032,City,270,Cancelled,42564.32,,7.00,,,,,,,,
3156,City,270,Cancelled,42564.38,,9.00,,,,,,,,
4741,City,270,Cancelled,42565.62,,14.00,,,,,,,,
5582,City,270,Cancelled,42566.24,,5.00,,,,,,,,
5677,City,270,Cancelled,42566.30,,7.00,,,,,,,,
5989,Airport,270,Cancelled,42566.49,,11.00,,,,,,,,
417,City,271,Cancelled,42562.36,,8.00,,,,,,,,
1437,City,271,Cancelled,42563.20,,4.00,,,,,,,,
3063,City,271,Cancelled,42564.33,,7.00,,,,,,,,
3100,City,271,Cancelled,42564.35,,8.00,,,,,,,,
3148,City,271,Cancelled,42564.38,,9.00,,,,,,,,
305,City,272,Cancelled,42562.30,,7.00,,,,,,,,
1511,City,272,Cancelled,42563.24,,5.00,,,,,,,,
2830,City,272,Cancelled,42564.22,,5.00,,,,,,,,
2938,City,272,Cancelled,42564.27,,6.00,,,,,,,,
346,City,273,Cancelled,42562.33,,7.00,,,,,,,,
1684,City,274,Cancelled,42563.33,,7.00,,,,,,,,
3027,City,274,Cancelled,42564.31,,7.00,,,,,,,,
3017,Airport,274,Cancelled,42564.31,,7.00,,,,,,,,
4926,Airport,274,Cancelled,42565.76,,18.00,,,,,,,,
2222,City,275,Cancelled,42563.75,,18.00,,,,,,,,
2237,City,275,Cancelled,42563.76,,18.00,,,,,,,,
4207,City,275,Cancelled,42565.23,,5.00,,,,,,,,
4223,City,275,Cancelled,42565.24,,5.00,,,,,,,,
4452,City,275,Cancelled,42565.36,,8.00,,,,,,,,
5632,City,275,Cancelled,42566.27,,6.00,,,,,,,,
5879,City,275,Cancelled,42566.39,,9.00,,,,,,,,
395,City,276,Cancelled,42562.36,,8.00,,,,,,,,
495,City,276,Cancelled,42562.40,,9.00,,,,,,,,
1228,City,276,Cancelled,42562.90,,21.00,,,,,,,,
1481,City,277,Cancelled,42563.23,,5.00,,,,,,,,
1616,City,277,Cancelled,42563.29,,6.00,,,,,,,,
1627,City,277,Cancelled,42563.29,,7.00,,,,,,,,
1726,City,277,Cancelled,42563.35,,8.00,,,,,,,,
2789,City,277,Cancelled,42564.20,,4.00,,,,,,,,
3552,Airport,277,Cancelled,42564.75,,18.00,,,,,,,,
4130,City,277,Cancelled,42565.20,,4.00,,,,,,,,
294,City,278,Cancelled,42562.30,,7.00,,,,,,,,
315,City,278,Cancelled,42562.32,,7.00,,,,,,,,
1718,City,278,Cancelled,42563.34,,8.00,,,,,,,,
2122,City,278,Cancelled,42563.70,,16.00,,,,,,,,
2387,City,278,Cancelled,42563.82,,19.00,,,,,,,,
140,City,279,Cancelled,42562.22,,5.00,,,,,,,,
505,City,279,Cancelled,42562.41,,9.00,,,,,,,,
2950,City,279,Cancelled,42564.28,,6.00,,,,,,,,
5800,City,279,Cancelled,42566.36,,8.00,,,,,,,,
1877,City,280,Cancelled,42563.42,,10.00,,,,,,,,
3437,City,280,Cancelled,42564.67,,16.00,,,,,,,,
3820,Airport,280,Cancelled,42564.88,,21.00,,,,,,,,
5076,City,280,Cancelled,42565.82,,19.00,,,,,,,,
5660,City,280,Cancelled,42566.29,,7.00,,,,,,,,
6242,Airport,280,Cancelled,42566.75,,17.00,,,,,,,,
6321,Airport,280,Cancelled,42566.78,,18.00,,,,,,,,
3086,City,281,Cancelled,42564.34,,8.00,,,,,,,,
4538,City,281,Cancelled,42565.40,,9.00,,,,,,,,
1233,Airport,282,Cancelled,42562.90,,21.00,,,,,,,,
1883,City,282,Cancelled,42563.42,,10.00,,,,,,,,
3233,City,282,Cancelled,42564.42,,10.00,,,,,,,,
3237,City,282,Cancelled,42564.42,,10.00,,,,,,,,
3577,Airport,282,Cancelled,42564.77,,18.00,,,,,,,,
219,City,283,Cancelled,42562.26,,6.00,,,,,,,,
493,City,283,Cancelled,42562.40,,9.00,,,,,,,,
1575,City,283,Cancelled,42563.27,,6.00,,,,,,,,
5631,City,283,Cancelled,42566.28,,6.00,,,,,,,,
109,City,284,Cancelled,42562.21,,5.00,,,,,,,,
299,City,284,Cancelled,42562.30,,7.00,,,,,,,,
347,City,284,Cancelled,42562.33,,7.00,,,,,,,,
538,City,284,Cancelled,42562.42,,10.00,,,,,,,,
3250,City,284,Cancelled,42564.42,,10.00,,,,,,,,
3983,City,284,Cancelled,42564.97,,23.00,,,,,,,,
2948,City,285,Cancelled,42564.28,,6.00,,,,,,,,
2982,City,285,Cancelled,42564.29,,7.00,,,,,,,,
3055,City,285,Cancelled,42564.33,,7.00,,,,,,,,
3759,City,285,Cancelled,42564.86,,20.00,,,,,,,,
4389,City,285,Cancelled,42565.33,,7.00,,,,,,,,
5949,City,285,Cancelled,42566.44,,10.00,,,,,,,,
441,City,286,Cancelled,42562.38,,9.00,,,,,,,,
1109,City,286,Cancelled,42562.85,,20.00,,,,,,,,
1693,Airport,286,Cancelled,42563.33,,7.00,,,,,,,,
3198,City,286,Cancelled,42564.40,,9.00,,,,,,,,
4507,City,286,Cancelled,42565.38,,9.00,,,,,,,,
6058,City,286,Cancelled,42566.57,,13.00,,,,,,,,
1630,City,287,Cancelled,42563.29,,7.00,,,,,,,,
3451,Airport,287,Cancelled,42564.70,,16.00,,,,,,,,
3839,Airport,287,Cancelled,42564.89,,21.00,,,,,,,,
4258,City,287,Cancelled,42565.26,,6.00,,,,,,,,
4677,Airport,287,Cancelled,42565.53,,12.00,,,,,,,,
5603,City,287,Cancelled,42566.26,,6.00,,,,,,,,
186,City,288,Cancelled,42562.24,,5.00,,,,,,,,
2094,Airport,288,Cancelled,42563.66,,15.00,,,,,,,,
4354,City,288,Cancelled,42565.31,,7.00,,,,,,,,
340,City,289,Cancelled,42562.33,,7.00,,,,,,,,
5499,City,289,Cancelled,42566.21,,5.00,,,,,,,,
151,City,290,Cancelled,42562.23,,5.00,,,,,,,,
316,City,290,Cancelled,42562.31,,7.00,,,,,,,,
561,City,290,Cancelled,42562.42,,10.00,,,,,,,,
1582,City,290,Cancelled,42563.27,,6.00,,,,,,,,
1871,City,290,Cancelled,42563.42,,10.00,,,,,,,,
4213,City,290,Cancelled,42565.24,,5.00,,,,,,,,
5801,City,290,Cancelled,42566.36,,8.00,,,,,,,,
144,City,291,Cancelled,42562.23,,5.00,,,,,,,,
1383,City,291,Cancelled,42563.05,,1.00,,,,,,,,
3216,City,291,Cancelled,42564.41,,9.00,,,,,,,,
184,City,292,Cancelled,42562.24,,5.00,,,,,,,,
4435,City,292,Cancelled,42565.35,,8.00,,,,,,,,
5623,City,292,Cancelled,42566.27,,6.00,,,,,,,,
2837,City,293,Cancelled,42564.22,,5.00,,,,,,,,
5812,City,293,Cancelled,42566.36,,8.00,,,,,,,,
407,City,294,Cancelled,42562.36,,8.00,,,,,,,,
486,City,294,Cancelled,42562.40,,9.00,,,,,,,,
4489,City,294,Cancelled,42565.37,,8.00,,,,,,,,
1251,City,295,Cancelled,42562.91,,21.00,,,,,,,,
2875,City,295,Cancelled,42564.25,,5.00,,,,,,,,
3104,City,295,Cancelled,42564.35,,8.00,,,,,,,,
3909,City,295,Cancelled,42564.93,,22.00,,,,,,,,
4338,City,295,Cancelled,42565.31,,7.00,,,,,,,,
4479,City,295,Cancelled,42565.36,,8.00,,,,,,,,
3187,City,296,Cancelled,42564.40,,9.00,,,,,,,,
4251,City,296,Cancelled,42565.25,,5.00,,,,,,,,
5514,City,296,Cancelled,42566.21,,5.00,,,,,,,,
5690,City,296,Cancelled,42566.31,,7.00,,,,,,,,
295,Airport,297,Cancelled,42562.30,,7.00,,,,,,,,
1487,City,297,Cancelled,42563.22,,5.00,,,,,,,,
5515,City,297,Cancelled,42566.22,,5.00,,,,,,,,
5535,City,297,Cancelled,42566.22,,5.00,,,,,,,,
284,City,298,Cancelled,42562.30,,7.00,,,,,,,,
2966,City,298,Cancelled,42564.29,,6.00,,,,,,,,
3120,City,298,Cancelled,42564.36,,8.00,,,,,,,,
4552,City,298,Cancelled,42565.40,,9.00,,,,,,,,
758,City,299,Cancelled,42562.67,,16.00,,,,,,,,
1641,City,299,Cancelled,42563.31,,7.00,,,,,,,,
4158,City,299,Cancelled,42565.21,,5.00,,,,,,,,
4164,City,299,Cancelled,42565.21,,5.00,,,,,,,,
4448,City,299,Cancelled,42565.35,,8.00,,,,,,,,
4225,City,300,Cancelled,42565.24,,5.00,,,,,,,,
1362,City,,No Cars Available,42562.00,,0.00,,,,,,,,
1364,City,,No Cars Available,42562.00,,0.00,,,,,,,,
1366,City,,No Cars Available,42562.01,,0.00,,,,,,,,
2,Airport,,No Cars Available,42562.02,,0.00,,,,,,,,
7,Airport,,No Cars Available,42562.02,,0.00,,,,,,,,
6,City,,No Cars Available,42562.03,,0.00,,,,,,,,
4,City,,No Cars Available,42562.03,,0.00,,,,,,,,
8,City,,No Cars Available,42562.03,,0.00,,,,,,,,
12,City,,No Cars Available,42562.05,,1.00,,,,,,,,
16,Airport,,No Cars Available,42562.05,,1.00,,,,,,,,
14,Airport,,No Cars Available,42562.05,,1.00,,,,,,,,
19,City,,No Cars Available,42562.05,,1.00,,,,,,,,
15,City,,No Cars Available,42562.05,,1.00,,,,,,,,
17,Airport,,No Cars Available,42562.05,,1.00,,,,,,,,
20,Airport,,No Cars Available,42562.06,,1.00,,,,,,,,
23,City,,No Cars Available,42562.07,,1.00,,,,,,,,
22,Airport,,No Cars Available,42562.07,,1.00,,,,,,,,
25,Airport,,No Cars Available,42562.07,,1.00,,,,,,,,
24,Airport,,No Cars Available,42562.08,,1.00,,,,,,,,
27,Airport,,No Cars Available,42562.08,,1.00,,,,,,,,
26,Airport,,No Cars Available,42562.08,,1.00,,,,,,,,
29,City,,No Cars Available,42562.08,,1.00,,,,,,,,
28,City,,No Cars Available,42562.08,,2.00,,,,,,,,
31,City,,No Cars Available,42562.09,,2.00,,,,,,,,
32,Airport,,No Cars Available,42562.09,,2.00,,,,,,,,
36,City,,No Cars Available,42562.11,,2.00,,,,,,,,
37,Airport,,No Cars Available,42562.11,,2.00,,,,,,,,
38,City,,No Cars Available,42562.11,,2.00,,,,,,,,
40,Airport,,No Cars Available,42562.11,,2.00,,,,,,,,
39,Airport,,No Cars Available,42562.12,,2.00,,,,,,,,
42,Airport,,No Cars Available,42562.12,,2.00,,,,,,,,
43,City,,No Cars Available,42562.13,,3.00,,,,,,,,
44,Airport,,No Cars Available,42562.13,,3.00,,,,,,,,
46,Airport,,No Cars Available,42562.14,,3.00,,,,,,,,
49,Airport,,No Cars Available,42562.15,,3.00,,,,,,,,
52,City,,No Cars Available,42562.15,,3.00,,,,,,,,
54,City,,No Cars Available,42562.15,,3.00,,,,,,,,
55,Airport,,No Cars Available,42562.15,,3.00,,,,,,,,
57,City,,No Cars Available,42562.16,,3.00,,,,,,,,
59,City,,No Cars Available,42562.17,,3.00,,,,,,,,
56,City,,No Cars Available,42562.17,,3.00,,,,,,,,
58,Airport,,No Cars Available,42562.17,,4.00,,,,,,,,
61,Airport,,No Cars Available,42562.17,,4.00,,,,,,,,
62,Airport,,No Cars Available,42562.17,,4.00,,,,,,,,
63,Airport,,No Cars Available,42562.18,,4.00,,,,,,,,
65,Airport,,No Cars Available,42562.18,,4.00,,,,,,,,
67,Airport,,No Cars Available,42562.18,,4.00,,,,,,,,
69,Airport,,No Cars Available,42562.19,,4.00,,,,,,,,
68,Airport,,No Cars Available,42562.19,,4.00,,,,,,,,
72,City,,No Cars Available,42562.19,,4.00,,,,,,,,
73,Airport,,No Cars Available,42562.19,,4.00,,,,,,,,
71,City,,No Cars Available,42562.19,,4.00,,,,,,,,
75,Airport,,No Cars Available,42562.19,,4.00,,,,,,,,
79,City,,No Cars Available,42562.20,,4.00,,,,,,,,
83,City,,No Cars Available,42562.20,,4.00,,,,,,,,
78,City,,No Cars Available,42562.20,,4.00,,,,,,,,
104,City,,No Cars Available,42562.21,,5.00,,,,,,,,
103,City,,No Cars Available,42562.21,,5.00,,,,,,,,
131,City,,No Cars Available,42562.22,,5.00,,,,,,,,
124,City,,No Cars Available,42562.22,,5.00,,,,,,,,
117,City,,No Cars Available,42562.22,,5.00,,,,,,,,
137,City,,No Cars Available,42562.22,,5.00,,,,,,,,
136,City,,No Cars Available,42562.22,,5.00,,,,,,,,
135,City,,No Cars Available,42562.22,,5.00,,,,,,,,
138,City,,No Cars Available,42562.22,,5.00,,,,,,,,
154,City,,No Cars Available,42562.23,,5.00,,,,,,,,
153,City,,No Cars Available,42562.23,,5.00,,,,,,,,
171,City,,No Cars Available,42562.24,,5.00,,,,,,,,
167,City,,No Cars Available,42562.24,,5.00,,,,,,,,
159,City,,No Cars Available,42562.24,,5.00,,,,,,,,
178,City,,No Cars Available,42562.24,,5.00,,,,,,,,
179,City,,No Cars Available,42562.24,,5.00,,,,,,,,
190,City,,No Cars Available,42562.25,,5.00,,,,,,,,
189,City,,No Cars Available,42562.25,,5.00,,,,,,,,
208,Airport,,No Cars Available,42562.25,,6.00,,,,,,,,
194,City,,No Cars Available,42562.25,,6.00,,,,,,,,
207,City,,No Cars Available,42562.25,,6.00,,,,,,,,
199,City,,No Cars Available,42562.25,,6.00,,,,,,,,
203,City,,No Cars Available,42562.25,,6.00,,,,,,,,
221,City,,No Cars Available,42562.26,,6.00,,,,,,,,
226,City,,No Cars Available,42562.26,,6.00,,,,,,,,
228,City,,No Cars Available,42562.27,,6.00,,,,,,,,
231,City,,No Cars Available,42562.27,,6.00,,,,,,,,
230,City,,No Cars Available,42562.27,,6.00,,,,,,,,
254,City,,No Cars Available,42562.28,,6.00,,,,,,,,
263,City,,No Cars Available,42562.28,,6.00,,,,,,,,
255,City,,No Cars Available,42562.28,,6.00,,,,,,,,
259,City,,No Cars Available,42562.28,,6.00,,,,,,,,
266,City,,No Cars Available,42562.28,,6.00,,,,,,,,
274,City,,No Cars Available,42562.28,,6.00,,,,,,,,
272,City,,No Cars Available,42562.28,,6.00,,,,,,,,
287,City,,No Cars Available,42562.30,,7.00,,,,,,,,
288,City,,No Cars Available,42562.30,,7.00,,,,,,,,
300,City,,No Cars Available,42562.30,,7.00,,,,,,,,
331,City,,No Cars Available,42562.32,,7.00,,,,,,,,
337,City,,No Cars Available,42562.33,,7.00,,,,,,,,
342,City,,No Cars Available,42562.33,,7.00,,,,,,,,
349,City,,No Cars Available,42562.33,,7.00,,,,,,,,
344,City,,No Cars Available,42562.33,,7.00,,,,,,,,
348,City,,No Cars Available,42562.33,,7.00,,,,,,,,
359,City,,No Cars Available,42562.33,,7.00,,,,,,,,
367,City,,No Cars Available,42562.34,,8.00,,,,,,,,
356,City,,No Cars Available,42562.34,,8.00,,,,,,,,
369,City,,No Cars Available,42562.34,,8.00,,,,,,,,
364,City,,No Cars Available,42562.34,,8.00,,,,,,,,
372,City,,No Cars Available,42562.34,,8.00,,,,,,,,
365,City,,No Cars Available,42562.34,,8.00,,,,,,,,
390,City,,No Cars Available,42562.35,,8.00,,,,,,,,
388,City,,No Cars Available,42562.35,,8.00,,,,,,,,
385,City,,No Cars Available,42562.35,,8.00,,,,,,,,
396,City,,No Cars Available,42562.35,,8.00,,,,,,,,
413,City,,No Cars Available,42562.36,,8.00,,,,,,,,
408,City,,No Cars Available,42562.36,,8.00,,,,,,,,
416,City,,No Cars Available,42562.36,,8.00,,,,,,,,
435,City,,No Cars Available,42562.37,,8.00,,,,,,,,
440,City,,No Cars Available,42562.38,,9.00,,,,,,,,
434,City,,No Cars Available,42562.38,,9.00,,,,,,,,
456,City,,No Cars Available,42562.38,,9.00,,,,,,,,
453,City,,No Cars Available,42562.38,,9.00,,,,,,,,
442,City,,No Cars Available,42562.39,,9.00,,,,,,,,
478,City,,No Cars Available,42562.39,,9.00,,,,,,,,
452,City,,No Cars Available,42562.39,,9.00,,,,,,,,
460,City,,No Cars Available,42562.39,,9.00,,,,,,,,
473,Airport,,No Cars Available,42562.39,,9.00,,,,,,,,
472,City,,No Cars Available,42562.39,,9.00,,,,,,,,
496,City,,No Cars Available,42562.40,,9.00,,,,,,,,
487,City,,No Cars Available,42562.40,,9.00,,,,,,,,
498,City,,No Cars Available,42562.40,,9.00,,,,,,,,
503,City,,No Cars Available,42562.40,,9.00,,,,,,,,
502,City,,No Cars Available,42562.40,,9.00,,,,,,,,
509,City,,No Cars Available,42562.40,,9.00,,,,,,,,
506,City,,No Cars Available,42562.40,,9.00,,,,,,,,
522,City,,No Cars Available,42562.41,,9.00,,,,,,,,
516,City,,No Cars Available,42562.41,,9.00,,,,,,,,
524,City,,No Cars Available,42562.41,,9.00,,,,,,,,
527,City,,No Cars Available,42562.41,,9.00,,,,,,,,
530,City,,No Cars Available,42562.41,,9.00,,,,,,,,
539,City,,No Cars Available,42562.42,,9.00,,,,,,,,
541,City,,No Cars Available,42562.42,,10.00,,,,,,,,
548,City,,No Cars Available,42562.42,,10.00,,,,,,,,
563,Airport,,No Cars Available,42562.43,,10.00,,,,,,,,
562,Airport,,No Cars Available,42562.43,,10.00,,,,,,,,
566,City,,No Cars Available,42562.43,,10.00,,,,,,,,
567,Airport,,No Cars Available,42562.43,,10.00,,,,,,,,
576,City,,No Cars Available,42562.46,,10.00,,,,,,,,
581,Airport,,No Cars Available,42562.46,,11.00,,,,,,,,
587,City,,No Cars Available,42562.47,,11.00,,,,,,,,
593,City,,No Cars Available,42562.47,,11.00,,,,,,,,
594,Airport,,No Cars Available,42562.48,,11.00,,,,,,,,
601,City,,No Cars Available,42562.49,,11.00,,,,,,,,
606,City,,No Cars Available,42562.49,,11.00,,,,,,,,
611,Airport,,No Cars Available,42562.50,,11.00,,,,,,,,
613,City,,No Cars Available,42562.50,,11.00,,,,,,,,
617,Airport,,No Cars Available,42562.50,,11.00,,,,,,,,
624,City,,No Cars Available,42562.50,,12.00,,,,,,,,
633,City,,No Cars Available,42562.52,,12.00,,,,,,,,
646,Airport,,No Cars Available,42562.53,,12.00,,,,,,,,
654,Airport,,No Cars Available,42562.53,,12.00,,,,,,,,
655,City,,No Cars Available,42562.54,,12.00,,,,,,,,
658,City,,No Cars Available,42562.54,,12.00,,,,,,,,
659,City,,No Cars Available,42562.54,,12.00,,,,,,,,
667,City,,No Cars Available,42562.54,,13.00,,,,,,,,
665,Airport,,No Cars Available,42562.54,,13.00,,,,,,,,
668,City,,No Cars Available,42562.55,,13.00,,,,,,,,
674,City,,No Cars Available,42562.55,,13.00,,,,,,,,
670,Airport,,No Cars Available,42562.55,,13.00,,,,,,,,
673,Airport,,No Cars Available,42562.56,,13.00,,,,,,,,
678,Airport,,No Cars Available,42562.56,,13.00,,,,,,,,
690,Airport,,No Cars Available,42562.57,,13.00,,,,,,,,
685,City,,No Cars Available,42562.57,,13.00,,,,,,,,
691,City,,No Cars Available,42562.57,,13.00,,,,,,,,
695,City,,No Cars Available,42562.58,,13.00,,,,,,,,
696,City,,No Cars Available,42562.58,,14.00,,,,,,,,
705,Airport,,No Cars Available,42562.59,,14.00,,,,,,,,
713,City,,No Cars Available,42562.61,,14.00,,,,,,,,
716,City,,No Cars Available,42562.62,,14.00,,,,,,,,
722,Airport,,No Cars Available,42562.62,,14.00,,,,,,,,
731,City,,No Cars Available,42562.63,,15.00,,,,,,,,
730,Airport,,No Cars Available,42562.63,,15.00,,,,,,,,
734,City,,No Cars Available,42562.64,,15.00,,,,,,,,
755,Airport,,No Cars Available,42562.67,,16.00,,,,,,,,
762,City,,No Cars Available,42562.68,,16.00,,,,,,,,
765,Airport,,No Cars Available,42562.68,,16.00,,,,,,,,
764,City,,No Cars Available,42562.68,,16.00,,,,,,,,
767,City,,No Cars Available,42562.68,,16.00,,,,,,,,
768,Airport,,No Cars Available,42562.68,,16.00,,,,,,,,
770,Airport,,No Cars Available,42562.69,,16.00,,,,,,,,
776,City,,No Cars Available,42562.69,,16.00,,,,,,,,
783,City,,No Cars Available,42562.70,,16.00,,,,,,,,
787,Airport,,No Cars Available,42562.70,,16.00,,,,,,,,
786,Airport,,No Cars Available,42562.70,,16.00,,,,,,,,
795,Airport,,No Cars Available,42562.71,,17.00,,,,,,,,
796,Airport,,No Cars Available,42562.72,,17.00,,,,,,,,
803,Airport,,No Cars Available,42562.72,,17.00,,,,,,,,
802,Airport,,No Cars Available,42562.72,,17.00,,,,,,,,
806,Airport,,No Cars Available,42562.72,,17.00,,,,,,,,
798,Airport,,No Cars Available,42562.72,,17.00,,,,,,,,
804,Airport,,No Cars Available,42562.72,,17.00,,,,,,,,
808,Airport,,No Cars Available,42562.72,,17.00,,,,,,,,
810,Airport,,No Cars Available,42562.72,,17.00,,,,,,,,
807,Airport,,No Cars Available,42562.72,,17.00,,,,,,,,
814,Airport,,No Cars Available,42562.72,,17.00,,,,,,,,
820,Airport,,No Cars Available,42562.72,,17.00,,,,,,,,
811,Airport,,No Cars Available,42562.72,,17.00,,,,,,,,
813,Airport,,No Cars Available,42562.72,,17.00,,,,,,,,
809,Airport,,No Cars Available,42562.73,,17.00,,,,,,,,
816,Airport,,No Cars Available,42562.73,,17.00,,,,,,,,
815,Airport,,No Cars Available,42562.73,,17.00,,,,,,,,
812,Airport,,No Cars Available,42562.73,,17.00,,,,,,,,
823,Airport,,No Cars Available,42562.73,,17.00,,,,,,,,
818,Airport,,No Cars Available,42562.73,,17.00,,,,,,,,
822,Airport,,No Cars Available,42562.73,,17.00,,,,,,,,
830,Airport,,No Cars Available,42562.73,,17.00,,,,,,,,
824,Airport,,No Cars Available,42562.73,,17.00,,,,,,,,
827,Airport,,No Cars Available,42562.73,,17.00,,,,,,,,
829,Airport,,No Cars Available,42562.73,,17.00,,,,,,,,
825,Airport,,No Cars Available,42562.73,,17.00,,,,,,,,
841,Airport,,No Cars Available,42562.74,,17.00,,,,,,,,
836,Airport,,No Cars Available,42562.74,,17.00,,,,,,,,
842,Airport,,No Cars Available,42562.74,,17.00,,,,,,,,
837,City,,No Cars Available,42562.74,,17.00,,,,,,,,
835,Airport,,No Cars Available,42562.74,,17.00,,,,,,,,
839,Airport,,No Cars Available,42562.74,,17.00,,,,,,,,
849,Airport,,No Cars Available,42562.74,,17.00,,,,,,,,
854,Airport,,No Cars Available,42562.74,,17.00,,,,,,,,
851,Airport,,No Cars Available,42562.74,,17.00,,,,,,,,
850,Airport,,No Cars Available,42562.74,,17.00,,,,,,,,
862,Airport,,No Cars Available,42562.74,,17.00,,,,,,,,
861,Airport,,No Cars Available,42562.75,,17.00,,,,,,,,
858,Airport,,No Cars Available,42562.75,,17.00,,,,,,,,
875,Airport,,No Cars Available,42562.75,,17.00,,,,,,,,
873,Airport,,No Cars Available,42562.75,,17.00,,,,,,,,
869,Airport,,No Cars Available,42562.75,,17.00,,,,,,,,
868,Airport,,No Cars Available,42562.75,,17.00,,,,,,,,
864,Airport,,No Cars Available,42562.75,,17.00,,,,,,,,
866,Airport,,No Cars Available,42562.75,,18.00,,,,,,,,
880,Airport,,No Cars Available,42562.75,,18.00,,,,,,,,
877,Airport,,No Cars Available,42562.75,,18.00,,,,,,,,
879,Airport,,No Cars Available,42562.75,,18.00,,,,,,,,
874,Airport,,No Cars Available,42562.75,,18.00,,,,,,,,
881,Airport,,No Cars Available,42562.75,,18.00,,,,,,,,
886,Airport,,No Cars Available,42562.75,,18.00,,,,,,,,
894,Airport,,No Cars Available,42562.75,,18.00,,,,,,,,
890,Airport,,No Cars Available,42562.75,,18.00,,,,,,,,
883,Airport,,No Cars Available,42562.75,,18.00,,,,,,,,
888,Airport,,No Cars Available,42562.76,,18.00,,,,,,,,
885,Airport,,No Cars Available,42562.76,,18.00,,,,,,,,
895,Airport,,No Cars Available,42562.76,,18.00,,,,,,,,
882,Airport,,No Cars Available,42562.76,,18.00,,,,,,,,
889,Airport,,No Cars Available,42562.76,,18.00,,,,,,,,
893,Airport,,No Cars Available,42562.76,,18.00,,,,,,,,
896,City,,No Cars Available,42562.76,,18.00,,,,,,,,
892,Airport,,No Cars Available,42562.76,,18.00,,,,,,,,
906,Airport,,No Cars Available,42562.76,,18.00,,,,,,,,
897,Airport,,No Cars Available,42562.76,,18.00,,,,,,,,
902,Airport,,No Cars Available,42562.76,,18.00,,,,,,,,
901,Airport,,No Cars Available,42562.76,,18.00,,,,,,,,
922,Airport,,No Cars Available,42562.76,,18.00,,,,,,,,
905,Airport,,No Cars Available,42562.76,,18.00,,,,,,,,
908,Airport,,No Cars Available,42562.76,,18.00,,,,,,,,
915,Airport,,No Cars Available,42562.76,,18.00,,,,,,,,
920,Airport,,No Cars Available,42562.76,,18.00,,,,,,,,
911,Airport,,No Cars Available,42562.76,,18.00,,,,,,,,
916,Airport,,No Cars Available,42562.76,,18.00,,,,,,,,
907,Airport,,No Cars Available,42562.76,,18.00,,,,,,,,
925,Airport,,No Cars Available,42562.77,,18.00,,,,,,,,
935,Airport,,No Cars Available,42562.77,,18.00,,,,,,,,
912,Airport,,No Cars Available,42562.77,,18.00,,,,,,,,
921,Airport,,No Cars Available,42562.77,,18.00,,,,,,,,
931,Airport,,No Cars Available,42562.77,,18.00,,,,,,,,
917,Airport,,No Cars Available,42562.77,,18.00,,,,,,,,
937,Airport,,No Cars Available,42562.77,,18.00,,,,,,,,
934,Airport,,No Cars Available,42562.77,,18.00,,,,,,,,
933,Airport,,No Cars Available,42562.77,,18.00,,,,,,,,
924,Airport,,No Cars Available,42562.77,,18.00,,,,,,,,
942,Airport,,No Cars Available,42562.77,,18.00,,,,,,,,
938,Airport,,No Cars Available,42562.77,,18.00,,,,,,,,
940,Airport,,No Cars Available,42562.77,,18.00,,,,,,,,
953,Airport,,No Cars Available,42562.77,,18.00,,,,,,,,
941,Airport,,No Cars Available,42562.77,,18.00,,,,,,,,
946,Airport,,No Cars Available,42562.78,,18.00,,,,,,,,
950,Airport,,No Cars Available,42562.78,,18.00,,,,,,,,
948,Airport,,No Cars Available,42562.78,,18.00,,,,,,,,
945,Airport,,No Cars Available,42562.78,,18.00,,,,,,,,
955,Airport,,No Cars Available,42562.78,,18.00,,,,,,,,
956,Airport,,No Cars Available,42562.78,,18.00,,,,,,,,
949,Airport,,No Cars Available,42562.78,,18.00,,,,,,,,
958,Airport,,No Cars Available,42562.78,,18.00,,,,,,,,
957,Airport,,No Cars Available,42562.78,,18.00,,,,,,,,
959,Airport,,No Cars Available,42562.78,,18.00,,,,,,,,
961,Airport,,No Cars Available,42562.78,,18.00,,,,,,,,
964,Airport,,No Cars Available,42562.78,,18.00,,,,,,,,
966,Airport,,No Cars Available,42562.78,,18.00,,,,,,,,
970,Airport,,No Cars Available,42562.78,,18.00,,,,,,,,
968,Airport,,No Cars Available,42562.78,,18.00,,,,,,,,
971,Airport,,No Cars Available,42562.78,,18.00,,,,,,,,
965,Airport,,No Cars Available,42562.78,,18.00,,,,,,,,
962,Airport,,No Cars Available,42562.79,,18.00,,,,,,,,
973,Airport,,No Cars Available,42562.79,,18.00,,,,,,,,
969,Airport,,No Cars Available,42562.79,,18.00,,,,,,,,
989,Airport,,No Cars Available,42562.79,,18.00,,,,,,,,
974,Airport,,No Cars Available,42562.79,,18.00,,,,,,,,
983,Airport,,No Cars Available,42562.79,,18.00,,,,,,,,
985,City,,No Cars Available,42562.79,,18.00,,,,,,,,
987,Airport,,No Cars Available,42562.79,,18.00,,,,,,,,
979,Airport,,No Cars Available,42562.79,,19.00,,,,,,,,
982,Airport,,No Cars Available,42562.79,,19.00,,,,,,,,
977,Airport,,No Cars Available,42562.79,,19.00,,,,,,,,
986,Airport,,No Cars Available,42562.79,,19.00,,,,,,,,
991,Airport,,No Cars Available,42562.79,,19.00,,,,,,,,
978,Airport,,No Cars Available,42562.79,,19.00,,,,,,,,
984,Airport,,No Cars Available,42562.79,,19.00,,,,,,,,
994,Airport,,No Cars Available,42562.79,,19.00,,,,,,,,
988,Airport,,No Cars Available,42562.79,,19.00,,,,,,,,
1000,Airport,,No Cars Available,42562.79,,19.00,,,,,,,,
990,Airport,,No Cars Available,42562.79,,19.00,,,,,,,,
1001,Airport,,No Cars Available,42562.80,,19.00,,,,,,,,
997,Airport,,No Cars Available,42562.80,,19.00,,,,,,,,
996,Airport,,No Cars Available,42562.80,,19.00,,,,,,,,
1009,Airport,,No Cars Available,42562.80,,19.00,,,,,,,,
1004,Airport,,No Cars Available,42562.80,,19.00,,,,,,,,
1003,Airport,,No Cars Available,42562.80,,19.00,,,,,,,,
1016,Airport,,No Cars Available,42562.80,,19.00,,,,,,,,
1013,Airport,,No Cars Available,42562.80,,19.00,,,,,,,,
1029,Airport,,No Cars Available,42562.80,,19.00,,,,,,,,
1017,Airport,,No Cars Available,42562.80,,19.00,,,,,,,,
1028,Airport,,No Cars Available,42562.80,,19.00,,,,,,,,
1018,Airport,,No Cars Available,42562.80,,19.00,,,,,,,,
1023,Airport,,No Cars Available,42562.80,,19.00,,,,,,,,
1025,Airport,,No Cars Available,42562.80,,19.00,,,,,,,,
1026,Airport,,No Cars Available,42562.80,,19.00,,,,,,,,
1021,Airport,,No Cars Available,42562.81,,19.00,,,,,,,,
1019,Airport,,No Cars Available,42562.81,,19.00,,,,,,,,
1022,Airport,,No Cars Available,42562.81,,19.00,,,,,,,,
1031,Airport,,No Cars Available,42562.81,,19.00,,,,,,,,
1032,Airport,,No Cars Available,42562.81,,19.00,,,,,,,,
1035,Airport,,No Cars Available,42562.81,,19.00,,,,,,,,
1033,Airport,,No Cars Available,42562.81,,19.00,,,,,,,,
1037,Airport,,No Cars Available,42562.81,,19.00,,,,,,,,
1042,Airport,,No Cars Available,42562.81,,19.00,,,,,,,,
1036,Airport,,No Cars Available,42562.81,,19.00,,,,,,,,
1041,Airport,,No Cars Available,42562.82,,19.00,,,,,,,,
1043,Airport,,No Cars Available,42562.82,,19.00,,,,,,,,
1038,Airport,,No Cars Available,42562.82,,19.00,,,,,,,,
1047,Airport,,No Cars Available,42562.82,,19.00,,,,,,,,
1045,City,,No Cars Available,42562.82,,19.00,,,,,,,,
1049,Airport,,No Cars Available,42562.82,,19.00,,,,,,,,
1048,Airport,,No Cars Available,42562.82,,19.00,,,,,,,,
1054,Airport,,No Cars Available,42562.82,,19.00,,,,,,,,
1061,Airport,,No Cars Available,42562.82,,19.00,,,,,,,,
1053,Airport,,No Cars Available,42562.82,,19.00,,,,,,,,
1055,City,,No Cars Available,42562.82,,19.00,,,,,,,,
1058,Airport,,No Cars Available,42562.82,,19.00,,,,,,,,
1063,Airport,,No Cars Available,42562.83,,19.00,,,,,,,,
1062,Airport,,No Cars Available,42562.83,,19.00,,,,,,,,
1067,Airport,,No Cars Available,42562.83,,19.00,,,,,,,,
1072,Airport,,No Cars Available,42562.83,,19.00,,,,,,,,
1069,Airport,,No Cars Available,42562.83,,19.00,,,,,,,,
1073,Airport,,No Cars Available,42562.83,,19.00,,,,,,,,
1074,Airport,,No Cars Available,42562.83,,20.00,,,,,,,,
1079,Airport,,No Cars Available,42562.83,,20.00,,,,,,,,
1075,City,,No Cars Available,42562.83,,20.00,,,,,,,,
1078,Airport,,No Cars Available,42562.83,,20.00,,,,,,,,
1076,Airport,,No Cars Available,42562.83,,20.00,,,,,,,,
1090,Airport,,No Cars Available,42562.84,,20.00,,,,,,,,
1083,Airport,,No Cars Available,42562.84,,20.00,,,,,,,,
1089,Airport,,No Cars Available,42562.84,,20.00,,,,,,,,
1091,Airport,,No Cars Available,42562.84,,20.00,,,,,,,,
1088,Airport,,No Cars Available,42562.84,,20.00,,,,,,,,
1093,Airport,,No Cars Available,42562.84,,20.00,,,,,,,,
1082,Airport,,No Cars Available,42562.84,,20.00,,,,,,,,
1081,Airport,,No Cars Available,42562.84,,20.00,,,,,,,,
1102,Airport,,No Cars Available,42562.84,,20.00,,,,,,,,
1087,Airport,,No Cars Available,42562.84,,20.00,,,,,,,,
1106,Airport,,No Cars Available,42562.84,,20.00,,,,,,,,
1096,Airport,,No Cars Available,42562.84,,20.00,,,,,,,,
1095,Airport,,No Cars Available,42562.84,,20.00,,,,,,,,
1103,Airport,,No Cars Available,42562.84,,20.00,,,,,,,,
1092,Airport,,No Cars Available,42562.84,,20.00,,,,,,,,
1099,Airport,,No Cars Available,42562.84,,20.00,,,,,,,,
1105,Airport,,No Cars Available,42562.85,,20.00,,,,,,,,
1111,Airport,,No Cars Available,42562.85,,20.00,,,,,,,,
1121,Airport,,No Cars Available,42562.85,,20.00,,,,,,,,
1124,Airport,,No Cars Available,42562.85,,20.00,,,,,,,,
1118,Airport,,No Cars Available,42562.85,,20.00,,,,,,,,
1132,City,,No Cars Available,42562.85,,20.00,,,,,,,,
1126,Airport,,No Cars Available,42562.85,,20.00,,,,,,,,
1120,Airport,,No Cars Available,42562.85,,20.00,,,,,,,,
1122,Airport,,No Cars Available,42562.85,,20.00,,,,,,,,
1125,City,,No Cars Available,42562.85,,20.00,,,,,,,,
1127,Airport,,No Cars Available,42562.85,,20.00,,,,,,,,
1128,Airport,,No Cars Available,42562.85,,20.00,,,,,,,,
1140,Airport,,No Cars Available,42562.85,,20.00,,,,,,,,
1139,Airport,,No Cars Available,42562.86,,20.00,,,,,,,,
1131,Airport,,No Cars Available,42562.86,,20.00,,,,,,,,
1143,Airport,,No Cars Available,42562.86,,20.00,,,,,,,,
1141,Airport,,No Cars Available,42562.86,,20.00,,,,,,,,
1145,Airport,,No Cars Available,42562.86,,20.00,,,,,,,,
1153,Airport,,No Cars Available,42562.86,,20.00,,,,,,,,
1146,Airport,,No Cars Available,42562.86,,20.00,,,,,,,,
1144,Airport,,No Cars Available,42562.86,,20.00,,,,,,,,
1149,Airport,,No Cars Available,42562.86,,20.00,,,,,,,,
1158,Airport,,No Cars Available,42562.86,,20.00,,,,,,,,
1148,City,,No Cars Available,42562.86,,20.00,,,,,,,,
1159,Airport,,No Cars Available,42562.86,,20.00,,,,,,,,
1150,Airport,,No Cars Available,42562.86,,20.00,,,,,,,,
1155,Airport,,No Cars Available,42562.87,,20.00,,,,,,,,
1160,Airport,,No Cars Available,42562.87,,20.00,,,,,,,,
1157,Airport,,No Cars Available,42562.87,,20.00,,,,,,,,
1161,Airport,,No Cars Available,42562.87,,20.00,,,,,,,,
1154,Airport,,No Cars Available,42562.87,,20.00,,,,,,,,
1168,Airport,,No Cars Available,42562.87,,20.00,,,,,,,,
1165,City,,No Cars Available,42562.87,,20.00,,,,,,,,
1166,Airport,,No Cars Available,42562.87,,20.00,,,,,,,,
1169,Airport,,No Cars Available,42562.87,,20.00,,,,,,,,
1173,Airport,,No Cars Available,42562.87,,20.00,,,,,,,,
1174,Airport,,No Cars Available,42562.87,,20.00,,,,,,,,
1182,Airport,,No Cars Available,42562.88,,21.00,,,,,,,,
1176,Airport,,No Cars Available,42562.88,,21.00,,,,,,,,
1177,Airport,,No Cars Available,42562.88,,21.00,,,,,,,,
1185,Airport,,No Cars Available,42562.88,,21.00,,,,,,,,
1189,Airport,,No Cars Available,42562.88,,21.00,,,,,,,,
1191,Airport,,No Cars Available,42562.88,,21.00,,,,,,,,
1188,City,,No Cars Available,42562.88,,21.00,,,,,,,,
1192,Airport,,No Cars Available,42562.89,,21.00,,,,,,,,
1195,Airport,,No Cars Available,42562.89,,21.00,,,,,,,,
1194,Airport,,No Cars Available,42562.89,,21.00,,,,,,,,
1198,Airport,,No Cars Available,42562.89,,21.00,,,,,,,,
1193,Airport,,No Cars Available,42562.89,,21.00,,,,,,,,
1204,Airport,,No Cars Available,42562.89,,21.00,,,,,,,,
1201,Airport,,No Cars Available,42562.89,,21.00,,,,,,,,
1205,Airport,,No Cars Available,42562.89,,21.00,,,,,,,,
1211,Airport,,No Cars Available,42562.89,,21.00,,,,,,,,
1213,Airport,,No Cars Available,42562.89,,21.00,,,,,,,,
1219,Airport,,No Cars Available,42562.89,,21.00,,,,,,,,
1218,Airport,,No Cars Available,42562.89,,21.00,,,,,,,,
1208,Airport,,No Cars Available,42562.89,,21.00,,,,,,,,
1220,Airport,,No Cars Available,42562.90,,21.00,,,,,,,,
1212,Airport,,No Cars Available,42562.90,,21.00,,,,,,,,
1223,Airport,,No Cars Available,42562.90,,21.00,,,,,,,,
1222,Airport,,No Cars Available,42562.90,,21.00,,,,,,,,
1209,Airport,,No Cars Available,42562.90,,21.00,,,,,,,,
1239,Airport,,No Cars Available,42562.90,,21.00,,,,,,,,
1221,Airport,,No Cars Available,42562.90,,21.00,,,,,,,,
1229,Airport,,No Cars Available,42562.90,,21.00,,,,,,,,
1242,Airport,,No Cars Available,42562.90,,21.00,,,,,,,,
1237,Airport,,No Cars Available,42562.90,,21.00,,,,,,,,
1225,Airport,,No Cars Available,42562.90,,21.00,,,,,,,,
1224,Airport,,No Cars Available,42562.90,,21.00,,,,,,,,
1243,Airport,,No Cars Available,42562.90,,21.00,,,,,,,,
1232,Airport,,No Cars Available,42562.90,,21.00,,,,,,,,
1236,Airport,,No Cars Available,42562.90,,21.00,,,,,,,,
1226,City,,No Cars Available,42562.90,,21.00,,,,,,,,
1230,Airport,,No Cars Available,42562.90,,21.00,,,,,,,,
1240,Airport,,No Cars Available,42562.90,,21.00,,,,,,,,
1235,Airport,,No Cars Available,42562.90,,21.00,,,,,,,,
1248,Airport,,No Cars Available,42562.91,,21.00,,,,,,,,
1234,Airport,,No Cars Available,42562.91,,21.00,,,,,,,,
1246,Airport,,No Cars Available,42562.91,,21.00,,,,,,,,
1249,Airport,,No Cars Available,42562.91,,21.00,,,,,,,,
1250,Airport,,No Cars Available,42562.91,,21.00,,,,,,,,
1255,Airport,,No Cars Available,42562.91,,21.00,,,,,,,,
1257,Airport,,No Cars Available,42562.91,,21.00,,,,,,,,
1256,Airport,,No Cars Available,42562.91,,21.00,,,,,,,,
1259,Airport,,No Cars Available,42562.92,,21.00,,,,,,,,
1253,Airport,,No Cars Available,42562.92,,21.00,,,,,,,,
1269,Airport,,No Cars Available,42562.92,,21.00,,,,,,,,
1270,Airport,,No Cars Available,42562.92,,22.00,,,,,,,,
1261,Airport,,No Cars Available,42562.92,,22.00,,,,,,,,
1263,Airport,,No Cars Available,42562.92,,22.00,,,,,,,,
1265,Airport,,No Cars Available,42562.92,,22.00,,,,,,,,
1276,Airport,,No Cars Available,42562.92,,22.00,,,,,,,,
1268,Airport,,No Cars Available,42562.92,,22.00,,,,,,,,
1264,Airport,,No Cars Available,42562.92,,22.00,,,,,,,,
1282,Airport,,No Cars Available,42562.92,,22.00,,,,,,,,
1280,Airport,,No Cars Available,42562.92,,22.00,,,,,,,,
1284,Airport,,No Cars Available,42562.93,,22.00,,,,,,,,
1288,City,,No Cars Available,42562.93,,22.00,,,,,,,,
1287,Airport,,No Cars Available,42562.93,,22.00,,,,,,,,
1292,City,,No Cars Available,42562.93,,22.00,,,,,,,,
1291,City,,No Cars Available,42562.93,,22.00,,,,,,,,
1298,City,,No Cars Available,42562.94,,22.00,,,,,,,,
1302,City,,No Cars Available,42562.94,,22.00,,,,,,,,
1305,City,,No Cars Available,42562.94,,22.00,,,,,,,,
1304,City,,No Cars Available,42562.94,,22.00,,,,,,,,
1311,City,,No Cars Available,42562.95,,22.00,,,,,,,,
1313,Airport,,No Cars Available,42562.95,,22.00,,,,,,,,
1323,City,,No Cars Available,42562.96,,23.00,,,,,,,,
1322,Airport,,No Cars Available,42562.96,,23.00,,,,,,,,
1328,Airport,,No Cars Available,42562.96,,23.00,,,,,,,,
1327,Airport,,No Cars Available,42562.97,,23.00,,,,,,,,
1331,Airport,,No Cars Available,42562.97,,23.00,,,,,,,,
1332,City,,No Cars Available,42562.97,,23.00,,,,,,,,
1334,City,,No Cars Available,42562.97,,23.00,,,,,,,,
1335,City,,No Cars Available,42562.97,,23.00,,,,,,,,
1337,Airport,,No Cars Available,42562.97,,23.00,,,,,,,,
1342,City,,No Cars Available,42562.98,,23.00,,,,,,,,
1348,City,,No Cars Available,42562.99,,23.00,,,,,,,,
1347,City,,No Cars Available,42562.99,,23.00,,,,,,,,
1355,Airport,,No Cars Available,42562.99,,23.00,,,,,,,,
1352,Airport,,No Cars Available,42562.99,,23.00,,,,,,,,
1357,City,,No Cars Available,42562.99,,23.00,,,,,,,,
1358,City,,No Cars Available,42563.00,,23.00,,,,,,,,
1361,City,,No Cars Available,42563.00,,23.00,,,,,,,,
2682,Airport,,No Cars Available,42563.01,,0.00,,,,,,,,
2680,City,,No Cars Available,42563.01,,0.00,,,,,,,,
1370,Airport,,No Cars Available,42563.02,,0.00,,,,,,,,
1372,City,,No Cars Available,42563.02,,0.00,,,,,,,,
1373,City,,No Cars Available,42563.02,,0.00,,,,,,,,
1375,City,,No Cars Available,42563.03,,0.00,,,,,,,,
1374,Airport,,No Cars Available,42563.03,,0.00,,,,,,,,
1376,Airport,,No Cars Available,42563.03,,0.00,,,,,,,,
1379,Airport,,No Cars Available,42563.04,,0.00,,,,,,,,
1378,Airport,,No Cars Available,42563.04,,0.00,,,,,,,,
1385,Airport,,No Cars Available,42563.06,,1.00,,,,,,,,
1388,City,,No Cars Available,42563.07,,1.00,,,,,,,,
1389,Airport,,No Cars Available,42563.08,,1.00,,,,,,,,
1390,Airport,,No Cars Available,42563.09,,2.00,,,,,,,,
1392,City,,No Cars Available,42563.09,,2.00,,,,,,,,
1393,City,,No Cars Available,42563.09,,2.00,,,,,,,,
1391,City,,No Cars Available,42563.09,,2.00,,,,,,,,
1394,Airport,,No Cars Available,42563.09,,2.00,,,,,,,,
1395,Airport,,No Cars Available,42563.10,,2.00,,,,,,,,
1396,Airport,,No Cars Available,42563.10,,2.00,,,,,,,,
1397,City,,No Cars Available,42563.11,,2.00,,,,,,,,
1398,City,,No Cars Available,42563.11,,2.00,,,,,,,,
1400,Airport,,No Cars Available,42563.11,,2.00,,,,,,,,
1404,Airport,,No Cars Available,42563.12,,2.00,,,,,,,,
1405,Airport,,No Cars Available,42563.12,,2.00,,,,,,,,
1409,Airport,,No Cars Available,42563.13,,3.00,,,,,,,,
1407,Airport,,No Cars Available,42563.13,,3.00,,,,,,,,
1411,City,,No Cars Available,42563.14,,3.00,,,,,,,,
1412,Airport,,No Cars Available,42563.14,,3.00,,,,,,,,
1415,Airport,,No Cars Available,42563.14,,3.00,,,,,,,,
1416,City,,No Cars Available,42563.14,,3.00,,,,,,,,
1413,City,,No Cars Available,42563.15,,3.00,,,,,,,,
1418,Airport,,No Cars Available,42563.16,,3.00,,,,,,,,
1420,City,,No Cars Available,42563.17,,4.00,,,,,,,,
1421,City,,No Cars Available,42563.17,,4.00,,,,,,,,
1423,Airport,,No Cars Available,42563.18,,4.00,,,,,,,,
1427,Airport,,No Cars Available,42563.19,,4.00,,,,,,,,
1424,Airport,,No Cars Available,42563.19,,4.00,,,,,,,,
1428,Airport,,No Cars Available,42563.19,,4.00,,,,,,,,
1431,Airport,,No Cars Available,42563.19,,4.00,,,,,,,,
1432,City,,No Cars Available,42563.19,,4.00,,,,,,,,
1430,City,,No Cars Available,42563.20,,4.00,,,,,,,,
1440,Airport,,No Cars Available,42563.20,,4.00,,,,,,,,
1438,City,,No Cars Available,42563.20,,4.00,,,,,,,,
1433,City,,No Cars Available,42563.20,,4.00,,,,,,,,
1448,City,,No Cars Available,42563.20,,4.00,,,,,,,,
1441,City,,No Cars Available,42563.20,,4.00,,,,,,,,
1443,City,,No Cars Available,42563.20,,4.00,,,,,,,,
1460,City,,No Cars Available,42563.21,,4.00,,,,,,,,
1463,City,,No Cars Available,42563.21,,5.00,,,,,,,,
1466,City,,No Cars Available,42563.21,,5.00,,,,,,,,
1470,City,,No Cars Available,42563.21,,5.00,,,,,,,,
1473,City,,No Cars Available,42563.22,,5.00,,,,,,,,
1482,City,,No Cars Available,42563.22,,5.00,,,,,,,,
1494,City,,No Cars Available,42563.23,,5.00,,,,,,,,
1512,City,,No Cars Available,42563.24,,5.00,,,,,,,,
1523,City,,No Cars Available,42563.24,,5.00,,,,,,,,
1522,City,,No Cars Available,42563.24,,5.00,,,,,,,,
1530,City,,No Cars Available,42563.24,,5.00,,,,,,,,
1542,City,,No Cars Available,42563.25,,5.00,,,,,,,,
1535,City,,No Cars Available,42563.25,,5.00,,,,,,,,
1546,City,,No Cars Available,42563.25,,6.00,,,,,,,,
1552,City,,No Cars Available,42563.25,,6.00,,,,,,,,
1538,City,,No Cars Available,42563.25,,6.00,,,,,,,,
1547,City,,No Cars Available,42563.25,,6.00,,,,,,,,
1556,City,,No Cars Available,42563.26,,6.00,,,,,,,,
1579,City,,No Cars Available,42563.27,,6.00,,,,,,,,
1570,Airport,,No Cars Available,42563.27,,6.00,,,,,,,,
1580,City,,No Cars Available,42563.27,,6.00,,,,,,,,
1586,City,,No Cars Available,42563.27,,6.00,,,,,,,,
1583,City,,No Cars Available,42563.27,,6.00,,,,,,,,
1593,City,,No Cars Available,42563.27,,6.00,,,,,,,,
1590,City,,No Cars Available,42563.27,,6.00,,,,,,,,
1605,City,,No Cars Available,42563.28,,6.00,,,,,,,,
1602,City,,No Cars Available,42563.28,,6.00,,,,,,,,
1609,City,,No Cars Available,42563.28,,6.00,,,,,,,,
1610,City,,No Cars Available,42563.28,,6.00,,,,,,,,
1608,City,,No Cars Available,42563.28,,6.00,,,,,,,,
1622,City,,No Cars Available,42563.29,,6.00,,,,,,,,
1631,City,,No Cars Available,42563.29,,7.00,,,,,,,,
1624,Airport,,No Cars Available,42563.29,,7.00,,,,,,,,
1639,City,,No Cars Available,42563.30,,7.00,,,,,,,,
1646,City,,No Cars Available,42563.30,,7.00,,,,,,,,
1673,City,,No Cars Available,42563.32,,7.00,,,,,,,,
1685,City,,No Cars Available,42563.32,,7.00,,,,,,,,
1717,City,,No Cars Available,42563.34,,8.00,,,,,,,,
1716,City,,No Cars Available,42563.34,,8.00,,,,,,,,
1710,City,,No Cars Available,42563.34,,8.00,,,,,,,,
1711,City,,No Cars Available,42563.34,,8.00,,,,,,,,
1715,City,,No Cars Available,42563.34,,8.00,,,,,,,,
1719,City,,No Cars Available,42563.34,,8.00,,,,,,,,
1720,City,,No Cars Available,42563.34,,8.00,,,,,,,,
1727,City,,No Cars Available,42563.35,,8.00,,,,,,,,
1729,City,,No Cars Available,42563.35,,8.00,,,,,,,,
1731,City,,No Cars Available,42563.35,,8.00,,,,,,,,
1736,City,,No Cars Available,42563.35,,8.00,,,,,,,,
1746,City,,No Cars Available,42563.35,,8.00,,,,,,,,
1737,City,,No Cars Available,42563.35,,8.00,,,,,,,,
1740,City,,No Cars Available,42563.36,,8.00,,,,,,,,
1752,City,,No Cars Available,42563.36,,8.00,,,,,,,,
1753,City,,No Cars Available,42563.36,,8.00,,,,,,,,
1750,City,,No Cars Available,42563.36,,8.00,,,,,,,,
1760,City,,No Cars Available,42563.36,,8.00,,,,,,,,
1761,Airport,,No Cars Available,42563.37,,8.00,,,,,,,,
1765,Airport,,No Cars Available,42563.37,,8.00,,,,,,,,
1768,City,,No Cars Available,42563.37,,8.00,,,,,,,,
1764,City,,No Cars Available,42563.37,,8.00,,,,,,,,
1779,Airport,,No Cars Available,42563.37,,8.00,,,,,,,,
1785,City,,No Cars Available,42563.38,,9.00,,,,,,,,
1783,City,,No Cars Available,42563.38,,9.00,,,,,,,,
1792,City,,No Cars Available,42563.38,,9.00,,,,,,,,
1799,City,,No Cars Available,42563.38,,9.00,,,,,,,,
1803,City,,No Cars Available,42563.38,,9.00,,,,,,,,
1806,City,,No Cars Available,42563.39,,9.00,,,,,,,,
1813,Airport,,No Cars Available,42563.39,,9.00,,,,,,,,
1823,City,,No Cars Available,42563.40,,9.00,,,,,,,,
1822,City,,No Cars Available,42563.40,,9.00,,,,,,,,
1824,City,,No Cars Available,42563.40,,9.00,,,,,,,,
1856,Airport,,No Cars Available,42563.41,,9.00,,,,,,,,
1847,City,,No Cars Available,42563.41,,9.00,,,,,,,,
1857,City,,No Cars Available,42563.41,,9.00,,,,,,,,
1855,City,,No Cars Available,42563.41,,9.00,,,,,,,,
1859,City,,No Cars Available,42563.41,,9.00,,,,,,,,
1862,Airport,,No Cars Available,42563.41,,9.00,,,,,,,,
1869,City,,No Cars Available,42563.41,,9.00,,,,,,,,
1878,City,,No Cars Available,42563.42,,10.00,,,,,,,,
1872,City,,No Cars Available,42563.42,,10.00,,,,,,,,
1879,City,,No Cars Available,42563.42,,10.00,,,,,,,,
1884,Airport,,No Cars Available,42563.42,,10.00,,,,,,,,
1892,Airport,,No Cars Available,42563.43,,10.00,,,,,,,,
1905,City,,No Cars Available,42563.44,,10.00,,,,,,,,
1904,City,,No Cars Available,42563.44,,10.00,,,,,,,,
1912,Airport,,No Cars Available,42563.45,,10.00,,,,,,,,
1913,Airport,,No Cars Available,42563.45,,10.00,,,,,,,,
1917,City,,No Cars Available,42563.45,,10.00,,,,,,,,
1922,Airport,,No Cars Available,42563.46,,11.00,,,,,,,,
1926,City,,No Cars Available,42563.47,,11.00,,,,,,,,
1936,City,,No Cars Available,42563.47,,11.00,,,,,,,,
1933,City,,No Cars Available,42563.47,,11.00,,,,,,,,
1943,City,,No Cars Available,42563.47,,11.00,,,,,,,,
1951,Airport,,No Cars Available,42563.48,,11.00,,,,,,,,
1944,City,,No Cars Available,42563.48,,11.00,,,,,,,,
1965,City,,No Cars Available,42563.50,,11.00,,,,,,,,
1964,City,,No Cars Available,42563.50,,12.00,,,,,,,,
1967,City,,No Cars Available,42563.51,,12.00,,,,,,,,
1970,Airport,,No Cars Available,42563.51,,12.00,,,,,,,,
1980,Airport,,No Cars Available,42563.52,,12.00,,,,,,,,
1987,City,,No Cars Available,42563.52,,12.00,,,,,,,,
1988,Airport,,No Cars Available,42563.52,,12.00,,,,,,,,
1990,City,,No Cars Available,42563.53,,12.00,,,,,,,,
1992,City,,No Cars Available,42563.53,,12.00,,,,,,,,
1998,City,,No Cars Available,42563.54,,12.00,,,,,,,,
2002,City,,No Cars Available,42563.55,,13.00,,,,,,,,
2004,Airport,,No Cars Available,42563.56,,13.00,,,,,,,,
2006,Airport,,No Cars Available,42563.56,,13.00,,,,,,,,
2005,Airport,,No Cars Available,42563.56,,13.00,,,,,,,,
2012,Airport,,No Cars Available,42563.56,,13.00,,,,,,,,
2015,City,,No Cars Available,42563.57,,13.00,,,,,,,,
2021,Airport,,No Cars Available,42563.57,,13.00,,,,,,,,
2023,Airport,,No Cars Available,42563.58,,13.00,,,,,,,,
2027,City,,No Cars Available,42563.59,,14.00,,,,,,,,
2028,City,,No Cars Available,42563.59,,14.00,,,,,,,,
2036,City,,No Cars Available,42563.60,,14.00,,,,,,,,
2038,City,,No Cars Available,42563.60,,14.00,,,,,,,,
2054,City,,No Cars Available,42563.62,,14.00,,,,,,,,
2051,City,,No Cars Available,42563.62,,14.00,,,,,,,,
2056,City,,No Cars Available,42563.62,,14.00,,,,,,,,
2059,City,,No Cars Available,42563.62,,14.00,,,,,,,,
2058,Airport,,No Cars Available,42563.63,,15.00,,,,,,,,
2063,City,,No Cars Available,42563.63,,15.00,,,,,,,,
2066,Airport,,No Cars Available,42563.63,,15.00,,,,,,,,
2071,City,,No Cars Available,42563.64,,15.00,,,,,,,,
2072,Airport,,No Cars Available,42563.64,,15.00,,,,,,,,
2081,Airport,,No Cars Available,42563.65,,15.00,,,,,,,,
2080,City,,No Cars Available,42563.65,,15.00,,,,,,,,
2091,City,,No Cars Available,42563.66,,15.00,,,,,,,,
2092,City,,No Cars Available,42563.66,,15.00,,,,,,,,
2093,City,,No Cars Available,42563.66,,15.00,,,,,,,,
2090,City,,No Cars Available,42563.66,,15.00,,,,,,,,
2100,City,,No Cars Available,42563.67,,16.00,,,,,,,,
2115,City,,No Cars Available,42563.70,,16.00,,,,,,,,
2121,City,,No Cars Available,42563.70,,16.00,,,,,,,,
2127,City,,No Cars Available,42563.71,,17.00,,,,,,,,
2132,Airport,,No Cars Available,42563.71,,17.00,,,,,,,,
2128,Airport,,No Cars Available,42563.71,,17.00,,,,,,,,
2140,City,,No Cars Available,42563.71,,17.00,,,,,,,,
2142,Airport,,No Cars Available,42563.72,,17.00,,,,,,,,
2133,Airport,,No Cars Available,42563.72,,17.00,,,,,,,,
2138,Airport,,No Cars Available,42563.72,,17.00,,,,,,,,
2139,City,,No Cars Available,42563.72,,17.00,,,,,,,,
2141,Airport,,No Cars Available,42563.72,,17.00,,,,,,,,
2149,Airport,,No Cars Available,42563.72,,17.00,,,,,,,,
2145,Airport,,No Cars Available,42563.72,,17.00,,,,,,,,
2153,City,,No Cars Available,42563.72,,17.00,,,,,,,,
2144,Airport,,No Cars Available,42563.72,,17.00,,,,,,,,
2137,Airport,,No Cars Available,42563.72,,17.00,,,,,,,,
2151,Airport,,No Cars Available,42563.72,,17.00,,,,,,,,
2155,Airport,,No Cars Available,42563.72,,17.00,,,,,,,,
2159,Airport,,No Cars Available,42563.73,,17.00,,,,,,,,
2154,Airport,,No Cars Available,42563.73,,17.00,,,,,,,,
2158,Airport,,No Cars Available,42563.73,,17.00,,,,,,,,
2156,Airport,,No Cars Available,42563.73,,17.00,,,,,,,,
2164,Airport,,No Cars Available,42563.73,,17.00,,,,,,,,
2161,Airport,,No Cars Available,42563.73,,17.00,,,,,,,,
2157,Airport,,No Cars Available,42563.73,,17.00,,,,,,,,
2170,Airport,,No Cars Available,42563.73,,17.00,,,,,,,,
2175,Airport,,No Cars Available,42563.73,,17.00,,,,,,,,
2174,Airport,,No Cars Available,42563.73,,17.00,,,,,,,,
2176,Airport,,No Cars Available,42563.73,,17.00,,,,,,,,
2171,Airport,,No Cars Available,42563.73,,17.00,,,,,,,,
2178,Airport,,No Cars Available,42563.73,,17.00,,,,,,,,
2183,Airport,,No Cars Available,42563.74,,17.00,,,,,,,,
2172,City,,No Cars Available,42563.74,,17.00,,,,,,,,
2177,City,,No Cars Available,42563.74,,17.00,,,,,,,,
2184,Airport,,No Cars Available,42563.74,,17.00,,,,,,,,
2186,City,,No Cars Available,42563.74,,17.00,,,,,,,,
2189,Airport,,No Cars Available,42563.74,,17.00,,,,,,,,
2185,Airport,,No Cars Available,42563.74,,17.00,,,,,,,,
2188,Airport,,No Cars Available,42563.74,,17.00,,,,,,,,
2196,Airport,,No Cars Available,42563.74,,17.00,,,,,,,,
2190,Airport,,No Cars Available,42563.74,,17.00,,,,,,,,
2191,Airport,,No Cars Available,42563.74,,17.00,,,,,,,,
2193,Airport,,No Cars Available,42563.74,,17.00,,,,,,,,
2199,Airport,,No Cars Available,42563.74,,17.00,,,,,,,,
2194,Airport,,No Cars Available,42563.74,,17.00,,,,,,,,
2201,Airport,,No Cars Available,42563.74,,17.00,,,,,,,,
2204,Airport,,No Cars Available,42563.74,,17.00,,,,,,,,
2198,Airport,,No Cars Available,42563.74,,17.00,,,,,,,,
2202,Airport,,No Cars Available,42563.74,,17.00,,,,,,,,
2205,Airport,,No Cars Available,42563.75,,17.00,,,,,,,,
2212,Airport,,No Cars Available,42563.75,,17.00,,,,,,,,
2213,Airport,,No Cars Available,42563.75,,17.00,,,,,,,,
2215,Airport,,No Cars Available,42563.75,,17.00,,,,,,,,
2219,Airport,,No Cars Available,42563.75,,18.00,,,,,,,,
2214,Airport,,No Cars Available,42563.75,,18.00,,,,,,,,
2216,Airport,,No Cars Available,42563.75,,18.00,,,,,,,,
2217,City,,No Cars Available,42563.75,,18.00,,,,,,,,
2210,Airport,,No Cars Available,42563.75,,18.00,,,,,,,,
2218,Airport,,No Cars Available,42563.75,,18.00,,,,,,,,
2228,Airport,,No Cars Available,42563.75,,18.00,,,,,,,,
2229,Airport,,No Cars Available,42563.76,,18.00,,,,,,,,
2226,Airport,,No Cars Available,42563.76,,18.00,,,,,,,,
2224,Airport,,No Cars Available,42563.76,,18.00,,,,,,,,
2221,Airport,,No Cars Available,42563.76,,18.00,,,,,,,,
2230,Airport,,No Cars Available,42563.76,,18.00,,,,,,,,
2225,Airport,,No Cars Available,42563.76,,18.00,,,,,,,,
2231,Airport,,No Cars Available,42563.76,,18.00,,,,,,,,
2220,Airport,,No Cars Available,42563.76,,18.00,,,,,,,,
2232,Airport,,No Cars Available,42563.76,,18.00,,,,,,,,
2239,Airport,,No Cars Available,42563.76,,18.00,,,,,,,,
2233,Airport,,No Cars Available,42563.76,,18.00,,,,,,,,
2243,Airport,,No Cars Available,42563.76,,18.00,,,,,,,,
2241,Airport,,No Cars Available,42563.76,,18.00,,,,,,,,
2238,Airport,,No Cars Available,42563.76,,18.00,,,,,,,,
2242,Airport,,No Cars Available,42563.76,,18.00,,,,,,,,
2255,Airport,,No Cars Available,42563.76,,18.00,,,,,,,,
2244,Airport,,No Cars Available,42563.77,,18.00,,,,,,,,
2247,Airport,,No Cars Available,42563.77,,18.00,,,,,,,,
2245,Airport,,No Cars Available,42563.77,,18.00,,,,,,,,
2258,Airport,,No Cars Available,42563.77,,18.00,,,,,,,,
2260,Airport,,No Cars Available,42563.77,,18.00,,,,,,,,
2254,Airport,,No Cars Available,42563.77,,18.00,,,,,,,,
2250,Airport,,No Cars Available,42563.77,,18.00,,,,,,,,
2263,Airport,,No Cars Available,42563.77,,18.00,,,,,,,,
2261,Airport,,No Cars Available,42563.77,,18.00,,,,,,,,
2246,Airport,,No Cars Available,42563.77,,18.00,,,,,,,,
2257,Airport,,No Cars Available,42563.77,,18.00,,,,,,,,
2271,City,,No Cars Available,42563.77,,18.00,,,,,,,,
2265,Airport,,No Cars Available,42563.77,,18.00,,,,,,,,
2264,Airport,,No Cars Available,42563.77,,18.00,,,,,,,,
2251,Airport,,No Cars Available,42563.77,,18.00,,,,,,,,
2269,Airport,,No Cars Available,42563.77,,18.00,,,,,,,,
2278,Airport,,No Cars Available,42563.78,,18.00,,,,,,,,
2273,Airport,,No Cars Available,42563.78,,18.00,,,,,,,,
2281,Airport,,No Cars Available,42563.78,,18.00,,,,,,,,
2272,Airport,,No Cars Available,42563.78,,18.00,,,,,,,,
2280,Airport,,No Cars Available,42563.78,,18.00,,,,,,,,
2287,Airport,,No Cars Available,42563.78,,18.00,,,,,,,,
2284,Airport,,No Cars Available,42563.78,,18.00,,,,,,,,
2286,Airport,,No Cars Available,42563.78,,18.00,,,,,,,,
2283,Airport,,No Cars Available,42563.78,,18.00,,,,,,,,
2289,Airport,,No Cars Available,42563.78,,18.00,,,,,,,,
2288,Airport,,No Cars Available,42563.78,,18.00,,,,,,,,
2291,Airport,,No Cars Available,42563.78,,18.00,,,,,,,,
2302,Airport,,No Cars Available,42563.78,,18.00,,,,,,,,
2290,Airport,,No Cars Available,42563.78,,18.00,,,,,,,,
2296,Airport,,No Cars Available,42563.78,,18.00,,,,,,,,
2299,Airport,,No Cars Available,42563.78,,18.00,,,,,,,,
2301,Airport,,No Cars Available,42563.78,,18.00,,,,,,,,
2293,Airport,,No Cars Available,42563.78,,18.00,,,,,,,,
2298,Airport,,No Cars Available,42563.79,,18.00,,,,,,,,
2303,Airport,,No Cars Available,42563.79,,18.00,,,,,,,,
2300,Airport,,No Cars Available,42563.79,,18.00,,,,,,,,
2297,Airport,,No Cars Available,42563.79,,18.00,,,,,,,,
2315,Airport,,No Cars Available,42563.79,,18.00,,,,,,,,
2312,Airport,,No Cars Available,42563.79,,18.00,,,,,,,,
2309,Airport,,No Cars Available,42563.79,,18.00,,,,,,,,
2304,Airport,,No Cars Available,42563.79,,18.00,,,,,,,,
2314,Airport,,No Cars Available,42563.79,,18.00,,,,,,,,
2308,Airport,,No Cars Available,42563.79,,19.00,,,,,,,,
2317,Airport,,No Cars Available,42563.79,,19.00,,,,,,,,
2313,Airport,,No Cars Available,42563.79,,19.00,,,,,,,,
2306,City,,No Cars Available,42563.79,,19.00,,,,,,,,
2316,Airport,,No Cars Available,42563.79,,19.00,,,,,,,,
2321,Airport,,No Cars Available,42563.79,,19.00,,,,,,,,
2318,Airport,,No Cars Available,42563.79,,19.00,,,,,,,,
2319,Airport,,No Cars Available,42563.80,,19.00,,,,,,,,
2320,Airport,,No Cars Available,42563.80,,19.00,,,,,,,,
2324,Airport,,No Cars Available,42563.80,,19.00,,,,,,,,
2322,Airport,,No Cars Available,42563.80,,19.00,,,,,,,,
2329,Airport,,No Cars Available,42563.80,,19.00,,,,,,,,
2325,Airport,,No Cars Available,42563.80,,19.00,,,,,,,,
2344,Airport,,No Cars Available,42563.80,,19.00,,,,,,,,
2334,Airport,,No Cars Available,42563.80,,19.00,,,,,,,,
2330,Airport,,No Cars Available,42563.80,,19.00,,,,,,,,
2337,Airport,,No Cars Available,42563.80,,19.00,,,,,,,,
2326,Airport,,No Cars Available,42563.80,,19.00,,,,,,,,
2341,Airport,,No Cars Available,42563.80,,19.00,,,,,,,,
2332,City,,No Cars Available,42563.80,,19.00,,,,,,,,
2338,Airport,,No Cars Available,42563.80,,19.00,,,,,,,,
2333,Airport,,No Cars Available,42563.80,,19.00,,,,,,,,
2336,Airport,,No Cars Available,42563.80,,19.00,,,,,,,,
2342,Airport,,No Cars Available,42563.80,,19.00,,,,,,,,
2343,Airport,,No Cars Available,42563.80,,19.00,,,,,,,,
2351,City,,No Cars Available,42563.81,,19.00,,,,,,,,
2345,Airport,,No Cars Available,42563.81,,19.00,,,,,,,,
2350,City,,No Cars Available,42563.81,,19.00,,,,,,,,
2352,Airport,,No Cars Available,42563.81,,19.00,,,,,,,,
2361,Airport,,No Cars Available,42563.81,,19.00,,,,,,,,
2364,Airport,,No Cars Available,42563.81,,19.00,,,,,,,,
2355,Airport,,No Cars Available,42563.81,,19.00,,,,,,,,
2357,Airport,,No Cars Available,42563.81,,19.00,,,,,,,,
2366,Airport,,No Cars Available,42563.81,,19.00,,,,,,,,
2367,Airport,,No Cars Available,42563.82,,19.00,,,,,,,,
2358,Airport,,No Cars Available,42563.82,,19.00,,,,,,,,
2362,Airport,,No Cars Available,42563.82,,19.00,,,,,,,,
2371,Airport,,No Cars Available,42563.82,,19.00,,,,,,,,
2369,City,,No Cars Available,42563.82,,19.00,,,,,,,,
2380,Airport,,No Cars Available,42563.82,,19.00,,,,,,,,
2377,Airport,,No Cars Available,42563.82,,19.00,,,,,,,,
2384,Airport,,No Cars Available,42563.82,,19.00,,,,,,,,
2374,Airport,,No Cars Available,42563.82,,19.00,,,,,,,,
2379,Airport,,No Cars Available,42563.82,,19.00,,,,,,,,
2376,City,,No Cars Available,42563.82,,19.00,,,,,,,,
2378,Airport,,No Cars Available,42563.82,,19.00,,,,,,,,
2388,Airport,,No Cars Available,42563.82,,19.00,,,,,,,,
2383,Airport,,No Cars Available,42563.82,,19.00,,,,,,,,
2385,Airport,,No Cars Available,42563.82,,19.00,,,,,,,,
2391,Airport,,No Cars Available,42563.83,,19.00,,,,,,,,
2386,Airport,,No Cars Available,42563.83,,19.00,,,,,,,,
2394,Airport,,No Cars Available,42563.83,,19.00,,,,,,,,
2402,Airport,,No Cars Available,42563.83,,19.00,,,,,,,,
2390,Airport,,No Cars Available,42563.83,,19.00,,,,,,,,
2401,Airport,,No Cars Available,42563.83,,19.00,,,,,,,,
2400,Airport,,No Cars Available,42563.83,,19.00,,,,,,,,
2403,Airport,,No Cars Available,42563.83,,19.00,,,,,,,,
2414,Airport,,No Cars Available,42563.83,,19.00,,,,,,,,
2393,Airport,,No Cars Available,42563.83,,19.00,,,,,,,,
2398,Airport,,No Cars Available,42563.83,,19.00,,,,,,,,
2408,Airport,,No Cars Available,42563.83,,20.00,,,,,,,,
2415,Airport,,No Cars Available,42563.83,,20.00,,,,,,,,
2421,Airport,,No Cars Available,42563.84,,20.00,,,,,,,,
2419,Airport,,No Cars Available,42563.84,,20.00,,,,,,,,
2409,Airport,,No Cars Available,42563.84,,20.00,,,,,,,,
2428,Airport,,No Cars Available,42563.84,,20.00,,,,,,,,
2426,Airport,,No Cars Available,42563.84,,20.00,,,,,,,,
2422,Airport,,No Cars Available,42563.84,,20.00,,,,,,,,
2427,Airport,,No Cars Available,42563.84,,20.00,,,,,,,,
2425,Airport,,No Cars Available,42563.84,,20.00,,,,,,,,
2429,Airport,,No Cars Available,42563.85,,20.00,,,,,,,,
2431,Airport,,No Cars Available,42563.85,,20.00,,,,,,,,
2439,Airport,,No Cars Available,42563.85,,20.00,,,,,,,,
2433,Airport,,No Cars Available,42563.85,,20.00,,,,,,,,
2450,Airport,,No Cars Available,42563.85,,20.00,,,,,,,,
2440,Airport,,No Cars Available,42563.85,,20.00,,,,,,,,
2442,Airport,,No Cars Available,42563.85,,20.00,,,,,,,,
2443,Airport,,No Cars Available,42563.85,,20.00,,,,,,,,
2446,Airport,,No Cars Available,42563.85,,20.00,,,,,,,,
2455,Airport,,No Cars Available,42563.85,,20.00,,,,,,,,
2453,Airport,,No Cars Available,42563.85,,20.00,,,,,,,,
2452,Airport,,No Cars Available,42563.85,,20.00,,,,,,,,
2454,Airport,,No Cars Available,42563.85,,20.00,,,,,,,,
2451,Airport,,No Cars Available,42563.85,,20.00,,,,,,,,
2438,Airport,,No Cars Available,42563.85,,20.00,,,,,,,,
2462,Airport,,No Cars Available,42563.85,,20.00,,,,,,,,
2468,Airport,,No Cars Available,42563.85,,20.00,,,,,,,,
2456,Airport,,No Cars Available,42563.85,,20.00,,,,,,,,
2471,Airport,,No Cars Available,42563.86,,20.00,,,,,,,,
2464,Airport,,No Cars Available,42563.86,,20.00,,,,,,,,
2477,Airport,,No Cars Available,42563.86,,20.00,,,,,,,,
2472,Airport,,No Cars Available,42563.86,,20.00,,,,,,,,
2470,Airport,,No Cars Available,42563.86,,20.00,,,,,,,,
2476,Airport,,No Cars Available,42563.86,,20.00,,,,,,,,
2475,Airport,,No Cars Available,42563.86,,20.00,,,,,,,,
2478,Airport,,No Cars Available,42563.86,,20.00,,,,,,,,
2493,Airport,,No Cars Available,42563.87,,20.00,,,,,,,,
2488,Airport,,No Cars Available,42563.87,,20.00,,,,,,,,
2495,Airport,,No Cars Available,42563.87,,20.00,,,,,,,,
2485,Airport,,No Cars Available,42563.87,,20.00,,,,,,,,
2489,Airport,,No Cars Available,42563.87,,20.00,,,,,,,,
2479,Airport,,No Cars Available,42563.87,,20.00,,,,,,,,
2487,Airport,,No Cars Available,42563.87,,20.00,,,,,,,,
2492,Airport,,No Cars Available,42563.87,,20.00,,,,,,,,
2500,Airport,,No Cars Available,42563.87,,20.00,,,,,,,,
2504,Airport,,No Cars Available,42563.87,,20.00,,,,,,,,
2503,Airport,,No Cars Available,42563.87,,20.00,,,,,,,,
2490,Airport,,No Cars Available,42563.87,,20.00,,,,,,,,
2502,Airport,,No Cars Available,42563.87,,20.00,,,,,,,,
2494,Airport,,No Cars Available,42563.87,,20.00,,,,,,,,
2501,Airport,,No Cars Available,42563.87,,20.00,,,,,,,,
2498,Airport,,No Cars Available,42563.88,,21.00,,,,,,,,
2512,Airport,,No Cars Available,42563.88,,21.00,,,,,,,,
2514,Airport,,No Cars Available,42563.88,,21.00,,,,,,,,
2519,Airport,,No Cars Available,42563.88,,21.00,,,,,,,,
2513,Airport,,No Cars Available,42563.88,,21.00,,,,,,,,
2515,Airport,,No Cars Available,42563.88,,21.00,,,,,,,,
2522,City,,No Cars Available,42563.88,,21.00,,,,,,,,
2528,Airport,,No Cars Available,42563.88,,21.00,,,,,,,,
2523,Airport,,No Cars Available,42563.88,,21.00,,,,,,,,
2529,Airport,,No Cars Available,42563.88,,21.00,,,,,,,,
2521,Airport,,No Cars Available,42563.88,,21.00,,,,,,,,
2525,Airport,,No Cars Available,42563.89,,21.00,,,,,,,,
2541,Airport,,No Cars Available,42563.89,,21.00,,,,,,,,
2536,Airport,,No Cars Available,42563.89,,21.00,,,,,,,,
2546,Airport,,No Cars Available,42563.89,,21.00,,,,,,,,
2531,Airport,,No Cars Available,42563.89,,21.00,,,,,,,,
2542,Airport,,No Cars Available,42563.89,,21.00,,,,,,,,
2534,City,,No Cars Available,42563.89,,21.00,,,,,,,,
2539,Airport,,No Cars Available,42563.89,,21.00,,,,,,,,
2533,Airport,,No Cars Available,42563.89,,21.00,,,,,,,,
2558,Airport,,No Cars Available,42563.89,,21.00,,,,,,,,
2550,Airport,,No Cars Available,42563.89,,21.00,,,,,,,,
2547,Airport,,No Cars Available,42563.89,,21.00,,,,,,,,
2538,Airport,,No Cars Available,42563.89,,21.00,,,,,,,,
2557,Airport,,No Cars Available,42563.89,,21.00,,,,,,,,
2563,Airport,,No Cars Available,42563.89,,21.00,,,,,,,,
2548,Airport,,No Cars Available,42563.89,,21.00,,,,,,,,
2551,Airport,,No Cars Available,42563.89,,21.00,,,,,,,,
2555,Airport,,No Cars Available,42563.89,,21.00,,,,,,,,
2549,Airport,,No Cars Available,42563.89,,21.00,,,,,,,,
2554,Airport,,No Cars Available,42563.90,,21.00,,,,,,,,
2566,Airport,,No Cars Available,42563.90,,21.00,,,,,,,,
2562,Airport,,No Cars Available,42563.90,,21.00,,,,,,,,
2571,Airport,,No Cars Available,42563.90,,21.00,,,,,,,,
2565,Airport,,No Cars Available,42563.90,,21.00,,,,,,,,
2575,Airport,,No Cars Available,42563.90,,21.00,,,,,,,,
2568,Airport,,No Cars Available,42563.90,,21.00,,,,,,,,
2570,Airport,,No Cars Available,42563.90,,21.00,,,,,,,,
2564,Airport,,No Cars Available,42563.90,,21.00,,,,,,,,
2581,Airport,,No Cars Available,42563.90,,21.00,,,,,,,,
2576,Airport,,No Cars Available,42563.90,,21.00,,,,,,,,
2579,Airport,,No Cars Available,42563.90,,21.00,,,,,,,,
2574,Airport,,No Cars Available,42563.90,,21.00,,,,,,,,
2577,Airport,,No Cars Available,42563.90,,21.00,,,,,,,,
2580,Airport,,No Cars Available,42563.90,,21.00,,,,,,,,
2583,Airport,,No Cars Available,42563.90,,21.00,,,,,,,,
2573,Airport,,No Cars Available,42563.90,,21.00,,,,,,,,
2578,Airport,,No Cars Available,42563.90,,21.00,,,,,,,,
2590,Airport,,No Cars Available,42563.90,,21.00,,,,,,,,
2585,Airport,,No Cars Available,42563.90,,21.00,,,,,,,,
2594,Airport,,No Cars Available,42563.91,,21.00,,,,,,,,
2586,Airport,,No Cars Available,42563.91,,21.00,,,,,,,,
2587,Airport,,No Cars Available,42563.91,,21.00,,,,,,,,
2595,Airport,,No Cars Available,42563.91,,21.00,,,,,,,,
2599,Airport,,No Cars Available,42563.91,,21.00,,,,,,,,
2592,Airport,,No Cars Available,42563.91,,21.00,,,,,,,,
2600,Airport,,No Cars Available,42563.91,,21.00,,,,,,,,
2602,Airport,,No Cars Available,42563.91,,21.00,,,,,,,,
2601,Airport,,No Cars Available,42563.91,,21.00,,,,,,,,
2607,Airport,,No Cars Available,42563.92,,21.00,,,,,,,,
2612,Airport,,No Cars Available,42563.92,,22.00,,,,,,,,
2605,Airport,,No Cars Available,42563.92,,22.00,,,,,,,,
2606,Airport,,No Cars Available,42563.92,,22.00,,,,,,,,
2611,Airport,,No Cars Available,42563.92,,22.00,,,,,,,,
2614,Airport,,No Cars Available,42563.92,,22.00,,,,,,,,
2610,Airport,,No Cars Available,42563.92,,22.00,,,,,,,,
2615,Airport,,No Cars Available,42563.92,,22.00,,,,,,,,
2616,Airport,,No Cars Available,42563.92,,22.00,,,,,,,,
2618,Airport,,No Cars Available,42563.92,,22.00,,,,,,,,
2620,Airport,,No Cars Available,42563.92,,22.00,,,,,,,,
2623,Airport,,No Cars Available,42563.92,,22.00,,,,,,,,
2626,Airport,,No Cars Available,42563.92,,22.00,,,,,,,,
2619,Airport,,No Cars Available,42563.92,,22.00,,,,,,,,
2617,Airport,,No Cars Available,42563.92,,22.00,,,,,,,,
2622,Airport,,No Cars Available,42563.93,,22.00,,,,,,,,
2630,City,,No Cars Available,42563.93,,22.00,,,,,,,,
2638,Airport,,No Cars Available,42563.93,,22.00,,,,,,,,
2639,Airport,,No Cars Available,42563.94,,22.00,,,,,,,,
2634,City,,No Cars Available,42563.94,,22.00,,,,,,,,
2640,Airport,,No Cars Available,42563.94,,22.00,,,,,,,,
2649,City,,No Cars Available,42563.95,,22.00,,,,,,,,
2653,City,,No Cars Available,42563.96,,22.00,,,,,,,,
2654,City,,No Cars Available,42563.96,,23.00,,,,,,,,
2652,Airport,,No Cars Available,42563.96,,23.00,,,,,,,,
2656,Airport,,No Cars Available,42563.96,,23.00,,,,,,,,
2655,City,,No Cars Available,42563.97,,23.00,,,,,,,,
2660,Airport,,No Cars Available,42563.97,,23.00,,,,,,,,
2659,City,,No Cars Available,42563.97,,23.00,,,,,,,,
2663,Airport,,No Cars Available,42563.98,,23.00,,,,,,,,
2669,Airport,,No Cars Available,42563.98,,23.00,,,,,,,,
2670,Airport,,No Cars Available,42563.99,,23.00,,,,,,,,
2671,City,,No Cars Available,42563.99,,23.00,,,,,,,,
2673,Airport,,No Cars Available,42563.99,,23.00,,,,,,,,
2674,City,,No Cars Available,42563.99,,23.00,,,,,,,,
2678,Airport,,No Cars Available,42564.00,,23.00,,,,,,,,
4020,Airport,,No Cars Available,42564.00,,0.00,,,,,,,,
4022,City,,No Cars Available,42564.01,,0.00,,,,,,,,
4026,City,,No Cars Available,42564.01,,0.00,,,,,,,,
4025,City,,No Cars Available,42564.01,,0.00,,,,,,,,
2684,Airport,,No Cars Available,42564.01,,0.00,,,,,,,,
2685,City,,No Cars Available,42564.01,,0.00,,,,,,,,
2686,City,,No Cars Available,42564.02,,0.00,,,,,,,,
2688,City,,No Cars Available,42564.02,,0.00,,,,,,,,
2687,Airport,,No Cars Available,42564.02,,0.00,,,,,,,,
2690,Airport,,No Cars Available,42564.03,,0.00,,,,,,,,
2695,Airport,,No Cars Available,42564.03,,0.00,,,,,,,,
2693,Airport,,No Cars Available,42564.03,,0.00,,,,,,,,
2696,Airport,,No Cars Available,42564.03,,0.00,,,,,,,,
2694,Airport,,No Cars Available,42564.03,,0.00,,,,,,,,
2698,Airport,,No Cars Available,42564.04,,0.00,,,,,,,,
2697,City,,No Cars Available,42564.04,,0.00,,,,,,,,
2699,Airport,,No Cars Available,42564.04,,0.00,,,,,,,,
2700,City,,No Cars Available,42564.04,,1.00,,,,,,,,
2703,City,,No Cars Available,42564.05,,1.00,,,,,,,,
2705,Airport,,No Cars Available,42564.05,,1.00,,,,,,,,
2706,Airport,,No Cars Available,42564.06,,1.00,,,,,,,,
2710,Airport,,No Cars Available,42564.07,,1.00,,,,,,,,
2711,City,,No Cars Available,42564.07,,1.00,,,,,,,,
2712,Airport,,No Cars Available,42564.08,,1.00,,,,,,,,
2716,City,,No Cars Available,42564.08,,1.00,,,,,,,,
2715,Airport,,No Cars Available,42564.08,,1.00,,,,,,,,
2718,City,,No Cars Available,42564.09,,2.00,,,,,,,,
2720,City,,No Cars Available,42564.09,,2.00,,,,,,,,
2722,Airport,,No Cars Available,42564.09,,2.00,,,,,,,,
2721,Airport,,No Cars Available,42564.10,,2.00,,,,,,,,
2725,Airport,,No Cars Available,42564.10,,2.00,,,,,,,,
2726,City,,No Cars Available,42564.10,,2.00,,,,,,,,
2724,City,,No Cars Available,42564.11,,2.00,,,,,,,,
2734,City,,No Cars Available,42564.11,,2.00,,,,,,,,
2728,City,,No Cars Available,42564.11,,2.00,,,,,,,,
2730,City,,No Cars Available,42564.11,,2.00,,,,,,,,
2727,City,,No Cars Available,42564.11,,2.00,,,,,,,,
2735,Airport,,No Cars Available,42564.11,,2.00,,,,,,,,
2738,City,,No Cars Available,42564.12,,2.00,,,,,,,,
2739,Airport,,No Cars Available,42564.12,,2.00,,,,,,,,
2737,Airport,,No Cars Available,42564.12,,2.00,,,,,,,,
2741,Airport,,No Cars Available,42564.13,,3.00,,,,,,,,
2743,Airport,,No Cars Available,42564.13,,3.00,,,,,,,,
2744,City,,No Cars Available,42564.13,,3.00,,,,,,,,
2745,City,,No Cars Available,42564.14,,3.00,,,,,,,,
2748,Airport,,No Cars Available,42564.14,,3.00,,,,,,,,
2749,Airport,,No Cars Available,42564.15,,3.00,,,,,,,,
2753,City,,No Cars Available,42564.15,,3.00,,,,,,,,
2751,Airport,,No Cars Available,42564.15,,3.00,,,,,,,,
2754,Airport,,No Cars Available,42564.15,,3.00,,,,,,,,
2755,Airport,,No Cars Available,42564.15,,3.00,,,,,,,,
2756,Airport,,No Cars Available,42564.15,,3.00,,,,,,,,
2757,Airport,,No Cars Available,42564.16,,3.00,,,,,,,,
2760,City,,No Cars Available,42564.16,,3.00,,,,,,,,
2763,City,,No Cars Available,42564.17,,3.00,,,,,,,,
2765,Airport,,No Cars Available,42564.17,,4.00,,,,,,,,
2766,City,,No Cars Available,42564.17,,4.00,,,,,,,,
2770,Airport,,No Cars Available,42564.18,,4.00,,,,,,,,
2773,Airport,,No Cars Available,42564.19,,4.00,,,,,,,,
2776,City,,No Cars Available,42564.19,,4.00,,,,,,,,
2772,Airport,,No Cars Available,42564.19,,4.00,,,,,,,,
2775,Airport,,No Cars Available,42564.20,,4.00,,,,,,,,
2783,Airport,,No Cars Available,42564.20,,4.00,,,,,,,,
2790,City,,No Cars Available,42564.20,,4.00,,,,,,,,
2804,City,,No Cars Available,42564.21,,4.00,,,,,,,,
2807,City,,No Cars Available,42564.21,,5.00,,,,,,,,
2817,City,,No Cars Available,42564.21,,5.00,,,,,,,,
2812,City,,No Cars Available,42564.22,,5.00,,,,,,,,
2821,City,,No Cars Available,42564.22,,5.00,,,,,,,,
2843,City,,No Cars Available,42564.23,,5.00,,,,,,,,
2838,City,,No Cars Available,42564.23,,5.00,,,,,,,,
2850,Airport,,No Cars Available,42564.23,,5.00,,,,,,,,
2870,City,,No Cars Available,42564.24,,5.00,,,,,,,,
2868,City,,No Cars Available,42564.24,,5.00,,,,,,,,
2852,City,,No Cars Available,42564.24,,5.00,,,,,,,,
2874,City,,No Cars Available,42564.24,,5.00,,,,,,,,
2878,City,,No Cars Available,42564.25,,5.00,,,,,,,,
2892,City,,No Cars Available,42564.25,,5.00,,,,,,,,
2882,City,,No Cars Available,42564.25,,5.00,,,,,,,,
2893,City,,No Cars Available,42564.25,,6.00,,,,,,,,
2904,City,,No Cars Available,42564.26,,6.00,,,,,,,,
2915,City,,No Cars Available,42564.26,,6.00,,,,,,,,
2921,City,,No Cars Available,42564.26,,6.00,,,,,,,,
2925,City,,No Cars Available,42564.27,,6.00,,,,,,,,
2930,City,,No Cars Available,42564.27,,6.00,,,,,,,,
2949,City,,No Cars Available,42564.28,,6.00,,,,,,,,
2955,City,,No Cars Available,42564.28,,6.00,,,,,,,,
2954,City,,No Cars Available,42564.28,,6.00,,,,,,,,
2976,City,,No Cars Available,42564.29,,6.00,,,,,,,,
2967,City,,No Cars Available,42564.29,,6.00,,,,,,,,
2972,City,,No Cars Available,42564.29,,6.00,,,,,,,,
2980,City,,No Cars Available,42564.29,,6.00,,,,,,,,
2981,City,,No Cars Available,42564.29,,7.00,,,,,,,,
2984,City,,No Cars Available,42564.30,,7.00,,,,,,,,
2999,Airport,,No Cars Available,42564.30,,7.00,,,,,,,,
3003,City,,No Cars Available,42564.30,,7.00,,,,,,,,
3000,City,,No Cars Available,42564.30,,7.00,,,,,,,,
3007,City,,No Cars Available,42564.31,,7.00,,,,,,,,
3002,City,,No Cars Available,42564.31,,7.00,,,,,,,,
3011,City,,No Cars Available,42564.31,,7.00,,,,,,,,
3029,City,,No Cars Available,42564.32,,7.00,,,,,,,,
3047,City,,No Cars Available,42564.32,,7.00,,,,,,,,
3046,City,,No Cars Available,42564.32,,7.00,,,,,,,,
3056,City,,No Cars Available,42564.33,,7.00,,,,,,,,
3058,City,,No Cars Available,42564.33,,7.00,,,,,,,,
3071,City,,No Cars Available,42564.34,,8.00,,,,,,,,
3077,City,,No Cars Available,42564.34,,8.00,,,,,,,,
3078,City,,No Cars Available,42564.34,,8.00,,,,,,,,
3095,City,,No Cars Available,42564.34,,8.00,,,,,,,,
3091,City,,No Cars Available,42564.34,,8.00,,,,,,,,
3087,City,,No Cars Available,42564.35,,8.00,,,,,,,,
3093,City,,No Cars Available,42564.35,,8.00,,,,,,,,
3103,City,,No Cars Available,42564.35,,8.00,,,,,,,,
3102,City,,No Cars Available,42564.35,,8.00,,,,,,,,
3106,City,,No Cars Available,42564.35,,8.00,,,,,,,,
3105,City,,No Cars Available,42564.35,,8.00,,,,,,,,
3128,City,,No Cars Available,42564.36,,8.00,,,,,,,,
3116,City,,No Cars Available,42564.36,,8.00,,,,,,,,
3115,City,,No Cars Available,42564.36,,8.00,,,,,,,,
3121,City,,No Cars Available,42564.36,,8.00,,,,,,,,
3124,City,,No Cars Available,42564.36,,8.00,,,,,,,,
3127,City,,No Cars Available,42564.36,,8.00,,,,,,,,
3133,City,,No Cars Available,42564.36,,8.00,,,,,,,,
3136,City,,No Cars Available,42564.37,,8.00,,,,,,,,
3164,City,,No Cars Available,42564.38,,9.00,,,,,,,,
3165,City,,No Cars Available,42564.38,,9.00,,,,,,,,
3167,City,,No Cars Available,42564.38,,9.00,,,,,,,,
3178,City,,No Cars Available,42564.39,,9.00,,,,,,,,
3195,City,,No Cars Available,42564.40,,9.00,,,,,,,,
3204,City,,No Cars Available,42564.40,,9.00,,,,,,,,
3199,City,,No Cars Available,42564.40,,9.00,,,,,,,,
3219,City,,No Cars Available,42564.41,,9.00,,,,,,,,
3209,City,,No Cars Available,42564.41,,9.00,,,,,,,,
3225,City,,No Cars Available,42564.42,,9.00,,,,,,,,
3241,City,,No Cars Available,42564.42,,10.00,,,,,,,,
3234,City,,No Cars Available,42564.42,,10.00,,,,,,,,
3239,City,,No Cars Available,42564.42,,10.00,,,,,,,,
3252,City,,No Cars Available,42564.42,,10.00,,,,,,,,
3244,City,,No Cars Available,42564.42,,10.00,,,,,,,,
3246,City,,No Cars Available,42564.42,,10.00,,,,,,,,
3257,City,,No Cars Available,42564.43,,10.00,,,,,,,,
3251,City,,No Cars Available,42564.43,,10.00,,,,,,,,
3247,City,,No Cars Available,42564.43,,10.00,,,,,,,,
3259,City,,No Cars Available,42564.43,,10.00,,,,,,,,
3267,City,,No Cars Available,42564.43,,10.00,,,,,,,,
3269,Airport,,No Cars Available,42564.44,,10.00,,,,,,,,
3272,City,,No Cars Available,42564.44,,10.00,,,,,,,,
3278,City,,No Cars Available,42564.44,,10.00,,,,,,,,
3279,Airport,,No Cars Available,42564.45,,10.00,,,,,,,,
3284,Airport,,No Cars Available,42564.45,,10.00,,,,,,,,
3288,City,,No Cars Available,42564.46,,11.00,,,,,,,,
3290,City,,No Cars Available,42564.47,,11.00,,,,,,,,
3296,City,,No Cars Available,42564.49,,11.00,,,,,,,,
3308,City,,No Cars Available,42564.50,,11.00,,,,,,,,
3322,City,,No Cars Available,42564.51,,12.00,,,,,,,,
3325,Airport,,No Cars Available,42564.52,,12.00,,,,,,,,
3332,City,,No Cars Available,42564.52,,12.00,,,,,,,,
3331,City,,No Cars Available,42564.53,,12.00,,,,,,,,
3335,City,,No Cars Available,42564.53,,12.00,,,,,,,,
3345,Airport,,No Cars Available,42564.55,,13.00,,,,,,,,
3350,City,,No Cars Available,42564.55,,13.00,,,,,,,,
3349,Airport,,No Cars Available,42564.55,,13.00,,,,,,,,
3361,City,,No Cars Available,42564.56,,13.00,,,,,,,,
3356,Airport,,No Cars Available,42564.56,,13.00,,,,,,,,
3364,Airport,,No Cars Available,42564.57,,13.00,,,,,,,,
3368,City,,No Cars Available,42564.58,,13.00,,,,,,,,
3371,City,,No Cars Available,42564.59,,14.00,,,,,,,,
3373,City,,No Cars Available,42564.59,,14.00,,,,,,,,
3374,City,,No Cars Available,42564.59,,14.00,,,,,,,,
3376,Airport,,No Cars Available,42564.60,,14.00,,,,,,,,
3386,Airport,,No Cars Available,42564.61,,14.00,,,,,,,,
3389,City,,No Cars Available,42564.61,,14.00,,,,,,,,
3390,Airport,,No Cars Available,42564.61,,14.00,,,,,,,,
3401,City,,No Cars Available,42564.63,,15.00,,,,,,,,
3402,Airport,,No Cars Available,42564.63,,15.00,,,,,,,,
3398,City,,No Cars Available,42564.63,,15.00,,,,,,,,
3406,Airport,,No Cars Available,42564.64,,15.00,,,,,,,,
3410,Airport,,No Cars Available,42564.64,,15.00,,,,,,,,
3409,City,,No Cars Available,42564.64,,15.00,,,,,,,,
3417,City,,No Cars Available,42564.65,,15.00,,,,,,,,
3426,City,,No Cars Available,42564.66,,15.00,,,,,,,,
3435,City,,No Cars Available,42564.67,,16.00,,,,,,,,
3439,City,,No Cars Available,42564.68,,16.00,,,,,,,,
3442,City,,No Cars Available,42564.69,,16.00,,,,,,,,
3443,City,,No Cars Available,42564.69,,16.00,,,,,,,,
3447,City,,No Cars Available,42564.70,,16.00,,,,,,,,
3463,Airport,,No Cars Available,42564.71,,17.00,,,,,,,,
3464,Airport,,No Cars Available,42564.72,,17.00,,,,,,,,
3473,Airport,,No Cars Available,42564.72,,17.00,,,,,,,,
3470,Airport,,No Cars Available,42564.72,,17.00,,,,,,,,
3474,Airport,,No Cars Available,42564.72,,17.00,,,,,,,,
3467,Airport,,No Cars Available,42564.72,,17.00,,,,,,,,
3481,Airport,,No Cars Available,42564.72,,17.00,,,,,,,,
3479,Airport,,No Cars Available,42564.72,,17.00,,,,,,,,
3487,Airport,,No Cars Available,42564.72,,17.00,,,,,,,,
3476,Airport,,No Cars Available,42564.72,,17.00,,,,,,,,
3484,City,,No Cars Available,42564.73,,17.00,,,,,,,,
3491,Airport,,No Cars Available,42564.73,,17.00,,,,,,,,
3488,Airport,,No Cars Available,42564.73,,17.00,,,,,,,,
3490,Airport,,No Cars Available,42564.73,,17.00,,,,,,,,
3493,Airport,,No Cars Available,42564.73,,17.00,,,,,,,,
3492,Airport,,No Cars Available,42564.73,,17.00,,,,,,,,
3480,Airport,,No Cars Available,42564.73,,17.00,,,,,,,,
3489,Airport,,No Cars Available,42564.73,,17.00,,,,,,,,
3502,Airport,,No Cars Available,42564.73,,17.00,,,,,,,,
3494,Airport,,No Cars Available,42564.73,,17.00,,,,,,,,
3501,Airport,,No Cars Available,42564.73,,17.00,,,,,,,,
3503,Airport,,No Cars Available,42564.74,,17.00,,,,,,,,
3509,Airport,,No Cars Available,42564.74,,17.00,,,,,,,,
3504,Airport,,No Cars Available,42564.74,,17.00,,,,,,,,
3512,Airport,,No Cars Available,42564.74,,17.00,,,,,,,,
3519,Airport,,No Cars Available,42564.74,,17.00,,,,,,,,
3516,Airport,,No Cars Available,42564.74,,17.00,,,,,,,,
3513,Airport,,No Cars Available,42564.74,,17.00,,,,,,,,
3515,Airport,,No Cars Available,42564.74,,17.00,,,,,,,,
3521,Airport,,No Cars Available,42564.74,,17.00,,,,,,,,
3527,Airport,,No Cars Available,42564.74,,17.00,,,,,,,,
3526,Airport,,No Cars Available,42564.74,,17.00,,,,,,,,
3522,Airport,,No Cars Available,42564.74,,17.00,,,,,,,,
3536,Airport,,No Cars Available,42564.74,,17.00,,,,,,,,
3534,Airport,,No Cars Available,42564.74,,17.00,,,,,,,,
3537,Airport,,No Cars Available,42564.75,,17.00,,,,,,,,
3533,Airport,,No Cars Available,42564.75,,17.00,,,,,,,,
3535,Airport,,No Cars Available,42564.75,,17.00,,,,,,,,
3532,Airport,,No Cars Available,42564.75,,17.00,,,,,,,,
3547,Airport,,No Cars Available,42564.75,,17.00,,,,,,,,
3531,Airport,,No Cars Available,42564.75,,17.00,,,,,,,,
3538,Airport,,No Cars Available,42564.75,,17.00,,,,,,,,
3543,Airport,,No Cars Available,42564.75,,17.00,,,,,,,,
3539,Airport,,No Cars Available,42564.75,,18.00,,,,,,,,
3542,Airport,,No Cars Available,42564.75,,18.00,,,,,,,,
3553,Airport,,No Cars Available,42564.76,,18.00,,,,,,,,
3562,Airport,,No Cars Available,42564.76,,18.00,,,,,,,,
3550,Airport,,No Cars Available,42564.76,,18.00,,,,,,,,
3551,Airport,,No Cars Available,42564.76,,18.00,,,,,,,,
3557,Airport,,No Cars Available,42564.76,,18.00,,,,,,,,
3560,Airport,,No Cars Available,42564.76,,18.00,,,,,,,,
3566,Airport,,No Cars Available,42564.76,,18.00,,,,,,,,
3567,Airport,,No Cars Available,42564.76,,18.00,,,,,,,,
3554,Airport,,No Cars Available,42564.76,,18.00,,,,,,,,
3556,Airport,,No Cars Available,42564.76,,18.00,,,,,,,,
3563,Airport,,No Cars Available,42564.76,,18.00,,,,,,,,
3569,Airport,,No Cars Available,42564.76,,18.00,,,,,,,,
3571,Airport,,No Cars Available,42564.77,,18.00,,,,,,,,
3574,Airport,,No Cars Available,42564.77,,18.00,,,,,,,,
3568,Airport,,No Cars Available,42564.77,,18.00,,,,,,,,
3576,Airport,,No Cars Available,42564.77,,18.00,,,,,,,,
3570,Airport,,No Cars Available,42564.77,,18.00,,,,,,,,
3578,Airport,,No Cars Available,42564.77,,18.00,,,,,,,,
3579,Airport,,No Cars Available,42564.77,,18.00,,,,,,,,
3582,Airport,,No Cars Available,42564.77,,18.00,,,,,,,,
3589,Airport,,No Cars Available,42564.77,,18.00,,,,,,,,
3580,Airport,,No Cars Available,42564.77,,18.00,,,,,,,,
3575,Airport,,No Cars Available,42564.77,,18.00,,,,,,,,
3573,City,,No Cars Available,42564.77,,18.00,,,,,,,,
3592,Airport,,No Cars Available,42564.77,,18.00,,,,,,,,
3587,Airport,,No Cars Available,42564.77,,18.00,,,,,,,,
3586,Airport,,No Cars Available,42564.77,,18.00,,,,,,,,
3581,Airport,,No Cars Available,42564.77,,18.00,,,,,,,,
3588,Airport,,No Cars Available,42564.77,,18.00,,,,,,,,
3591,Airport,,No Cars Available,42564.77,,18.00,,,,,,,,
3595,Airport,,No Cars Available,42564.77,,18.00,,,,,,,,
3597,Airport,,No Cars Available,42564.78,,18.00,,,,,,,,
3599,Airport,,No Cars Available,42564.78,,18.00,,,,,,,,
3596,Airport,,No Cars Available,42564.78,,18.00,,,,,,,,
3604,Airport,,No Cars Available,42564.78,,18.00,,,,,,,,
3603,Airport,,No Cars Available,42564.78,,18.00,,,,,,,,
3605,Airport,,No Cars Available,42564.78,,18.00,,,,,,,,
3600,Airport,,No Cars Available,42564.78,,18.00,,,,,,,,
3607,Airport,,No Cars Available,42564.78,,18.00,,,,,,,,
3608,Airport,,No Cars Available,42564.78,,18.00,,,,,,,,
3611,Airport,,No Cars Available,42564.78,,18.00,,,,,,,,
3609,City,,No Cars Available,42564.78,,18.00,,,,,,,,
3610,Airport,,No Cars Available,42564.78,,18.00,,,,,,,,
3616,Airport,,No Cars Available,42564.78,,18.00,,,,,,,,
3606,Airport,,No Cars Available,42564.79,,18.00,,,,,,,,
3614,City,,No Cars Available,42564.79,,18.00,,,,,,,,
3618,Airport,,No Cars Available,42564.79,,18.00,,,,,,,,
3612,Airport,,No Cars Available,42564.79,,18.00,,,,,,,,
3623,Airport,,No Cars Available,42564.79,,18.00,,,,,,,,
3619,Airport,,No Cars Available,42564.79,,18.00,,,,,,,,
3627,Airport,,No Cars Available,42564.79,,18.00,,,,,,,,
3635,Airport,,No Cars Available,42564.79,,18.00,,,,,,,,
3629,Airport,,No Cars Available,42564.79,,18.00,,,,,,,,
3626,Airport,,No Cars Available,42564.79,,19.00,,,,,,,,
3633,City,,No Cars Available,42564.79,,19.00,,,,,,,,
3637,Airport,,No Cars Available,42564.80,,19.00,,,,,,,,
3639,Airport,,No Cars Available,42564.80,,19.00,,,,,,,,
3628,Airport,,No Cars Available,42564.80,,19.00,,,,,,,,
3642,Airport,,No Cars Available,42564.80,,19.00,,,,,,,,
3636,Airport,,No Cars Available,42564.80,,19.00,,,,,,,,
3647,Airport,,No Cars Available,42564.80,,19.00,,,,,,,,
3655,Airport,,No Cars Available,42564.80,,19.00,,,,,,,,
3643,Airport,,No Cars Available,42564.80,,19.00,,,,,,,,
3654,Airport,,No Cars Available,42564.80,,19.00,,,,,,,,
3652,Airport,,No Cars Available,42564.80,,19.00,,,,,,,,
3650,Airport,,No Cars Available,42564.80,,19.00,,,,,,,,
3665,Airport,,No Cars Available,42564.81,,19.00,,,,,,,,
3663,Airport,,No Cars Available,42564.81,,19.00,,,,,,,,
3664,Airport,,No Cars Available,42564.81,,19.00,,,,,,,,
3659,Airport,,No Cars Available,42564.81,,19.00,,,,,,,,
3677,Airport,,No Cars Available,42564.81,,19.00,,,,,,,,
3670,Airport,,No Cars Available,42564.81,,19.00,,,,,,,,
3669,Airport,,No Cars Available,42564.81,,19.00,,,,,,,,
3675,Airport,,No Cars Available,42564.81,,19.00,,,,,,,,
3682,Airport,,No Cars Available,42564.81,,19.00,,,,,,,,
3674,Airport,,No Cars Available,42564.81,,19.00,,,,,,,,
3678,Airport,,No Cars Available,42564.81,,19.00,,,,,,,,
3673,Airport,,No Cars Available,42564.82,,19.00,,,,,,,,
3687,Airport,,No Cars Available,42564.82,,19.00,,,,,,,,
3683,Airport,,No Cars Available,42564.82,,19.00,,,,,,,,
3685,Airport,,No Cars Available,42564.82,,19.00,,,,,,,,
3684,Airport,,No Cars Available,42564.82,,19.00,,,,,,,,
3692,Airport,,No Cars Available,42564.82,,19.00,,,,,,,,
3680,Airport,,No Cars Available,42564.82,,19.00,,,,,,,,
3689,Airport,,No Cars Available,42564.82,,19.00,,,,,,,,
3696,Airport,,No Cars Available,42564.82,,19.00,,,,,,,,
3693,Airport,,No Cars Available,42564.82,,19.00,,,,,,,,
3695,Airport,,No Cars Available,42564.82,,19.00,,,,,,,,
3709,Airport,,No Cars Available,42564.82,,19.00,,,,,,,,
3708,Airport,,No Cars Available,42564.82,,19.00,,,,,,,,
3699,Airport,,No Cars Available,42564.82,,19.00,,,,,,,,
3691,Airport,,No Cars Available,42564.82,,19.00,,,,,,,,
3705,Airport,,No Cars Available,42564.82,,19.00,,,,,,,,
3707,Airport,,No Cars Available,42564.83,,19.00,,,,,,,,
3706,Airport,,No Cars Available,42564.83,,19.00,,,,,,,,
3702,Airport,,No Cars Available,42564.83,,19.00,,,,,,,,
3700,Airport,,No Cars Available,42564.83,,19.00,,,,,,,,
3712,Airport,,No Cars Available,42564.83,,19.00,,,,,,,,
3698,Airport,,No Cars Available,42564.83,,19.00,,,,,,,,
3710,Airport,,No Cars Available,42564.83,,19.00,,,,,,,,
3714,Airport,,No Cars Available,42564.83,,19.00,,,,,,,,
3720,Airport,,No Cars Available,42564.83,,19.00,,,,,,,,
3719,Airport,,No Cars Available,42564.83,,19.00,,,,,,,,
3717,Airport,,No Cars Available,42564.83,,19.00,,,,,,,,
3715,Airport,,No Cars Available,42564.83,,19.00,,,,,,,,
3713,Airport,,No Cars Available,42564.83,,19.00,,,,,,,,
3716,Airport,,No Cars Available,42564.83,,20.00,,,,,,,,
3726,Airport,,No Cars Available,42564.84,,20.00,,,,,,,,
3724,Airport,,No Cars Available,42564.84,,20.00,,,,,,,,
3721,Airport,,No Cars Available,42564.84,,20.00,,,,,,,,
3729,Airport,,No Cars Available,42564.84,,20.00,,,,,,,,
3731,Airport,,No Cars Available,42564.84,,20.00,,,,,,,,
3733,Airport,,No Cars Available,42564.84,,20.00,,,,,,,,
3730,Airport,,No Cars Available,42564.84,,20.00,,,,,,,,
3735,Airport,,No Cars Available,42564.84,,20.00,,,,,,,,
3734,Airport,,No Cars Available,42564.84,,20.00,,,,,,,,
3737,Airport,,No Cars Available,42564.85,,20.00,,,,,,,,
3736,Airport,,No Cars Available,42564.85,,20.00,,,,,,,,
3746,Airport,,No Cars Available,42564.85,,20.00,,,,,,,,
3747,Airport,,No Cars Available,42564.85,,20.00,,,,,,,,
3751,Airport,,No Cars Available,42564.85,,20.00,,,,,,,,
3750,Airport,,No Cars Available,42564.85,,20.00,,,,,,,,
3752,Airport,,No Cars Available,42564.85,,20.00,,,,,,,,
3754,Airport,,No Cars Available,42564.86,,20.00,,,,,,,,
3749,Airport,,No Cars Available,42564.86,,20.00,,,,,,,,
3757,Airport,,No Cars Available,42564.86,,20.00,,,,,,,,
3765,Airport,,No Cars Available,42564.86,,20.00,,,,,,,,
3756,Airport,,No Cars Available,42564.86,,20.00,,,,,,,,
3764,Airport,,No Cars Available,42564.86,,20.00,,,,,,,,
3770,Airport,,No Cars Available,42564.86,,20.00,,,,,,,,
3778,Airport,,No Cars Available,42564.86,,20.00,,,,,,,,
3772,Airport,,No Cars Available,42564.86,,20.00,,,,,,,,
3760,Airport,,No Cars Available,42564.86,,20.00,,,,,,,,
3779,Airport,,No Cars Available,42564.86,,20.00,,,,,,,,
3773,Airport,,No Cars Available,42564.86,,20.00,,,,,,,,
3769,Airport,,No Cars Available,42564.86,,20.00,,,,,,,,
3781,Airport,,No Cars Available,42564.86,,20.00,,,,,,,,
3785,City,,No Cars Available,42564.86,,20.00,,,,,,,,
3776,Airport,,No Cars Available,42564.87,,20.00,,,,,,,,
3775,Airport,,No Cars Available,42564.87,,20.00,,,,,,,,
3783,Airport,,No Cars Available,42564.87,,20.00,,,,,,,,
3784,Airport,,No Cars Available,42564.87,,20.00,,,,,,,,
3787,Airport,,No Cars Available,42564.87,,20.00,,,,,,,,
3791,Airport,,No Cars Available,42564.87,,20.00,,,,,,,,
3796,Airport,,No Cars Available,42564.87,,20.00,,,,,,,,
3790,Airport,,No Cars Available,42564.87,,20.00,,,,,,,,
3792,Airport,,No Cars Available,42564.87,,20.00,,,,,,,,
3793,Airport,,No Cars Available,42564.87,,20.00,,,,,,,,
3797,Airport,,No Cars Available,42564.87,,20.00,,,,,,,,
3800,Airport,,No Cars Available,42564.87,,20.00,,,,,,,,
3803,Airport,,No Cars Available,42564.87,,20.00,,,,,,,,
3799,City,,No Cars Available,42564.87,,20.00,,,,,,,,
3802,Airport,,No Cars Available,42564.88,,21.00,,,,,,,,
3811,Airport,,No Cars Available,42564.88,,21.00,,,,,,,,
3805,Airport,,No Cars Available,42564.88,,21.00,,,,,,,,
3815,Airport,,No Cars Available,42564.88,,21.00,,,,,,,,
3812,City,,No Cars Available,42564.88,,21.00,,,,,,,,
3816,Airport,,No Cars Available,42564.88,,21.00,,,,,,,,
3821,Airport,,No Cars Available,42564.88,,21.00,,,,,,,,
3814,Airport,,No Cars Available,42564.88,,21.00,,,,,,,,
3829,Airport,,No Cars Available,42564.88,,21.00,,,,,,,,
3825,Airport,,No Cars Available,42564.88,,21.00,,,,,,,,
3833,Airport,,No Cars Available,42564.89,,21.00,,,,,,,,
3823,Airport,,No Cars Available,42564.89,,21.00,,,,,,,,
3828,City,,No Cars Available,42564.89,,21.00,,,,,,,,
3836,Airport,,No Cars Available,42564.89,,21.00,,,,,,,,
3824,Airport,,No Cars Available,42564.89,,21.00,,,,,,,,
3832,Airport,,No Cars Available,42564.89,,21.00,,,,,,,,
3846,Airport,,No Cars Available,42564.89,,21.00,,,,,,,,
3837,Airport,,No Cars Available,42564.89,,21.00,,,,,,,,
3835,Airport,,No Cars Available,42564.89,,21.00,,,,,,,,
3838,Airport,,No Cars Available,42564.89,,21.00,,,,,,,,
3844,Airport,,No Cars Available,42564.89,,21.00,,,,,,,,
3845,Airport,,No Cars Available,42564.90,,21.00,,,,,,,,
3842,Airport,,No Cars Available,42564.90,,21.00,,,,,,,,
3853,Airport,,No Cars Available,42564.90,,21.00,,,,,,,,
3848,Airport,,No Cars Available,42564.90,,21.00,,,,,,,,
3860,Airport,,No Cars Available,42564.90,,21.00,,,,,,,,
3855,Airport,,No Cars Available,42564.90,,21.00,,,,,,,,
3862,City,,No Cars Available,42564.90,,21.00,,,,,,,,
3854,Airport,,No Cars Available,42564.90,,21.00,,,,,,,,
3851,Airport,,No Cars Available,42564.90,,21.00,,,,,,,,
3858,Airport,,No Cars Available,42564.90,,21.00,,,,,,,,
3869,Airport,,No Cars Available,42564.91,,21.00,,,,,,,,
3864,Airport,,No Cars Available,42564.91,,21.00,,,,,,,,
3861,Airport,,No Cars Available,42564.91,,21.00,,,,,,,,
3873,Airport,,No Cars Available,42564.91,,21.00,,,,,,,,
3868,Airport,,No Cars Available,42564.91,,21.00,,,,,,,,
3870,Airport,,No Cars Available,42564.91,,21.00,,,,,,,,
3871,Airport,,No Cars Available,42564.91,,21.00,,,,,,,,
3884,Airport,,No Cars Available,42564.91,,21.00,,,,,,,,
3878,Airport,,No Cars Available,42564.91,,21.00,,,,,,,,
3894,Airport,,No Cars Available,42564.91,,21.00,,,,,,,,
3885,Airport,,No Cars Available,42564.91,,21.00,,,,,,,,
3877,Airport,,No Cars Available,42564.91,,21.00,,,,,,,,
3886,Airport,,No Cars Available,42564.91,,21.00,,,,,,,,
3874,Airport,,No Cars Available,42564.91,,21.00,,,,,,,,
3893,Airport,,No Cars Available,42564.91,,21.00,,,,,,,,
3891,Airport,,No Cars Available,42564.91,,21.00,,,,,,,,
3888,Airport,,No Cars Available,42564.92,,21.00,,,,,,,,
3876,Airport,,No Cars Available,42564.92,,21.00,,,,,,,,
3875,Airport,,No Cars Available,42564.92,,21.00,,,,,,,,
3898,Airport,,No Cars Available,42564.92,,21.00,,,,,,,,
3895,Airport,,No Cars Available,42564.92,,22.00,,,,,,,,
3900,Airport,,No Cars Available,42564.92,,22.00,,,,,,,,
3904,Airport,,No Cars Available,42564.92,,22.00,,,,,,,,
3892,Airport,,No Cars Available,42564.92,,22.00,,,,,,,,
3899,Airport,,No Cars Available,42564.92,,22.00,,,,,,,,
3910,Airport,,No Cars Available,42564.92,,22.00,,,,,,,,
3901,Airport,,No Cars Available,42564.92,,22.00,,,,,,,,
3902,Airport,,No Cars Available,42564.92,,22.00,,,,,,,,
3903,Airport,,No Cars Available,42564.92,,22.00,,,,,,,,
3906,Airport,,No Cars Available,42564.93,,22.00,,,,,,,,
3907,Airport,,No Cars Available,42564.93,,22.00,,,,,,,,
3918,City,,No Cars Available,42564.93,,22.00,,,,,,,,
3912,Airport,,No Cars Available,42564.93,,22.00,,,,,,,,
3928,City,,No Cars Available,42564.93,,22.00,,,,,,,,
3911,Airport,,No Cars Available,42564.93,,22.00,,,,,,,,
3923,City,,No Cars Available,42564.93,,22.00,,,,,,,,
3922,City,,No Cars Available,42564.93,,22.00,,,,,,,,
3931,Airport,,No Cars Available,42564.93,,22.00,,,,,,,,
3930,City,,No Cars Available,42564.93,,22.00,,,,,,,,
3921,City,,No Cars Available,42564.93,,22.00,,,,,,,,
3926,Airport,,No Cars Available,42564.93,,22.00,,,,,,,,
3919,Airport,,No Cars Available,42564.93,,22.00,,,,,,,,
3933,Airport,,No Cars Available,42564.94,,22.00,,,,,,,,
3937,City,,No Cars Available,42564.94,,22.00,,,,,,,,
3929,Airport,,No Cars Available,42564.94,,22.00,,,,,,,,
3941,City,,No Cars Available,42564.94,,22.00,,,,,,,,
3936,City,,No Cars Available,42564.94,,22.00,,,,,,,,
3946,Airport,,No Cars Available,42564.94,,22.00,,,,,,,,
3938,City,,No Cars Available,42564.94,,22.00,,,,,,,,
3949,City,,No Cars Available,42564.94,,22.00,,,,,,,,
3958,Airport,,No Cars Available,42564.95,,22.00,,,,,,,,
3951,Airport,,No Cars Available,42564.95,,22.00,,,,,,,,
3962,City,,No Cars Available,42564.95,,22.00,,,,,,,,
3961,City,,No Cars Available,42564.95,,22.00,,,,,,,,
3963,Airport,,No Cars Available,42564.96,,22.00,,,,,,,,
3967,City,,No Cars Available,42564.96,,22.00,,,,,,,,
3968,Airport,,No Cars Available,42564.96,,22.00,,,,,,,,
3971,City,,No Cars Available,42564.96,,22.00,,,,,,,,
3972,City,,No Cars Available,42564.96,,23.00,,,,,,,,
3975,City,,No Cars Available,42564.96,,23.00,,,,,,,,
3976,City,,No Cars Available,42564.96,,23.00,,,,,,,,
3980,City,,No Cars Available,42564.97,,23.00,,,,,,,,
3984,Airport,,No Cars Available,42564.97,,23.00,,,,,,,,
3986,Airport,,No Cars Available,42564.97,,23.00,,,,,,,,
3988,City,,No Cars Available,42564.97,,23.00,,,,,,,,
3995,City,,No Cars Available,42564.98,,23.00,,,,,,,,
3998,Airport,,No Cars Available,42564.99,,23.00,,,,,,,,
4001,City,,No Cars Available,42564.99,,23.00,,,,,,,,
4006,City,,No Cars Available,42564.99,,23.00,,,,,,,,
4000,City,,No Cars Available,42564.99,,23.00,,,,,,,,
4017,City,,No Cars Available,42564.99,,23.00,,,,,,,,
4010,Airport,,No Cars Available,42564.99,,23.00,,,,,,,,
4015,City,,No Cars Available,42564.99,,23.00,,,,,,,,
4013,City,,No Cars Available,42565.00,,23.00,,,,,,,,
4014,City,,No Cars Available,42565.00,,23.00,,,,,,,,
4016,City,,No Cars Available,42565.00,,23.00,,,,,,,,
4028,City,,No Cars Available,42565.01,,0.00,,,,,,,,
4029,City,,No Cars Available,42565.01,,0.00,,,,,,,,
4032,City,,No Cars Available,42565.01,,0.00,,,,,,,,
4033,Airport,,No Cars Available,42565.02,,0.00,,,,,,,,
4034,City,,No Cars Available,42565.02,,0.00,,,,,,,,
4035,Airport,,No Cars Available,42565.02,,0.00,,,,,,,,
4036,Airport,,No Cars Available,42565.02,,0.00,,,,,,,,
4038,Airport,,No Cars Available,42565.02,,0.00,,,,,,,,
4042,Airport,,No Cars Available,42565.03,,0.00,,,,,,,,
4044,Airport,,No Cars Available,42565.04,,0.00,,,,,,,,
4046,City,,No Cars Available,42565.04,,0.00,,,,,,,,
4047,City,,No Cars Available,42565.04,,1.00,,,,,,,,
4048,Airport,,No Cars Available,42565.04,,1.00,,,,,,,,
4050,City,,No Cars Available,42565.05,,1.00,,,,,,,,
4053,Airport,,No Cars Available,42565.05,,1.00,,,,,,,,
4052,City,,No Cars Available,42565.05,,1.00,,,,,,,,
4055,City,,No Cars Available,42565.06,,1.00,,,,,,,,
4054,City,,No Cars Available,42565.06,,1.00,,,,,,,,
4056,City,,No Cars Available,42565.06,,1.00,,,,,,,,
4058,Airport,,No Cars Available,42565.06,,1.00,,,,,,,,
4057,City,,No Cars Available,42565.06,,1.00,,,,,,,,
4061,City,,No Cars Available,42565.07,,1.00,,,,,,,,
4059,City,,No Cars Available,42565.07,,1.00,,,,,,,,
4063,City,,No Cars Available,42565.07,,1.00,,,,,,,,
4062,Airport,,No Cars Available,42565.07,,1.00,,,,,,,,
4064,City,,No Cars Available,42565.08,,1.00,,,,,,,,
4068,Airport,,No Cars Available,42565.08,,1.00,,,,,,,,
4067,City,,No Cars Available,42565.08,,2.00,,,,,,,,
4069,City,,No Cars Available,42565.09,,2.00,,,,,,,,
4071,City,,No Cars Available,42565.09,,2.00,,,,,,,,
4070,City,,No Cars Available,42565.09,,2.00,,,,,,,,
4072,City,,No Cars Available,42565.09,,2.00,,,,,,,,
4076,Airport,,No Cars Available,42565.09,,2.00,,,,,,,,
4074,City,,No Cars Available,42565.10,,2.00,,,,,,,,
4080,Airport,,No Cars Available,42565.10,,2.00,,,,,,,,
4083,City,,No Cars Available,42565.11,,2.00,,,,,,,,
4086,City,,No Cars Available,42565.12,,2.00,,,,,,,,
4089,City,,No Cars Available,42565.12,,2.00,,,,,,,,
4088,City,,No Cars Available,42565.12,,2.00,,,,,,,,
4090,Airport,,No Cars Available,42565.12,,2.00,,,,,,,,
4095,Airport,,No Cars Available,42565.13,,3.00,,,,,,,,
4096,City,,No Cars Available,42565.13,,3.00,,,,,,,,
4099,City,,No Cars Available,42565.14,,3.00,,,,,,,,
4100,Airport,,No Cars Available,42565.15,,3.00,,,,,,,,
4101,City,,No Cars Available,42565.15,,3.00,,,,,,,,
4104,Airport,,No Cars Available,42565.15,,3.00,,,,,,,,
4102,Airport,,No Cars Available,42565.15,,3.00,,,,,,,,
4103,Airport,,No Cars Available,42565.15,,3.00,,,,,,,,
4106,City,,No Cars Available,42565.16,,3.00,,,,,,,,
4107,City,,No Cars Available,42565.16,,3.00,,,,,,,,
4110,Airport,,No Cars Available,42565.17,,3.00,,,,,,,,
4113,City,,No Cars Available,42565.17,,4.00,,,,,,,,
4109,City,,No Cars Available,42565.17,,4.00,,,,,,,,
4112,Airport,,No Cars Available,42565.17,,4.00,,,,,,,,
4111,City,,No Cars Available,42565.17,,4.00,,,,,,,,
4115,City,,No Cars Available,42565.17,,4.00,,,,,,,,
4116,Airport,,No Cars Available,42565.18,,4.00,,,,,,,,
4120,City,,No Cars Available,42565.19,,4.00,,,,,,,,
4123,City,,No Cars Available,42565.19,,4.00,,,,,,,,
4131,City,,No Cars Available,42565.20,,4.00,,,,,,,,
4124,City,,No Cars Available,42565.20,,4.00,,,,,,,,
4127,City,,No Cars Available,42565.20,,4.00,,,,,,,,
4132,City,,No Cars Available,42565.20,,4.00,,,,,,,,
4139,City,,No Cars Available,42565.20,,4.00,,,,,,,,
4135,Airport,,No Cars Available,42565.20,,4.00,,,,,,,,
4138,City,,No Cars Available,42565.20,,4.00,,,,,,,,
4142,City,,No Cars Available,42565.20,,4.00,,,,,,,,
4152,City,,No Cars Available,42565.21,,4.00,,,,,,,,
4149,City,,No Cars Available,42565.21,,4.00,,,,,,,,
4159,Airport,,No Cars Available,42565.21,,5.00,,,,,,,,
4172,City,,No Cars Available,42565.22,,5.00,,,,,,,,
4190,City,,No Cars Available,42565.22,,5.00,,,,,,,,
4193,City,,No Cars Available,42565.23,,5.00,,,,,,,,
4181,City,,No Cars Available,42565.23,,5.00,,,,,,,,
4191,City,,No Cars Available,42565.23,,5.00,,,,,,,,
4200,City,,No Cars Available,42565.23,,5.00,,,,,,,,
4208,City,,No Cars Available,42565.24,,5.00,,,,,,,,
4219,City,,No Cars Available,42565.24,,5.00,,,,,,,,
4220,City,,No Cars Available,42565.24,,5.00,,,,,,,,
4217,City,,No Cars Available,42565.24,,5.00,,,,,,,,
4237,City,,No Cars Available,42565.25,,5.00,,,,,,,,
4228,City,,No Cars Available,42565.25,,5.00,,,,,,,,
4240,City,,No Cars Available,42565.25,,5.00,,,,,,,,
4229,City,,No Cars Available,42565.25,,5.00,,,,,,,,
4246,City,,No Cars Available,42565.25,,5.00,,,,,,,,
4244,City,,No Cars Available,42565.25,,6.00,,,,,,,,
4241,City,,No Cars Available,42565.25,,6.00,,,,,,,,
4247,City,,No Cars Available,42565.25,,6.00,,,,,,,,
4256,City,,No Cars Available,42565.25,,6.00,,,,,,,,
4259,City,,No Cars Available,42565.26,,6.00,,,,,,,,
4265,City,,No Cars Available,42565.26,,6.00,,,,,,,,
4261,City,,No Cars Available,42565.26,,6.00,,,,,,,,
4262,City,,No Cars Available,42565.26,,6.00,,,,,,,,
4267,City,,No Cars Available,42565.26,,6.00,,,,,,,,
4269,City,,No Cars Available,42565.26,,6.00,,,,,,,,
4275,City,,No Cars Available,42565.27,,6.00,,,,,,,,
4279,City,,No Cars Available,42565.27,,6.00,,,,,,,,
4282,City,,No Cars Available,42565.27,,6.00,,,,,,,,
4283,City,,No Cars Available,42565.27,,6.00,,,,,,,,
4289,City,,No Cars Available,42565.27,,6.00,,,,,,,,
4291,City,,No Cars Available,42565.28,,6.00,,,,,,,,
4292,City,,No Cars Available,42565.28,,6.00,,,,,,,,
4295,City,,No Cars Available,42565.28,,6.00,,,,,,,,
4306,City,,No Cars Available,42565.28,,6.00,,,,,,,,
4309,Airport,,No Cars Available,42565.28,,6.00,,,,,,,,
4317,City,,No Cars Available,42565.29,,6.00,,,,,,,,
4318,City,,No Cars Available,42565.29,,6.00,,,,,,,,
4307,City,,No Cars Available,42565.29,,6.00,,,,,,,,
4320,City,,No Cars Available,42565.29,,7.00,,,,,,,,
4324,City,,No Cars Available,42565.29,,7.00,,,,,,,,
4333,City,,No Cars Available,42565.30,,7.00,,,,,,,,
4344,City,,No Cars Available,42565.30,,7.00,,,,,,,,
4334,City,,No Cars Available,42565.30,,7.00,,,,,,,,
4347,City,,No Cars Available,42565.30,,7.00,,,,,,,,
4352,City,,No Cars Available,42565.31,,7.00,,,,,,,,
4348,City,,No Cars Available,42565.31,,7.00,,,,,,,,
4353,City,,No Cars Available,42565.31,,7.00,,,,,,,,
4362,City,,No Cars Available,42565.31,,7.00,,,,,,,,
4367,City,,No Cars Available,42565.32,,7.00,,,,,,,,
4373,City,,No Cars Available,42565.32,,7.00,,,,,,,,
4382,City,,No Cars Available,42565.33,,7.00,,,,,,,,
4393,City,,No Cars Available,42565.33,,7.00,,,,,,,,
4394,City,,No Cars Available,42565.33,,8.00,,,,,,,,
4405,City,,No Cars Available,42565.33,,8.00,,,,,,,,
4407,City,,No Cars Available,42565.34,,8.00,,,,,,,,
4412,City,,No Cars Available,42565.34,,8.00,,,,,,,,
4424,City,,No Cars Available,42565.35,,8.00,,,,,,,,
4437,City,,No Cars Available,42565.35,,8.00,,,,,,,,
4436,City,,No Cars Available,42565.35,,8.00,,,,,,,,
4432,City,,No Cars Available,42565.35,,8.00,,,,,,,,
4429,City,,No Cars Available,42565.35,,8.00,,,,,,,,
4449,City,,No Cars Available,42565.35,,8.00,,,,,,,,
4453,City,,No Cars Available,42565.36,,8.00,,,,,,,,
4460,City,,No Cars Available,42565.36,,8.00,,,,,,,,
4474,City,,No Cars Available,42565.36,,8.00,,,,,,,,
4466,City,,No Cars Available,42565.37,,8.00,,,,,,,,
4473,City,,No Cars Available,42565.37,,8.00,,,,,,,,
4477,City,,No Cars Available,42565.37,,8.00,,,,,,,,
4493,City,,No Cars Available,42565.37,,8.00,,,,,,,,
4494,City,,No Cars Available,42565.37,,8.00,,,,,,,,
4490,City,,No Cars Available,42565.38,,9.00,,,,,,,,
4508,City,,No Cars Available,42565.38,,9.00,,,,,,,,
4495,City,,No Cars Available,42565.38,,9.00,,,,,,,,
4513,City,,No Cars Available,42565.38,,9.00,,,,,,,,
4502,City,,No Cars Available,42565.38,,9.00,,,,,,,,
4528,City,,No Cars Available,42565.39,,9.00,,,,,,,,
4526,City,,No Cars Available,42565.40,,9.00,,,,,,,,
4522,Airport,,No Cars Available,42565.40,,9.00,,,,,,,,
4537,City,,No Cars Available,42565.40,,9.00,,,,,,,,
4541,City,,No Cars Available,42565.40,,9.00,,,,,,,,
4550,City,,No Cars Available,42565.40,,9.00,,,,,,,,
4554,City,,No Cars Available,42565.40,,9.00,,,,,,,,
4551,City,,No Cars Available,42565.40,,9.00,,,,,,,,
4553,Airport,,No Cars Available,42565.41,,9.00,,,,,,,,
4565,City,,No Cars Available,42565.41,,9.00,,,,,,,,
4549,Airport,,No Cars Available,42565.41,,9.00,,,,,,,,
4548,City,,No Cars Available,42565.41,,9.00,,,,,,,,
4555,City,,No Cars Available,42565.41,,9.00,,,,,,,,
4559,City,,No Cars Available,42565.41,,9.00,,,,,,,,
4564,City,,No Cars Available,42565.41,,9.00,,,,,,,,
4587,City,,No Cars Available,42565.42,,9.00,,,,,,,,
4584,City,,No Cars Available,42565.42,,10.00,,,,,,,,
4585,City,,No Cars Available,42565.42,,10.00,,,,,,,,
4583,City,,No Cars Available,42565.42,,10.00,,,,,,,,
4582,City,,No Cars Available,42565.42,,10.00,,,,,,,,
4589,City,,No Cars Available,42565.42,,10.00,,,,,,,,
4596,City,,No Cars Available,42565.42,,10.00,,,,,,,,
4595,City,,No Cars Available,42565.42,,10.00,,,,,,,,
4591,City,,No Cars Available,42565.42,,10.00,,,,,,,,
4597,City,,No Cars Available,42565.42,,10.00,,,,,,,,
4598,City,,No Cars Available,42565.43,,10.00,,,,,,,,
4590,City,,No Cars Available,42565.43,,10.00,,,,,,,,
4606,Airport,,No Cars Available,42565.43,,10.00,,,,,,,,
4608,Airport,,No Cars Available,42565.43,,10.00,,,,,,,,
4604,City,,No Cars Available,42565.43,,10.00,,,,,,,,
4613,City,,No Cars Available,42565.45,,10.00,,,,,,,,
4616,City,,No Cars Available,42565.46,,10.00,,,,,,,,
4622,Airport,,No Cars Available,42565.46,,11.00,,,,,,,,
4617,City,,No Cars Available,42565.46,,11.00,,,,,,,,
4619,Airport,,No Cars Available,42565.46,,11.00,,,,,,,,
4629,City,,No Cars Available,42565.47,,11.00,,,,,,,,
4633,City,,No Cars Available,42565.47,,11.00,,,,,,,,
4634,City,,No Cars Available,42565.48,,11.00,,,,,,,,
4636,City,,No Cars Available,42565.48,,11.00,,,,,,,,
4640,Airport,,No Cars Available,42565.49,,11.00,,,,,,,,
4647,City,,No Cars Available,42565.49,,11.00,,,,,,,,
4650,Airport,,No Cars Available,42565.50,,11.00,,,,,,,,
4662,Airport,,No Cars Available,42565.51,,12.00,,,,,,,,
4660,City,,No Cars Available,42565.51,,12.00,,,,,,,,
4666,Airport,,No Cars Available,42565.52,,12.00,,,,,,,,
4670,Airport,,No Cars Available,42565.53,,12.00,,,,,,,,
4675,City,,No Cars Available,42565.53,,12.00,,,,,,,,
4676,Airport,,No Cars Available,42565.53,,12.00,,,,,,,,
4682,Airport,,No Cars Available,42565.53,,12.00,,,,,,,,
4678,City,,No Cars Available,42565.53,,12.00,,,,,,,,
4688,Airport,,No Cars Available,42565.54,,13.00,,,,,,,,
4692,City,,No Cars Available,42565.55,,13.00,,,,,,,,
4689,City,,No Cars Available,42565.55,,13.00,,,,,,,,
4697,City,,No Cars Available,42565.55,,13.00,,,,,,,,
4705,Airport,,No Cars Available,42565.55,,13.00,,,,,,,,
4707,City,,No Cars Available,42565.55,,13.00,,,,,,,,
4704,City,,No Cars Available,42565.55,,13.00,,,,,,,,
4708,City,,No Cars Available,42565.55,,13.00,,,,,,,,
4703,Airport,,No Cars Available,42565.55,,13.00,,,,,,,,
4725,Airport,,No Cars Available,42565.58,,13.00,,,,,,,,
4734,Airport,,No Cars Available,42565.61,,14.00,,,,,,,,
4742,Airport,,No Cars Available,42565.63,,15.00,,,,,,,,
4744,Airport,,No Cars Available,42565.63,,15.00,,,,,,,,
4746,City,,No Cars Available,42565.63,,15.00,,,,,,,,
4749,Airport,,No Cars Available,42565.63,,15.00,,,,,,,,
4764,City,,No Cars Available,42565.65,,15.00,,,,,,,,
4763,City,,No Cars Available,42565.65,,15.00,,,,,,,,
4772,City,,No Cars Available,42565.66,,15.00,,,,,,,,
4778,City,,No Cars Available,42565.68,,16.00,,,,,,,,
4781,Airport,,No Cars Available,42565.69,,16.00,,,,,,,,
4782,Airport,,No Cars Available,42565.69,,16.00,,,,,,,,
4785,City,,No Cars Available,42565.70,,16.00,,,,,,,,
4789,City,,No Cars Available,42565.70,,16.00,,,,,,,,
4793,City,,No Cars Available,42565.70,,16.00,,,,,,,,
4794,City,,No Cars Available,42565.70,,16.00,,,,,,,,
4804,City,,No Cars Available,42565.71,,17.00,,,,,,,,
4806,City,,No Cars Available,42565.71,,17.00,,,,,,,,
4808,Airport,,No Cars Available,42565.72,,17.00,,,,,,,,
4809,Airport,,No Cars Available,42565.72,,17.00,,,,,,,,
4816,Airport,,No Cars Available,42565.72,,17.00,,,,,,,,
4807,Airport,,No Cars Available,42565.72,,17.00,,,,,,,,
4817,Airport,,No Cars Available,42565.72,,17.00,,,,,,,,
4819,Airport,,No Cars Available,42565.72,,17.00,,,,,,,,
4811,Airport,,No Cars Available,42565.72,,17.00,,,,,,,,
4818,Airport,,No Cars Available,42565.72,,17.00,,,,,,,,
4836,Airport,,No Cars Available,42565.72,,17.00,,,,,,,,
4821,Airport,,No Cars Available,42565.72,,17.00,,,,,,,,
4826,Airport,,No Cars Available,42565.73,,17.00,,,,,,,,
4824,Airport,,No Cars Available,42565.73,,17.00,,,,,,,,
4820,Airport,,No Cars Available,42565.73,,17.00,,,,,,,,
4827,Airport,,No Cars Available,42565.73,,17.00,,,,,,,,
4832,Airport,,No Cars Available,42565.73,,17.00,,,,,,,,
4838,Airport,,No Cars Available,42565.73,,17.00,,,,,,,,
4840,Airport,,No Cars Available,42565.73,,17.00,,,,,,,,
4835,Airport,,No Cars Available,42565.73,,17.00,,,,,,,,
4841,Airport,,No Cars Available,42565.73,,17.00,,,,,,,,
4843,Airport,,No Cars Available,42565.73,,17.00,,,,,,,,
4839,Airport,,No Cars Available,42565.73,,17.00,,,,,,,,
4844,Airport,,No Cars Available,42565.73,,17.00,,,,,,,,
4833,Airport,,No Cars Available,42565.73,,17.00,,,,,,,,
4837,Airport,,No Cars Available,42565.73,,17.00,,,,,,,,
4853,Airport,,No Cars Available,42565.73,,17.00,,,,,,,,
4852,City,,No Cars Available,42565.73,,17.00,,,,,,,,
4856,Airport,,No Cars Available,42565.73,,17.00,,,,,,,,
4855,Airport,,No Cars Available,42565.73,,17.00,,,,,,,,
4861,Airport,,No Cars Available,42565.73,,17.00,,,,,,,,
4846,Airport,,No Cars Available,42565.73,,17.00,,,,,,,,
4864,Airport,,No Cars Available,42565.73,,17.00,,,,,,,,
4842,Airport,,No Cars Available,42565.73,,17.00,,,,,,,,
4851,Airport,,No Cars Available,42565.73,,17.00,,,,,,,,
4845,Airport,,No Cars Available,42565.73,,17.00,,,,,,,,
4860,Airport,,No Cars Available,42565.74,,17.00,,,,,,,,
4871,Airport,,No Cars Available,42565.74,,17.00,,,,,,,,
4870,Airport,,No Cars Available,42565.74,,17.00,,,,,,,,
4873,Airport,,No Cars Available,42565.74,,17.00,,,,,,,,
4868,Airport,,No Cars Available,42565.74,,17.00,,,,,,,,
4874,Airport,,No Cars Available,42565.74,,17.00,,,,,,,,
4867,Airport,,No Cars Available,42565.74,,17.00,,,,,,,,
4878,Airport,,No Cars Available,42565.74,,17.00,,,,,,,,
4872,Airport,,No Cars Available,42565.74,,17.00,,,,,,,,
4877,Airport,,No Cars Available,42565.74,,17.00,,,,,,,,
4888,Airport,,No Cars Available,42565.74,,17.00,,,,,,,,
4882,Airport,,No Cars Available,42565.75,,17.00,,,,,,,,
4891,Airport,,No Cars Available,42565.75,,17.00,,,,,,,,
4881,Airport,,No Cars Available,42565.75,,17.00,,,,,,,,
4883,Airport,,No Cars Available,42565.75,,17.00,,,,,,,,
4887,Airport,,No Cars Available,42565.75,,17.00,,,,,,,,
4896,Airport,,No Cars Available,42565.75,,17.00,,,,,,,,
4893,Airport,,No Cars Available,42565.75,,18.00,,,,,,,,
4897,Airport,,No Cars Available,42565.75,,18.00,,,,,,,,
4910,Airport,,No Cars Available,42565.75,,18.00,,,,,,,,
4900,Airport,,No Cars Available,42565.75,,18.00,,,,,,,,
4894,Airport,,No Cars Available,42565.75,,18.00,,,,,,,,
4895,Airport,,No Cars Available,42565.75,,18.00,,,,,,,,
4914,Airport,,No Cars Available,42565.76,,18.00,,,,,,,,
4907,Airport,,No Cars Available,42565.76,,18.00,,,,,,,,
4903,Airport,,No Cars Available,42565.76,,18.00,,,,,,,,
4913,Airport,,No Cars Available,42565.76,,18.00,,,,,,,,
4912,Airport,,No Cars Available,42565.76,,18.00,,,,,,,,
4917,Airport,,No Cars Available,42565.76,,18.00,,,,,,,,
4918,Airport,,No Cars Available,42565.76,,18.00,,,,,,,,
4923,Airport,,No Cars Available,42565.76,,18.00,,,,,,,,
4916,Airport,,No Cars Available,42565.76,,18.00,,,,,,,,
4924,Airport,,No Cars Available,42565.76,,18.00,,,,,,,,
4920,Airport,,No Cars Available,42565.76,,18.00,,,,,,,,
4922,Airport,,No Cars Available,42565.76,,18.00,,,,,,,,
4927,Airport,,No Cars Available,42565.76,,18.00,,,,,,,,
4925,Airport,,No Cars Available,42565.76,,18.00,,,,,,,,
4934,Airport,,No Cars Available,42565.76,,18.00,,,,,,,,
4930,Airport,,No Cars Available,42565.77,,18.00,,,,,,,,
4935,Airport,,No Cars Available,42565.77,,18.00,,,,,,,,
4946,Airport,,No Cars Available,42565.77,,18.00,,,,,,,,
4942,Airport,,No Cars Available,42565.77,,18.00,,,,,,,,
4939,Airport,,No Cars Available,42565.77,,18.00,,,,,,,,
4945,Airport,,No Cars Available,42565.77,,18.00,,,,,,,,
4952,Airport,,No Cars Available,42565.77,,18.00,,,,,,,,
4956,Airport,,No Cars Available,42565.77,,18.00,,,,,,,,
4947,Airport,,No Cars Available,42565.77,,18.00,,,,,,,,
4955,Airport,,No Cars Available,42565.77,,18.00,,,,,,,,
4959,Airport,,No Cars Available,42565.77,,18.00,,,,,,,,
4962,Airport,,No Cars Available,42565.77,,18.00,,,,,,,,
4961,Airport,,No Cars Available,42565.77,,18.00,,,,,,,,
4957,Airport,,No Cars Available,42565.77,,18.00,,,,,,,,
4960,Airport,,No Cars Available,42565.78,,18.00,,,,,,,,
4953,Airport,,No Cars Available,42565.78,,18.00,,,,,,,,
4951,Airport,,No Cars Available,42565.78,,18.00,,,,,,,,
4967,Airport,,No Cars Available,42565.78,,18.00,,,,,,,,
4954,Airport,,No Cars Available,42565.78,,18.00,,,,,,,,
4965,Airport,,No Cars Available,42565.78,,18.00,,,,,,,,
4972,Airport,,No Cars Available,42565.78,,18.00,,,,,,,,
4983,City,,No Cars Available,42565.78,,18.00,,,,,,,,
4989,Airport,,No Cars Available,42565.78,,18.00,,,,,,,,
4973,Airport,,No Cars Available,42565.78,,18.00,,,,,,,,
4980,Airport,,No Cars Available,42565.78,,18.00,,,,,,,,
4982,Airport,,No Cars Available,42565.78,,18.00,,,,,,,,
4970,Airport,,No Cars Available,42565.78,,18.00,,,,,,,,
4984,Airport,,No Cars Available,42565.78,,18.00,,,,,,,,
4990,Airport,,No Cars Available,42565.78,,18.00,,,,,,,,
4985,Airport,,No Cars Available,42565.78,,18.00,,,,,,,,
4992,Airport,,No Cars Available,42565.78,,18.00,,,,,,,,
4991,Airport,,No Cars Available,42565.78,,18.00,,,,,,,,
4979,Airport,,No Cars Available,42565.78,,18.00,,,,,,,,
4994,Airport,,No Cars Available,42565.79,,18.00,,,,,,,,
4993,Airport,,No Cars Available,42565.79,,18.00,,,,,,,,
4988,Airport,,No Cars Available,42565.79,,18.00,,,,,,,,
4995,Airport,,No Cars Available,42565.79,,18.00,,,,,,,,
5000,Airport,,No Cars Available,42565.79,,18.00,,,,,,,,
5002,Airport,,No Cars Available,42565.79,,18.00,,,,,,,,
5004,Airport,,No Cars Available,42565.79,,18.00,,,,,,,,
5006,Airport,,No Cars Available,42565.79,,18.00,,,,,,,,
5007,Airport,,No Cars Available,42565.79,,18.00,,,,,,,,
5003,Airport,,No Cars Available,42565.79,,18.00,,,,,,,,
5009,Airport,,No Cars Available,42565.79,,19.00,,,,,,,,
4999,Airport,,No Cars Available,42565.79,,19.00,,,,,,,,
5008,Airport,,No Cars Available,42565.79,,19.00,,,,,,,,
5011,Airport,,No Cars Available,42565.79,,19.00,,,,,,,,
5014,City,,No Cars Available,42565.79,,19.00,,,,,,,,
5015,Airport,,No Cars Available,42565.79,,19.00,,,,,,,,
5005,Airport,,No Cars Available,42565.79,,19.00,,,,,,,,
5010,Airport,,No Cars Available,42565.80,,19.00,,,,,,,,
5026,Airport,,No Cars Available,42565.80,,19.00,,,,,,,,
5022,Airport,,No Cars Available,42565.80,,19.00,,,,,,,,
5016,Airport,,No Cars Available,42565.80,,19.00,,,,,,,,
5021,Airport,,No Cars Available,42565.80,,19.00,,,,,,,,
5020,Airport,,No Cars Available,42565.80,,19.00,,,,,,,,
5018,Airport,,No Cars Available,42565.80,,19.00,,,,,,,,
5037,Airport,,No Cars Available,42565.80,,19.00,,,,,,,,
5027,Airport,,No Cars Available,42565.80,,19.00,,,,,,,,
5030,Airport,,No Cars Available,42565.80,,19.00,,,,,,,,
5034,Airport,,No Cars Available,42565.80,,19.00,,,,,,,,
5028,Airport,,No Cars Available,42565.80,,19.00,,,,,,,,
5036,Airport,,No Cars Available,42565.80,,19.00,,,,,,,,
5048,Airport,,No Cars Available,42565.80,,19.00,,,,,,,,
5035,Airport,,No Cars Available,42565.80,,19.00,,,,,,,,
5040,Airport,,No Cars Available,42565.81,,19.00,,,,,,,,
5043,Airport,,No Cars Available,42565.81,,19.00,,,,,,,,
5059,Airport,,No Cars Available,42565.81,,19.00,,,,,,,,
5047,Airport,,No Cars Available,42565.81,,19.00,,,,,,,,
5045,Airport,,No Cars Available,42565.81,,19.00,,,,,,,,
5055,Airport,,No Cars Available,42565.81,,19.00,,,,,,,,
5044,Airport,,No Cars Available,42565.81,,19.00,,,,,,,,
5062,Airport,,No Cars Available,42565.81,,19.00,,,,,,,,
5057,Airport,,No Cars Available,42565.81,,19.00,,,,,,,,
5049,Airport,,No Cars Available,42565.81,,19.00,,,,,,,,
5054,Airport,,No Cars Available,42565.81,,19.00,,,,,,,,
5052,Airport,,No Cars Available,42565.81,,19.00,,,,,,,,
5046,Airport,,No Cars Available,42565.81,,19.00,,,,,,,,
5058,Airport,,No Cars Available,42565.81,,19.00,,,,,,,,
5053,Airport,,No Cars Available,42565.81,,19.00,,,,,,,,
5063,Airport,,No Cars Available,42565.81,,19.00,,,,,,,,
5068,Airport,,No Cars Available,42565.81,,19.00,,,,,,,,
5065,Airport,,No Cars Available,42565.81,,19.00,,,,,,,,
5069,Airport,,No Cars Available,42565.81,,19.00,,,,,,,,
5067,Airport,,No Cars Available,42565.82,,19.00,,,,,,,,
5074,Airport,,No Cars Available,42565.82,,19.00,,,,,,,,
5073,Airport,,No Cars Available,42565.82,,19.00,,,,,,,,
5072,Airport,,No Cars Available,42565.82,,19.00,,,,,,,,
5078,Airport,,No Cars Available,42565.82,,19.00,,,,,,,,
5083,Airport,,No Cars Available,42565.82,,19.00,,,,,,,,
5080,Airport,,No Cars Available,42565.82,,19.00,,,,,,,,
5085,Airport,,No Cars Available,42565.82,,19.00,,,,,,,,
5077,Airport,,No Cars Available,42565.82,,19.00,,,,,,,,
5084,Airport,,No Cars Available,42565.82,,19.00,,,,,,,,
5090,Airport,,No Cars Available,42565.82,,19.00,,,,,,,,
5092,Airport,,No Cars Available,42565.82,,19.00,,,,,,,,
5082,Airport,,No Cars Available,42565.83,,19.00,,,,,,,,
5091,Airport,,No Cars Available,42565.83,,19.00,,,,,,,,
5087,Airport,,No Cars Available,42565.83,,19.00,,,,,,,,
5093,Airport,,No Cars Available,42565.83,,19.00,,,,,,,,
5081,Airport,,No Cars Available,42565.83,,19.00,,,,,,,,
5102,Airport,,No Cars Available,42565.83,,19.00,,,,,,,,
5114,Airport,,No Cars Available,42565.83,,19.00,,,,,,,,
5094,Airport,,No Cars Available,42565.83,,19.00,,,,,,,,
5103,Airport,,No Cars Available,42565.83,,19.00,,,,,,,,
5101,City,,No Cars Available,42565.83,,19.00,,,,,,,,
5107,City,,No Cars Available,42565.83,,19.00,,,,,,,,
5119,Airport,,No Cars Available,42565.83,,19.00,,,,,,,,
5104,Airport,,No Cars Available,42565.83,,19.00,,,,,,,,
5109,Airport,,No Cars Available,42565.83,,19.00,,,,,,,,
5112,Airport,,No Cars Available,42565.83,,19.00,,,,,,,,
5117,Airport,,No Cars Available,42565.83,,19.00,,,,,,,,
5099,Airport,,No Cars Available,42565.83,,19.00,,,,,,,,
5118,City,,No Cars Available,42565.83,,20.00,,,,,,,,
5106,Airport,,No Cars Available,42565.83,,20.00,,,,,,,,
5110,Airport,,No Cars Available,42565.83,,20.00,,,,,,,,
5111,Airport,,No Cars Available,42565.84,,20.00,,,,,,,,
5120,Airport,,No Cars Available,42565.84,,20.00,,,,,,,,
5121,Airport,,No Cars Available,42565.84,,20.00,,,,,,,,
5123,Airport,,No Cars Available,42565.84,,20.00,,,,,,,,
5124,Airport,,No Cars Available,42565.84,,20.00,,,,,,,,
5127,Airport,,No Cars Available,42565.84,,20.00,,,,,,,,
5126,Airport,,No Cars Available,42565.84,,20.00,,,,,,,,
5125,Airport,,No Cars Available,42565.84,,20.00,,,,,,,,
5113,City,,No Cars Available,42565.84,,20.00,,,,,,,,
5130,Airport,,No Cars Available,42565.84,,20.00,,,,,,,,
5129,Airport,,No Cars Available,42565.84,,20.00,,,,,,,,
5138,Airport,,No Cars Available,42565.84,,20.00,,,,,,,,
5128,Airport,,No Cars Available,42565.84,,20.00,,,,,,,,
5131,City,,No Cars Available,42565.84,,20.00,,,,,,,,
5134,Airport,,No Cars Available,42565.84,,20.00,,,,,,,,
5137,Airport,,No Cars Available,42565.84,,20.00,,,,,,,,
5143,Airport,,No Cars Available,42565.84,,20.00,,,,,,,,
5140,Airport,,No Cars Available,42565.84,,20.00,,,,,,,,
5139,Airport,,No Cars Available,42565.84,,20.00,,,,,,,,
5135,Airport,,No Cars Available,42565.84,,20.00,,,,,,,,
5146,Airport,,No Cars Available,42565.84,,20.00,,,,,,,,
5148,Airport,,No Cars Available,42565.85,,20.00,,,,,,,,
5151,Airport,,No Cars Available,42565.85,,20.00,,,,,,,,
5136,Airport,,No Cars Available,42565.85,,20.00,,,,,,,,
5147,Airport,,No Cars Available,42565.85,,20.00,,,,,,,,
5159,Airport,,No Cars Available,42565.85,,20.00,,,,,,,,
5152,Airport,,No Cars Available,42565.85,,20.00,,,,,,,,
5162,Airport,,No Cars Available,42565.85,,20.00,,,,,,,,
5161,Airport,,No Cars Available,42565.85,,20.00,,,,,,,,
5150,Airport,,No Cars Available,42565.85,,20.00,,,,,,,,
5156,Airport,,No Cars Available,42565.85,,20.00,,,,,,,,
5155,Airport,,No Cars Available,42565.85,,20.00,,,,,,,,
5158,Airport,,No Cars Available,42565.85,,20.00,,,,,,,,
5170,Airport,,No Cars Available,42565.85,,20.00,,,,,,,,
5165,Airport,,No Cars Available,42565.85,,20.00,,,,,,,,
5169,Airport,,No Cars Available,42565.86,,20.00,,,,,,,,
5157,Airport,,No Cars Available,42565.86,,20.00,,,,,,,,
5177,Airport,,No Cars Available,42565.86,,20.00,,,,,,,,
5167,Airport,,No Cars Available,42565.86,,20.00,,,,,,,,
5173,Airport,,No Cars Available,42565.86,,20.00,,,,,,,,
5168,Airport,,No Cars Available,42565.86,,20.00,,,,,,,,
5166,Airport,,No Cars Available,42565.86,,20.00,,,,,,,,
5183,Airport,,No Cars Available,42565.86,,20.00,,,,,,,,
5178,Airport,,No Cars Available,42565.86,,20.00,,,,,,,,
5180,Airport,,No Cars Available,42565.86,,20.00,,,,,,,,
5179,Airport,,No Cars Available,42565.86,,20.00,,,,,,,,
5172,Airport,,No Cars Available,42565.86,,20.00,,,,,,,,
5182,Airport,,No Cars Available,42565.86,,20.00,,,,,,,,
5181,Airport,,No Cars Available,42565.86,,20.00,,,,,,,,
5187,Airport,,No Cars Available,42565.86,,20.00,,,,,,,,
5189,Airport,,No Cars Available,42565.86,,20.00,,,,,,,,
5186,Airport,,No Cars Available,42565.86,,20.00,,,,,,,,
5191,City,,No Cars Available,42565.87,,20.00,,,,,,,,
5188,Airport,,No Cars Available,42565.87,,20.00,,,,,,,,
5196,Airport,,No Cars Available,42565.87,,20.00,,,,,,,,
5190,Airport,,No Cars Available,42565.87,,20.00,,,,,,,,
5201,Airport,,No Cars Available,42565.87,,20.00,,,,,,,,
5197,Airport,,No Cars Available,42565.87,,20.00,,,,,,,,
5195,Airport,,No Cars Available,42565.87,,20.00,,,,,,,,
5192,Airport,,No Cars Available,42565.87,,20.00,,,,,,,,
5211,Airport,,No Cars Available,42565.87,,20.00,,,,,,,,
5204,City,,No Cars Available,42565.87,,20.00,,,,,,,,
5203,Airport,,No Cars Available,42565.87,,20.00,,,,,,,,
5206,Airport,,No Cars Available,42565.87,,20.00,,,,,,,,
5212,Airport,,No Cars Available,42565.87,,20.00,,,,,,,,
5218,Airport,,No Cars Available,42565.87,,20.00,,,,,,,,
5205,Airport,,No Cars Available,42565.87,,20.00,,,,,,,,
5215,Airport,,No Cars Available,42565.87,,20.00,,,,,,,,
5213,Airport,,No Cars Available,42565.88,,21.00,,,,,,,,
5229,Airport,,No Cars Available,42565.88,,21.00,,,,,,,,
5223,Airport,,No Cars Available,42565.88,,21.00,,,,,,,,
5220,Airport,,No Cars Available,42565.88,,21.00,,,,,,,,
5222,Airport,,No Cars Available,42565.88,,21.00,,,,,,,,
5226,Airport,,No Cars Available,42565.88,,21.00,,,,,,,,
5238,Airport,,No Cars Available,42565.88,,21.00,,,,,,,,
5236,Airport,,No Cars Available,42565.88,,21.00,,,,,,,,
5231,Airport,,No Cars Available,42565.88,,21.00,,,,,,,,
5230,Airport,,No Cars Available,42565.88,,21.00,,,,,,,,
5237,Airport,,No Cars Available,42565.88,,21.00,,,,,,,,
5232,Airport,,No Cars Available,42565.88,,21.00,,,,,,,,
5240,Airport,,No Cars Available,42565.88,,21.00,,,,,,,,
5233,City,,No Cars Available,42565.88,,21.00,,,,,,,,
5239,Airport,,No Cars Available,42565.88,,21.00,,,,,,,,
5242,Airport,,No Cars Available,42565.88,,21.00,,,,,,,,
5246,Airport,,No Cars Available,42565.88,,21.00,,,,,,,,
5228,Airport,,No Cars Available,42565.89,,21.00,,,,,,,,
5249,Airport,,No Cars Available,42565.89,,21.00,,,,,,,,
5245,Airport,,No Cars Available,42565.89,,21.00,,,,,,,,
5257,Airport,,No Cars Available,42565.89,,21.00,,,,,,,,
5247,Airport,,No Cars Available,42565.89,,21.00,,,,,,,,
5244,Airport,,No Cars Available,42565.89,,21.00,,,,,,,,
5252,Airport,,No Cars Available,42565.89,,21.00,,,,,,,,
5250,Airport,,No Cars Available,42565.89,,21.00,,,,,,,,
5253,Airport,,No Cars Available,42565.89,,21.00,,,,,,,,
5256,Airport,,No Cars Available,42565.89,,21.00,,,,,,,,
5261,Airport,,No Cars Available,42565.89,,21.00,,,,,,,,
5260,Airport,,No Cars Available,42565.89,,21.00,,,,,,,,
5258,Airport,,No Cars Available,42565.89,,21.00,,,,,,,,
5267,Airport,,No Cars Available,42565.89,,21.00,,,,,,,,
5262,Airport,,No Cars Available,42565.90,,21.00,,,,,,,,
5259,Airport,,No Cars Available,42565.90,,21.00,,,,,,,,
5265,Airport,,No Cars Available,42565.90,,21.00,,,,,,,,
5280,Airport,,No Cars Available,42565.90,,21.00,,,,,,,,
5279,Airport,,No Cars Available,42565.90,,21.00,,,,,,,,
5264,Airport,,No Cars Available,42565.90,,21.00,,,,,,,,
5281,Airport,,No Cars Available,42565.90,,21.00,,,,,,,,
5269,Airport,,No Cars Available,42565.90,,21.00,,,,,,,,
5277,Airport,,No Cars Available,42565.90,,21.00,,,,,,,,
5282,Airport,,No Cars Available,42565.90,,21.00,,,,,,,,
5278,Airport,,No Cars Available,42565.90,,21.00,,,,,,,,
5283,Airport,,No Cars Available,42565.90,,21.00,,,,,,,,
5274,Airport,,No Cars Available,42565.90,,21.00,,,,,,,,
5301,Airport,,No Cars Available,42565.91,,21.00,,,,,,,,
5296,Airport,,No Cars Available,42565.91,,21.00,,,,,,,,
5299,Airport,,No Cars Available,42565.91,,21.00,,,,,,,,
5293,Airport,,No Cars Available,42565.91,,21.00,,,,,,,,
5292,Airport,,No Cars Available,42565.91,,21.00,,,,,,,,
5302,Airport,,No Cars Available,42565.91,,21.00,,,,,,,,
5303,Airport,,No Cars Available,42565.91,,21.00,,,,,,,,
5298,Airport,,No Cars Available,42565.91,,21.00,,,,,,,,
5304,Airport,,No Cars Available,42565.91,,21.00,,,,,,,,
5305,Airport,,No Cars Available,42565.91,,21.00,,,,,,,,
5308,Airport,,No Cars Available,42565.92,,21.00,,,,,,,,
5309,Airport,,No Cars Available,42565.92,,21.00,,,,,,,,
5312,Airport,,No Cars Available,42565.92,,21.00,,,,,,,,
5311,Airport,,No Cars Available,42565.92,,22.00,,,,,,,,
5306,Airport,,No Cars Available,42565.92,,22.00,,,,,,,,
5307,Airport,,No Cars Available,42565.92,,22.00,,,,,,,,
5310,Airport,,No Cars Available,42565.92,,22.00,,,,,,,,
5315,Airport,,No Cars Available,42565.92,,22.00,,,,,,,,
5314,Airport,,No Cars Available,42565.92,,22.00,,,,,,,,
5322,Airport,,No Cars Available,42565.92,,22.00,,,,,,,,
5316,Airport,,No Cars Available,42565.92,,22.00,,,,,,,,
5319,Airport,,No Cars Available,42565.92,,22.00,,,,,,,,
5317,Airport,,No Cars Available,42565.92,,22.00,,,,,,,,
5323,Airport,,No Cars Available,42565.93,,22.00,,,,,,,,
5320,Airport,,No Cars Available,42565.93,,22.00,,,,,,,,
5324,Airport,,No Cars Available,42565.93,,22.00,,,,,,,,
5329,Airport,,No Cars Available,42565.93,,22.00,,,,,,,,
5330,Airport,,No Cars Available,42565.93,,22.00,,,,,,,,
5331,Airport,,No Cars Available,42565.93,,22.00,,,,,,,,
5333,Airport,,No Cars Available,42565.93,,22.00,,,,,,,,
5332,City,,No Cars Available,42565.93,,22.00,,,,,,,,
5334,City,,No Cars Available,42565.93,,22.00,,,,,,,,
5339,City,,No Cars Available,42565.94,,22.00,,,,,,,,
5343,City,,No Cars Available,42565.94,,22.00,,,,,,,,
5346,Airport,,No Cars Available,42565.95,,22.00,,,,,,,,
5353,Airport,,No Cars Available,42565.95,,22.00,,,,,,,,
5351,City,,No Cars Available,42565.95,,22.00,,,,,,,,
5356,Airport,,No Cars Available,42565.96,,23.00,,,,,,,,
5355,City,,No Cars Available,42565.97,,23.00,,,,,,,,
5363,Airport,,No Cars Available,42565.97,,23.00,,,,,,,,
5362,Airport,,No Cars Available,42565.97,,23.00,,,,,,,,
5361,Airport,,No Cars Available,42565.97,,23.00,,,,,,,,
5365,City,,No Cars Available,42565.98,,23.00,,,,,,,,
5372,City,,No Cars Available,42565.98,,23.00,,,,,,,,
5369,Airport,,No Cars Available,42565.99,,23.00,,,,,,,,
5371,Airport,,No Cars Available,42565.99,,23.00,,,,,,,,
5375,Airport,,No Cars Available,42565.99,,23.00,,,,,,,,
5376,City,,No Cars Available,42565.99,,23.00,,,,,,,,
5378,Airport,,No Cars Available,42565.99,,23.00,,,,,,,,
6765,Airport,,No Cars Available,42566.01,,0.00,,,,,,,,
5388,Airport,,No Cars Available,42566.01,,0.00,,,,,,,,
5387,City,,No Cars Available,42566.01,,0.00,,,,,,,,
5389,Airport,,No Cars Available,42566.01,,0.00,,,,,,,,
5386,City,,No Cars Available,42566.01,,0.00,,,,,,,,
5390,Airport,,No Cars Available,42566.02,,0.00,,,,,,,,
5391,City,,No Cars Available,42566.02,,0.00,,,,,,,,
5393,Airport,,No Cars Available,42566.02,,0.00,,,,,,,,
5397,City,,No Cars Available,42566.04,,0.00,,,,,,,,
5395,Airport,,No Cars Available,42566.04,,0.00,,,,,,,,
5398,City,,No Cars Available,42566.04,,1.00,,,,,,,,
5401,City,,No Cars Available,42566.04,,1.00,,,,,,,,
5403,Airport,,No Cars Available,42566.05,,1.00,,,,,,,,
5405,Airport,,No Cars Available,42566.06,,1.00,,,,,,,,
5406,City,,No Cars Available,42566.06,,1.00,,,,,,,,
5407,Airport,,No Cars Available,42566.06,,1.00,,,,,,,,
5408,City,,No Cars Available,42566.07,,1.00,,,,,,,,
5411,Airport,,No Cars Available,42566.07,,1.00,,,,,,,,
5412,Airport,,No Cars Available,42566.08,,1.00,,,,,,,,
5413,Airport,,No Cars Available,42566.08,,1.00,,,,,,,,
5414,Airport,,No Cars Available,42566.08,,1.00,,,,,,,,
5415,City,,No Cars Available,42566.08,,1.00,,,,,,,,
5416,City,,No Cars Available,42566.08,,1.00,,,,,,,,
5417,Airport,,No Cars Available,42566.08,,1.00,,,,,,,,
5420,Airport,,No Cars Available,42566.09,,2.00,,,,,,,,
5427,City,,No Cars Available,42566.10,,2.00,,,,,,,,
5426,Airport,,No Cars Available,42566.10,,2.00,,,,,,,,
5429,Airport,,No Cars Available,42566.11,,2.00,,,,,,,,
5433,City,,No Cars Available,42566.11,,2.00,,,,,,,,
5432,Airport,,No Cars Available,42566.11,,2.00,,,,,,,,
5438,City,,No Cars Available,42566.12,,2.00,,,,,,,,
5436,City,,No Cars Available,42566.12,,2.00,,,,,,,,
5443,City,,No Cars Available,42566.13,,3.00,,,,,,,,
5441,City,,No Cars Available,42566.13,,3.00,,,,,,,,
5445,Airport,,No Cars Available,42566.13,,3.00,,,,,,,,
5442,Airport,,No Cars Available,42566.13,,3.00,,,,,,,,
5439,City,,No Cars Available,42566.13,,3.00,,,,,,,,
5449,City,,No Cars Available,42566.14,,3.00,,,,,,,,
5447,City,,No Cars Available,42566.14,,3.00,,,,,,,,
5450,City,,No Cars Available,42566.14,,3.00,,,,,,,,
5451,Airport,,No Cars Available,42566.14,,3.00,,,,,,,,
5446,City,,No Cars Available,42566.14,,3.00,,,,,,,,
5452,Airport,,No Cars Available,42566.14,,3.00,,,,,,,,
5456,Airport,,No Cars Available,42566.16,,3.00,,,,,,,,
5454,Airport,,No Cars Available,42566.16,,3.00,,,,,,,,
5458,Airport,,No Cars Available,42566.17,,4.00,,,,,,,,
5459,Airport,,No Cars Available,42566.17,,4.00,,,,,,,,
5461,Airport,,No Cars Available,42566.17,,4.00,,,,,,,,
5462,Airport,,No Cars Available,42566.18,,4.00,,,,,,,,
5463,Airport,,No Cars Available,42566.18,,4.00,,,,,,,,
5464,City,,No Cars Available,42566.18,,4.00,,,,,,,,
5465,Airport,,No Cars Available,42566.19,,4.00,,,,,,,,
5466,Airport,,No Cars Available,42566.19,,4.00,,,,,,,,
5468,City,,No Cars Available,42566.19,,4.00,,,,,,,,
5467,City,,No Cars Available,42566.20,,4.00,,,,,,,,
5490,City,,No Cars Available,42566.20,,4.00,,,,,,,,
5483,Airport,,No Cars Available,42566.20,,4.00,,,,,,,,
5482,City,,No Cars Available,42566.20,,4.00,,,,,,,,
5485,Airport,,No Cars Available,42566.20,,4.00,,,,,,,,
5491,City,,No Cars Available,42566.21,,4.00,,,,,,,,
5492,City,,No Cars Available,42566.21,,5.00,,,,,,,,
5504,City,,No Cars Available,42566.21,,5.00,,,,,,,,
5507,City,,No Cars Available,42566.21,,5.00,,,,,,,,
5509,City,,No Cars Available,42566.21,,5.00,,,,,,,,
5516,City,,No Cars Available,42566.21,,5.00,,,,,,,,
5527,City,,No Cars Available,42566.22,,5.00,,,,,,,,
5530,City,,No Cars Available,42566.22,,5.00,,,,,,,,
5528,City,,No Cars Available,42566.22,,5.00,,,,,,,,
5523,City,,No Cars Available,42566.22,,5.00,,,,,,,,
5532,City,,No Cars Available,42566.22,,5.00,,,,,,,,
5539,City,,No Cars Available,42566.23,,5.00,,,,,,,,
5542,City,,No Cars Available,42566.23,,5.00,,,,,,,,
5541,City,,No Cars Available,42566.23,,5.00,,,,,,,,
5546,City,,No Cars Available,42566.23,,5.00,,,,,,,,
5550,City,,No Cars Available,42566.23,,5.00,,,,,,,,
5561,City,,No Cars Available,42566.24,,5.00,,,,,,,,
5562,Airport,,No Cars Available,42566.24,,5.00,,,,,,,,
5563,City,,No Cars Available,42566.24,,5.00,,,,,,,,
5567,City,,No Cars Available,42566.24,,5.00,,,,,,,,
5571,City,,No Cars Available,42566.24,,5.00,,,,,,,,
5589,City,,No Cars Available,42566.25,,5.00,,,,,,,,
5574,City,,No Cars Available,42566.25,,5.00,,,,,,,,
5579,City,,No Cars Available,42566.25,,5.00,,,,,,,,
5588,City,,No Cars Available,42566.25,,5.00,,,,,,,,
5593,City,,No Cars Available,42566.25,,6.00,,,,,,,,
5599,City,,No Cars Available,42566.26,,6.00,,,,,,,,
5601,Airport,,No Cars Available,42566.26,,6.00,,,,,,,,
5595,City,,No Cars Available,42566.26,,6.00,,,,,,,,
5602,City,,No Cars Available,42566.26,,6.00,,,,,,,,
5592,City,,No Cars Available,42566.26,,6.00,,,,,,,,
5610,City,,No Cars Available,42566.26,,6.00,,,,,,,,
5607,City,,No Cars Available,42566.26,,6.00,,,,,,,,
5616,City,,No Cars Available,42566.26,,6.00,,,,,,,,
5611,City,,No Cars Available,42566.26,,6.00,,,,,,,,
5624,City,,No Cars Available,42566.27,,6.00,,,,,,,,
5625,City,,No Cars Available,42566.27,,6.00,,,,,,,,
5620,City,,No Cars Available,42566.27,,6.00,,,,,,,,
5633,City,,No Cars Available,42566.28,,6.00,,,,,,,,
5670,City,,No Cars Available,42566.29,,6.00,,,,,,,,
5657,City,,No Cars Available,42566.29,,7.00,,,,,,,,
5669,City,,No Cars Available,42566.29,,7.00,,,,,,,,
5658,City,,No Cars Available,42566.29,,7.00,,,,,,,,
5667,City,,No Cars Available,42566.30,,7.00,,,,,,,,
5680,City,,No Cars Available,42566.30,,7.00,,,,,,,,
5684,City,,No Cars Available,42566.31,,7.00,,,,,,,,
5695,City,,No Cars Available,42566.31,,7.00,,,,,,,,
5692,Airport,,No Cars Available,42566.31,,7.00,,,,,,,,
5693,City,,No Cars Available,42566.31,,7.00,,,,,,,,
5722,City,,No Cars Available,42566.32,,7.00,,,,,,,,
5712,City,,No Cars Available,42566.32,,7.00,,,,,,,,
5721,City,,No Cars Available,42566.32,,7.00,,,,,,,,
5727,City,,No Cars Available,42566.32,,7.00,,,,,,,,
5725,City,,No Cars Available,42566.32,,7.00,,,,,,,,
5726,City,,No Cars Available,42566.32,,7.00,,,,,,,,
5739,City,,No Cars Available,42566.33,,7.00,,,,,,,,
5744,City,,No Cars Available,42566.33,,7.00,,,,,,,,
5745,City,,No Cars Available,42566.33,,7.00,,,,,,,,
5747,City,,No Cars Available,42566.33,,7.00,,,,,,,,
5743,City,,No Cars Available,42566.33,,7.00,,,,,,,,
5758,City,,No Cars Available,42566.34,,8.00,,,,,,,,
5770,Airport,,No Cars Available,42566.34,,8.00,,,,,,,,
5762,City,,No Cars Available,42566.35,,8.00,,,,,,,,
5773,City,,No Cars Available,42566.35,,8.00,,,,,,,,
5776,City,,No Cars Available,42566.35,,8.00,,,,,,,,
5777,City,,No Cars Available,42566.35,,8.00,,,,,,,,
5779,City,,No Cars Available,42566.35,,8.00,,,,,,,,
5797,City,,No Cars Available,42566.36,,8.00,,,,,,,,
5803,City,,No Cars Available,42566.36,,8.00,,,,,,,,
5796,City,,No Cars Available,42566.36,,8.00,,,,,,,,
5804,City,,No Cars Available,42566.36,,8.00,,,,,,,,
5813,City,,No Cars Available,42566.37,,8.00,,,,,,,,
5810,City,,No Cars Available,42566.37,,8.00,,,,,,,,
5818,City,,No Cars Available,42566.37,,8.00,,,,,,,,
5819,City,,No Cars Available,42566.37,,8.00,,,,,,,,
5837,City,,No Cars Available,42566.37,,8.00,,,,,,,,
5829,City,,No Cars Available,42566.38,,9.00,,,,,,,,
5845,City,,No Cars Available,42566.38,,9.00,,,,,,,,
5841,City,,No Cars Available,42566.38,,9.00,,,,,,,,
5852,City,,No Cars Available,42566.38,,9.00,,,,,,,,
5840,City,,No Cars Available,42566.38,,9.00,,,,,,,,
5859,City,,No Cars Available,42566.38,,9.00,,,,,,,,
5858,City,,No Cars Available,42566.39,,9.00,,,,,,,,
5863,City,,No Cars Available,42566.39,,9.00,,,,,,,,
5882,City,,No Cars Available,42566.40,,9.00,,,,,,,,
5885,City,,No Cars Available,42566.40,,9.00,,,,,,,,
5881,City,,No Cars Available,42566.40,,9.00,,,,,,,,
5889,City,,No Cars Available,42566.40,,9.00,,,,,,,,
5909,City,,No Cars Available,42566.42,,10.00,,,,,,,,
5922,City,,No Cars Available,42566.42,,10.00,,,,,,,,
5931,City,,No Cars Available,42566.42,,10.00,,,,,,,,
5930,City,,No Cars Available,42566.43,,10.00,,,,,,,,
5934,Airport,,No Cars Available,42566.43,,10.00,,,,,,,,
5939,City,,No Cars Available,42566.43,,10.00,,,,,,,,
5937,City,,No Cars Available,42566.43,,10.00,,,,,,,,
5941,City,,No Cars Available,42566.43,,10.00,,,,,,,,
5946,City,,No Cars Available,42566.44,,10.00,,,,,,,,
5943,City,,No Cars Available,42566.44,,10.00,,,,,,,,
5954,City,,No Cars Available,42566.45,,10.00,,,,,,,,
5951,City,,No Cars Available,42566.45,,10.00,,,,,,,,
5959,City,,No Cars Available,42566.45,,10.00,,,,,,,,
5969,City,,No Cars Available,42566.46,,10.00,,,,,,,,
5965,City,,No Cars Available,42566.46,,10.00,,,,,,,,
5963,City,,No Cars Available,42566.46,,10.00,,,,,,,,
5968,City,,No Cars Available,42566.46,,11.00,,,,,,,,
5974,City,,No Cars Available,42566.47,,11.00,,,,,,,,
5975,City,,No Cars Available,42566.47,,11.00,,,,,,,,
5982,City,,No Cars Available,42566.49,,11.00,,,,,,,,
5985,City,,No Cars Available,42566.49,,11.00,,,,,,,,
5984,City,,No Cars Available,42566.49,,11.00,,,,,,,,
5995,City,,No Cars Available,42566.49,,11.00,,,,,,,,
5991,City,,No Cars Available,42566.49,,11.00,,,,,,,,
5997,City,,No Cars Available,42566.50,,11.00,,,,,,,,
5993,City,,No Cars Available,42566.50,,11.00,,,,,,,,
5999,City,,No Cars Available,42566.50,,12.00,,,,,,,,
5998,Airport,,No Cars Available,42566.50,,12.00,,,,,,,,
6005,City,,No Cars Available,42566.51,,12.00,,,,,,,,
6008,City,,No Cars Available,42566.51,,12.00,,,,,,,,
6011,City,,No Cars Available,42566.51,,12.00,,,,,,,,
6015,City,,No Cars Available,42566.52,,12.00,,,,,,,,
6012,Airport,,No Cars Available,42566.52,,12.00,,,,,,,,
6018,City,,No Cars Available,42566.52,,12.00,,,,,,,,
6019,City,,No Cars Available,42566.53,,12.00,,,,,,,,
6023,City,,No Cars Available,42566.53,,12.00,,,,,,,,
6025,City,,No Cars Available,42566.53,,12.00,,,,,,,,
6022,City,,No Cars Available,42566.54,,12.00,,,,,,,,
6029,City,,No Cars Available,42566.54,,12.00,,,,,,,,
6028,Airport,,No Cars Available,42566.54,,12.00,,,,,,,,
6034,City,,No Cars Available,42566.54,,12.00,,,,,,,,
6036,City,,No Cars Available,42566.54,,13.00,,,,,,,,
6040,City,,No Cars Available,42566.55,,13.00,,,,,,,,
6041,Airport,,No Cars Available,42566.55,,13.00,,,,,,,,
6038,City,,No Cars Available,42566.55,,13.00,,,,,,,,
6043,City,,No Cars Available,42566.55,,13.00,,,,,,,,
6044,City,,No Cars Available,42566.55,,13.00,,,,,,,,
6047,City,,No Cars Available,42566.56,,13.00,,,,,,,,
6048,City,,No Cars Available,42566.56,,13.00,,,,,,,,
6051,City,,No Cars Available,42566.56,,13.00,,,,,,,,
6052,City,,No Cars Available,42566.57,,13.00,,,,,,,,
6054,City,,No Cars Available,42566.57,,13.00,,,,,,,,
6053,City,,No Cars Available,42566.57,,13.00,,,,,,,,
6061,City,,No Cars Available,42566.57,,13.00,,,,,,,,
6059,Airport,,No Cars Available,42566.57,,13.00,,,,,,,,
6060,City,,No Cars Available,42566.57,,13.00,,,,,,,,
6065,City,,No Cars Available,42566.58,,13.00,,,,,,,,
6068,City,,No Cars Available,42566.58,,13.00,,,,,,,,
6071,City,,No Cars Available,42566.58,,14.00,,,,,,,,
6070,City,,No Cars Available,42566.59,,14.00,,,,,,,,
6072,City,,No Cars Available,42566.59,,14.00,,,,,,,,
6069,City,,No Cars Available,42566.59,,14.00,,,,,,,,
6077,City,,No Cars Available,42566.59,,14.00,,,,,,,,
6075,City,,No Cars Available,42566.59,,14.00,,,,,,,,
6078,City,,No Cars Available,42566.60,,14.00,,,,,,,,
6084,City,,No Cars Available,42566.60,,14.00,,,,,,,,
6085,City,,No Cars Available,42566.60,,14.00,,,,,,,,
6083,City,,No Cars Available,42566.60,,14.00,,,,,,,,
6094,City,,No Cars Available,42566.61,,14.00,,,,,,,,
6097,City,,No Cars Available,42566.61,,14.00,,,,,,,,
6092,Airport,,No Cars Available,42566.61,,14.00,,,,,,,,
6096,City,,No Cars Available,42566.61,,14.00,,,,,,,,
6095,City,,No Cars Available,42566.61,,14.00,,,,,,,,
6099,City,,No Cars Available,42566.61,,14.00,,,,,,,,
6109,City,,No Cars Available,42566.63,,15.00,,,,,,,,
6105,City,,No Cars Available,42566.63,,15.00,,,,,,,,
6110,City,,No Cars Available,42566.63,,15.00,,,,,,,,
6104,City,,No Cars Available,42566.63,,15.00,,,,,,,,
6115,Airport,,No Cars Available,42566.63,,15.00,,,,,,,,
6119,City,,No Cars Available,42566.64,,15.00,,,,,,,,
6121,City,,No Cars Available,42566.64,,15.00,,,,,,,,
6126,City,,No Cars Available,42566.64,,15.00,,,,,,,,
6123,City,,No Cars Available,42566.65,,15.00,,,,,,,,
6125,City,,No Cars Available,42566.65,,15.00,,,,,,,,
6127,City,,No Cars Available,42566.65,,15.00,,,,,,,,
6130,City,,No Cars Available,42566.65,,15.00,,,,,,,,
6128,City,,No Cars Available,42566.65,,15.00,,,,,,,,
6135,City,,No Cars Available,42566.65,,15.00,,,,,,,,
6134,City,,No Cars Available,42566.66,,15.00,,,,,,,,
6136,City,,No Cars Available,42566.66,,15.00,,,,,,,,
6137,Airport,,No Cars Available,42566.66,,15.00,,,,,,,,
6138,City,,No Cars Available,42566.66,,15.00,,,,,,,,
6143,City,,No Cars Available,42566.66,,15.00,,,,,,,,
6144,City,,No Cars Available,42566.67,,16.00,,,,,,,,
6149,City,,No Cars Available,42566.68,,16.00,,,,,,,,
6146,Airport,,No Cars Available,42566.68,,16.00,,,,,,,,
6148,City,,No Cars Available,42566.68,,16.00,,,,,,,,
6155,City,,No Cars Available,42566.68,,16.00,,,,,,,,
6151,City,,No Cars Available,42566.68,,16.00,,,,,,,,
6154,City,,No Cars Available,42566.68,,16.00,,,,,,,,
6156,City,,No Cars Available,42566.69,,16.00,,,,,,,,
6162,City,,No Cars Available,42566.69,,16.00,,,,,,,,
6163,City,,No Cars Available,42566.69,,16.00,,,,,,,,
6161,City,,No Cars Available,42566.69,,16.00,,,,,,,,
6168,City,,No Cars Available,42566.70,,16.00,,,,,,,,
6169,City,,No Cars Available,42566.70,,16.00,,,,,,,,
6164,City,,No Cars Available,42566.70,,16.00,,,,,,,,
6165,City,,No Cars Available,42566.70,,16.00,,,,,,,,
6170,City,,No Cars Available,42566.70,,16.00,,,,,,,,
6166,City,,No Cars Available,42566.70,,16.00,,,,,,,,
6172,City,,No Cars Available,42566.70,,16.00,,,,,,,,
6171,City,,No Cars Available,42566.70,,16.00,,,,,,,,
6174,City,,No Cars Available,42566.70,,16.00,,,,,,,,
6177,City,,No Cars Available,42566.71,,17.00,,,,,,,,
6181,Airport,,No Cars Available,42566.71,,17.00,,,,,,,,
6178,City,,No Cars Available,42566.71,,17.00,,,,,,,,
6186,Airport,,No Cars Available,42566.71,,17.00,,,,,,,,
6184,Airport,,No Cars Available,42566.71,,17.00,,,,,,,,
6185,Airport,,No Cars Available,42566.72,,17.00,,,,,,,,
6195,City,,No Cars Available,42566.72,,17.00,,,,,,,,
6194,Airport,,No Cars Available,42566.72,,17.00,,,,,,,,
6183,Airport,,No Cars Available,42566.72,,17.00,,,,,,,,
6201,Airport,,No Cars Available,42566.72,,17.00,,,,,,,,
6188,Airport,,No Cars Available,42566.72,,17.00,,,,,,,,
6189,Airport,,No Cars Available,42566.72,,17.00,,,,,,,,
6206,Airport,,No Cars Available,42566.72,,17.00,,,,,,,,
6202,Airport,,No Cars Available,42566.72,,17.00,,,,,,,,
6200,Airport,,No Cars Available,42566.72,,17.00,,,,,,,,
6204,Airport,,No Cars Available,42566.73,,17.00,,,,,,,,
6207,Airport,,No Cars Available,42566.73,,17.00,,,,,,,,
6212,Airport,,No Cars Available,42566.73,,17.00,,,,,,,,
6222,Airport,,No Cars Available,42566.73,,17.00,,,,,,,,
6225,Airport,,No Cars Available,42566.73,,17.00,,,,,,,,
6218,Airport,,No Cars Available,42566.73,,17.00,,,,,,,,
6210,Airport,,No Cars Available,42566.73,,17.00,,,,,,,,
6215,Airport,,No Cars Available,42566.73,,17.00,,,,,,,,
6224,City,,No Cars Available,42566.73,,17.00,,,,,,,,
6220,Airport,,No Cars Available,42566.73,,17.00,,,,,,,,
6216,Airport,,No Cars Available,42566.73,,17.00,,,,,,,,
6223,Airport,,No Cars Available,42566.73,,17.00,,,,,,,,
6211,Airport,,No Cars Available,42566.73,,17.00,,,,,,,,
6219,Airport,,No Cars Available,42566.74,,17.00,,,,,,,,
6227,City,,No Cars Available,42566.74,,17.00,,,,,,,,
6238,Airport,,No Cars Available,42566.74,,17.00,,,,,,,,
6230,Airport,,No Cars Available,42566.74,,17.00,,,,,,,,
6244,Airport,,No Cars Available,42566.74,,17.00,,,,,,,,
6233,Airport,,No Cars Available,42566.74,,17.00,,,,,,,,
6240,Airport,,No Cars Available,42566.74,,17.00,,,,,,,,
6236,Airport,,No Cars Available,42566.74,,17.00,,,,,,,,
6234,Airport,,No Cars Available,42566.74,,17.00,,,,,,,,
6239,Airport,,No Cars Available,42566.74,,17.00,,,,,,,,
6241,Airport,,No Cars Available,42566.75,,17.00,,,,,,,,
6246,Airport,,No Cars Available,42566.75,,17.00,,,,,,,,
6255,Airport,,No Cars Available,42566.75,,17.00,,,,,,,,
6256,Airport,,No Cars Available,42566.75,,18.00,,,,,,,,
6251,Airport,,No Cars Available,42566.75,,18.00,,,,,,,,
6263,Airport,,No Cars Available,42566.75,,18.00,,,,,,,,
6258,Airport,,No Cars Available,42566.75,,18.00,,,,,,,,
6243,Airport,,No Cars Available,42566.75,,18.00,,,,,,,,
6259,Airport,,No Cars Available,42566.75,,18.00,,,,,,,,
6260,Airport,,No Cars Available,42566.75,,18.00,,,,,,,,
6268,Airport,,No Cars Available,42566.75,,18.00,,,,,,,,
6247,Airport,,No Cars Available,42566.75,,18.00,,,,,,,,
6269,Airport,,No Cars Available,42566.75,,18.00,,,,,,,,
6265,Airport,,No Cars Available,42566.76,,18.00,,,,,,,,
6266,Airport,,No Cars Available,42566.76,,18.00,,,,,,,,
6277,Airport,,No Cars Available,42566.76,,18.00,,,,,,,,
6282,Airport,,No Cars Available,42566.76,,18.00,,,,,,,,
6272,Airport,,No Cars Available,42566.76,,18.00,,,,,,,,
6275,Airport,,No Cars Available,42566.76,,18.00,,,,,,,,
6280,Airport,,No Cars Available,42566.76,,18.00,,,,,,,,
6283,Airport,,No Cars Available,42566.76,,18.00,,,,,,,,
6279,Airport,,No Cars Available,42566.76,,18.00,,,,,,,,
6264,Airport,,No Cars Available,42566.76,,18.00,,,,,,,,
6290,Airport,,No Cars Available,42566.76,,18.00,,,,,,,,
6276,Airport,,No Cars Available,42566.76,,18.00,,,,,,,,
6294,Airport,,No Cars Available,42566.76,,18.00,,,,,,,,
6285,Airport,,No Cars Available,42566.76,,18.00,,,,,,,,
6296,Airport,,No Cars Available,42566.76,,18.00,,,,,,,,
6287,Airport,,No Cars Available,42566.76,,18.00,,,,,,,,
6286,City,,No Cars Available,42566.76,,18.00,,,,,,,,
6289,Airport,,No Cars Available,42566.77,,18.00,,,,,,,,
6291,Airport,,No Cars Available,42566.77,,18.00,,,,,,,,
6293,Airport,,No Cars Available,42566.77,,18.00,,,,,,,,
6298,Airport,,No Cars Available,42566.77,,18.00,,,,,,,,
6295,Airport,,No Cars Available,42566.77,,18.00,,,,,,,,
6292,Airport,,No Cars Available,42566.77,,18.00,,,,,,,,
6312,Airport,,No Cars Available,42566.77,,18.00,,,,,,,,
6305,Airport,,No Cars Available,42566.77,,18.00,,,,,,,,
6307,City,,No Cars Available,42566.77,,18.00,,,,,,,,
6306,Airport,,No Cars Available,42566.77,,18.00,,,,,,,,
6315,Airport,,No Cars Available,42566.77,,18.00,,,,,,,,
6313,Airport,,No Cars Available,42566.77,,18.00,,,,,,,,
6308,Airport,,No Cars Available,42566.77,,18.00,,,,,,,,
6319,City,,No Cars Available,42566.77,,18.00,,,,,,,,
6320,Airport,,No Cars Available,42566.77,,18.00,,,,,,,,
6325,Airport,,No Cars Available,42566.77,,18.00,,,,,,,,
6311,City,,No Cars Available,42566.77,,18.00,,,,,,,,
6318,Airport,,No Cars Available,42566.77,,18.00,,,,,,,,
6322,Airport,,No Cars Available,42566.78,,18.00,,,,,,,,
6324,Airport,,No Cars Available,42566.78,,18.00,,,,,,,,
6327,Airport,,No Cars Available,42566.78,,18.00,,,,,,,,
6328,Airport,,No Cars Available,42566.78,,18.00,,,,,,,,
6330,Airport,,No Cars Available,42566.78,,18.00,,,,,,,,
6331,Airport,,No Cars Available,42566.78,,18.00,,,,,,,,
6337,Airport,,No Cars Available,42566.78,,18.00,,,,,,,,
6339,Airport,,No Cars Available,42566.78,,18.00,,,,,,,,
6342,Airport,,No Cars Available,42566.78,,18.00,,,,,,,,
6326,Airport,,No Cars Available,42566.78,,18.00,,,,,,,,
6340,Airport,,No Cars Available,42566.78,,18.00,,,,,,,,
6336,Airport,,No Cars Available,42566.78,,18.00,,,,,,,,
6332,Airport,,No Cars Available,42566.78,,18.00,,,,,,,,
6341,Airport,,No Cars Available,42566.79,,18.00,,,,,,,,
6347,Airport,,No Cars Available,42566.79,,18.00,,,,,,,,
6344,Airport,,No Cars Available,42566.79,,18.00,,,,,,,,
6349,City,,No Cars Available,42566.79,,18.00,,,,,,,,
6351,Airport,,No Cars Available,42566.79,,18.00,,,,,,,,
6356,Airport,,No Cars Available,42566.79,,18.00,,,,,,,,
6355,Airport,,No Cars Available,42566.79,,18.00,,,,,,,,
6358,Airport,,No Cars Available,42566.79,,18.00,,,,,,,,
6359,Airport,,No Cars Available,42566.79,,18.00,,,,,,,,
6357,Airport,,No Cars Available,42566.79,,19.00,,,,,,,,
6352,Airport,,No Cars Available,42566.79,,19.00,,,,,,,,
6360,Airport,,No Cars Available,42566.79,,19.00,,,,,,,,
6373,Airport,,No Cars Available,42566.80,,19.00,,,,,,,,
6361,Airport,,No Cars Available,42566.80,,19.00,,,,,,,,
6368,Airport,,No Cars Available,42566.80,,19.00,,,,,,,,
6365,Airport,,No Cars Available,42566.80,,19.00,,,,,,,,
6371,Airport,,No Cars Available,42566.80,,19.00,,,,,,,,
6366,Airport,,No Cars Available,42566.80,,19.00,,,,,,,,
6370,Airport,,No Cars Available,42566.80,,19.00,,,,,,,,
6378,Airport,,No Cars Available,42566.80,,19.00,,,,,,,,
6369,Airport,,No Cars Available,42566.80,,19.00,,,,,,,,
6381,Airport,,No Cars Available,42566.80,,19.00,,,,,,,,
6388,City,,No Cars Available,42566.80,,19.00,,,,,,,,
6391,Airport,,No Cars Available,42566.80,,19.00,,,,,,,,
6389,Airport,,No Cars Available,42566.81,,19.00,,,,,,,,
6394,Airport,,No Cars Available,42566.81,,19.00,,,,,,,,
6395,Airport,,No Cars Available,42566.81,,19.00,,,,,,,,
6396,Airport,,No Cars Available,42566.81,,19.00,,,,,,,,
6387,Airport,,No Cars Available,42566.81,,19.00,,,,,,,,
6383,Airport,,No Cars Available,42566.81,,19.00,,,,,,,,
6386,Airport,,No Cars Available,42566.81,,19.00,,,,,,,,
6406,Airport,,No Cars Available,42566.81,,19.00,,,,,,,,
6407,City,,No Cars Available,42566.81,,19.00,,,,,,,,
6405,Airport,,No Cars Available,42566.82,,19.00,,,,,,,,
6408,Airport,,No Cars Available,42566.82,,19.00,,,,,,,,
6410,Airport,,No Cars Available,42566.82,,19.00,,,,,,,,
6412,Airport,,No Cars Available,42566.82,,19.00,,,,,,,,
6421,Airport,,No Cars Available,42566.82,,19.00,,,,,,,,
6411,Airport,,No Cars Available,42566.82,,19.00,,,,,,,,
6409,City,,No Cars Available,42566.82,,19.00,,,,,,,,
6414,Airport,,No Cars Available,42566.82,,19.00,,,,,,,,
6422,Airport,,No Cars Available,42566.82,,19.00,,,,,,,,
6415,Airport,,No Cars Available,42566.82,,19.00,,,,,,,,
6420,Airport,,No Cars Available,42566.83,,19.00,,,,,,,,
6424,Airport,,No Cars Available,42566.83,,19.00,,,,,,,,
6423,Airport,,No Cars Available,42566.83,,19.00,,,,,,,,
6426,Airport,,No Cars Available,42566.83,,19.00,,,,,,,,
6428,Airport,,No Cars Available,42566.83,,19.00,,,,,,,,
6440,Airport,,No Cars Available,42566.83,,19.00,,,,,,,,
6431,Airport,,No Cars Available,42566.83,,19.00,,,,,,,,
6436,Airport,,No Cars Available,42566.83,,19.00,,,,,,,,
6427,Airport,,No Cars Available,42566.83,,19.00,,,,,,,,
6443,Airport,,No Cars Available,42566.83,,19.00,,,,,,,,
6439,Airport,,No Cars Available,42566.83,,19.00,,,,,,,,
6441,Airport,,No Cars Available,42566.83,,19.00,,,,,,,,
6444,Airport,,No Cars Available,42566.83,,20.00,,,,,,,,
6447,Airport,,No Cars Available,42566.83,,20.00,,,,,,,,
6442,Airport,,No Cars Available,42566.84,,20.00,,,,,,,,
6449,Airport,,No Cars Available,42566.84,,20.00,,,,,,,,
6456,Airport,,No Cars Available,42566.84,,20.00,,,,,,,,
6454,Airport,,No Cars Available,42566.84,,20.00,,,,,,,,
6455,Airport,,No Cars Available,42566.84,,20.00,,,,,,,,
6459,Airport,,No Cars Available,42566.84,,20.00,,,,,,,,
6463,Airport,,No Cars Available,42566.84,,20.00,,,,,,,,
6473,Airport,,No Cars Available,42566.84,,20.00,,,,,,,,
6464,Airport,,No Cars Available,42566.84,,20.00,,,,,,,,
6468,Airport,,No Cars Available,42566.84,,20.00,,,,,,,,
6458,Airport,,No Cars Available,42566.84,,20.00,,,,,,,,
6469,City,,No Cars Available,42566.84,,20.00,,,,,,,,
6465,Airport,,No Cars Available,42566.84,,20.00,,,,,,,,
6467,Airport,,No Cars Available,42566.84,,20.00,,,,,,,,
6466,Airport,,No Cars Available,42566.84,,20.00,,,,,,,,
6474,Airport,,No Cars Available,42566.84,,20.00,,,,,,,,
6476,Airport,,No Cars Available,42566.84,,20.00,,,,,,,,
6481,Airport,,No Cars Available,42566.85,,20.00,,,,,,,,
6472,Airport,,No Cars Available,42566.85,,20.00,,,,,,,,
6480,Airport,,No Cars Available,42566.85,,20.00,,,,,,,,
6479,Airport,,No Cars Available,42566.85,,20.00,,,,,,,,
6482,Airport,,No Cars Available,42566.85,,20.00,,,,,,,,
6485,Airport,,No Cars Available,42566.85,,20.00,,,,,,,,
6483,Airport,,No Cars Available,42566.85,,20.00,,,,,,,,
6493,Airport,,No Cars Available,42566.85,,20.00,,,,,,,,
6494,Airport,,No Cars Available,42566.85,,20.00,,,,,,,,
6489,Airport,,No Cars Available,42566.85,,20.00,,,,,,,,
6495,Airport,,No Cars Available,42566.85,,20.00,,,,,,,,
6504,Airport,,No Cars Available,42566.86,,20.00,,,,,,,,
6498,Airport,,No Cars Available,42566.86,,20.00,,,,,,,,
6500,Airport,,No Cars Available,42566.86,,20.00,,,,,,,,
6512,Airport,,No Cars Available,42566.86,,20.00,,,,,,,,
6511,Airport,,No Cars Available,42566.86,,20.00,,,,,,,,
6502,Airport,,No Cars Available,42566.86,,20.00,,,,,,,,
6506,Airport,,No Cars Available,42566.86,,20.00,,,,,,,,
6507,Airport,,No Cars Available,42566.86,,20.00,,,,,,,,
6510,Airport,,No Cars Available,42566.86,,20.00,,,,,,,,
6501,Airport,,No Cars Available,42566.86,,20.00,,,,,,,,
6513,Airport,,No Cars Available,42566.86,,20.00,,,,,,,,
6517,Airport,,No Cars Available,42566.86,,20.00,,,,,,,,
6516,Airport,,No Cars Available,42566.86,,20.00,,,,,,,,
6518,Airport,,No Cars Available,42566.86,,20.00,,,,,,,,
6514,Airport,,No Cars Available,42566.86,,20.00,,,,,,,,
6515,Airport,,No Cars Available,42566.87,,20.00,,,,,,,,
6521,Airport,,No Cars Available,42566.87,,20.00,,,,,,,,
6522,City,,No Cars Available,42566.87,,20.00,,,,,,,,
6524,Airport,,No Cars Available,42566.87,,20.00,,,,,,,,
6529,Airport,,No Cars Available,42566.87,,20.00,,,,,,,,
6532,Airport,,No Cars Available,42566.87,,20.00,,,,,,,,
6520,Airport,,No Cars Available,42566.87,,20.00,,,,,,,,
6525,Airport,,No Cars Available,42566.87,,20.00,,,,,,,,
6536,Airport,,No Cars Available,42566.87,,20.00,,,,,,,,
6526,Airport,,No Cars Available,42566.87,,20.00,,,,,,,,
6535,Airport,,No Cars Available,42566.87,,20.00,,,,,,,,
6528,Airport,,No Cars Available,42566.87,,20.00,,,,,,,,
6523,Airport,,No Cars Available,42566.87,,20.00,,,,,,,,
6545,Airport,,No Cars Available,42566.87,,20.00,,,,,,,,
6544,Airport,,No Cars Available,42566.87,,20.00,,,,,,,,
6534,Airport,,No Cars Available,42566.87,,20.00,,,,,,,,
6542,City,,No Cars Available,42566.87,,20.00,,,,,,,,
6539,Airport,,No Cars Available,42566.87,,20.00,,,,,,,,
6547,Airport,,No Cars Available,42566.87,,20.00,,,,,,,,
6546,Airport,,No Cars Available,42566.88,,21.00,,,,,,,,
6549,Airport,,No Cars Available,42566.88,,21.00,,,,,,,,
6550,Airport,,No Cars Available,42566.88,,21.00,,,,,,,,
6555,Airport,,No Cars Available,42566.88,,21.00,,,,,,,,
6553,Airport,,No Cars Available,42566.88,,21.00,,,,,,,,
6564,Airport,,No Cars Available,42566.88,,21.00,,,,,,,,
6552,Airport,,No Cars Available,42566.88,,21.00,,,,,,,,
6565,Airport,,No Cars Available,42566.88,,21.00,,,,,,,,
6570,Airport,,No Cars Available,42566.88,,21.00,,,,,,,,
6567,Airport,,No Cars Available,42566.88,,21.00,,,,,,,,
6566,Airport,,No Cars Available,42566.88,,21.00,,,,,,,,
6569,Airport,,No Cars Available,42566.89,,21.00,,,,,,,,
6579,Airport,,No Cars Available,42566.89,,21.00,,,,,,,,
6574,Airport,,No Cars Available,42566.89,,21.00,,,,,,,,
6578,Airport,,No Cars Available,42566.89,,21.00,,,,,,,,
6576,Airport,,No Cars Available,42566.89,,21.00,,,,,,,,
6581,Airport,,No Cars Available,42566.89,,21.00,,,,,,,,
6586,Airport,,No Cars Available,42566.89,,21.00,,,,,,,,
6583,Airport,,No Cars Available,42566.89,,21.00,,,,,,,,
6585,City,,No Cars Available,42566.89,,21.00,,,,,,,,
6580,Airport,,No Cars Available,42566.89,,21.00,,,,,,,,
6588,Airport,,No Cars Available,42566.89,,21.00,,,,,,,,
6584,Airport,,No Cars Available,42566.89,,21.00,,,,,,,,
6593,Airport,,No Cars Available,42566.90,,21.00,,,,,,,,
6589,Airport,,No Cars Available,42566.90,,21.00,,,,,,,,
6595,Airport,,No Cars Available,42566.90,,21.00,,,,,,,,
6591,City,,No Cars Available,42566.90,,21.00,,,,,,,,
6599,Airport,,No Cars Available,42566.90,,21.00,,,,,,,,
6592,Airport,,No Cars Available,42566.90,,21.00,,,,,,,,
6594,Airport,,No Cars Available,42566.90,,21.00,,,,,,,,
6601,Airport,,No Cars Available,42566.90,,21.00,,,,,,,,
6603,Airport,,No Cars Available,42566.90,,21.00,,,,,,,,
6598,Airport,,No Cars Available,42566.90,,21.00,,,,,,,,
6600,Airport,,No Cars Available,42566.90,,21.00,,,,,,,,
6607,City,,No Cars Available,42566.90,,21.00,,,,,,,,
6602,Airport,,No Cars Available,42566.91,,21.00,,,,,,,,
6606,Airport,,No Cars Available,42566.91,,21.00,,,,,,,,
6605,Airport,,No Cars Available,42566.91,,21.00,,,,,,,,
6611,Airport,,No Cars Available,42566.91,,21.00,,,,,,,,
6626,Airport,,No Cars Available,42566.91,,21.00,,,,,,,,
6627,Airport,,No Cars Available,42566.91,,21.00,,,,,,,,
6618,Airport,,No Cars Available,42566.91,,21.00,,,,,,,,
6625,Airport,,No Cars Available,42566.91,,21.00,,,,,,,,
6629,Airport,,No Cars Available,42566.91,,21.00,,,,,,,,
6628,Airport,,No Cars Available,42566.91,,21.00,,,,,,,,
6624,Airport,,No Cars Available,42566.91,,21.00,,,,,,,,
6632,Airport,,No Cars Available,42566.92,,21.00,,,,,,,,
6637,Airport,,No Cars Available,42566.92,,22.00,,,,,,,,
6640,Airport,,No Cars Available,42566.92,,22.00,,,,,,,,
6641,Airport,,No Cars Available,42566.92,,22.00,,,,,,,,
6631,Airport,,No Cars Available,42566.92,,22.00,,,,,,,,
6652,Airport,,No Cars Available,42566.92,,22.00,,,,,,,,
6639,Airport,,No Cars Available,42566.92,,22.00,,,,,,,,
6636,Airport,,No Cars Available,42566.92,,22.00,,,,,,,,
6646,Airport,,No Cars Available,42566.92,,22.00,,,,,,,,
6650,Airport,,No Cars Available,42566.92,,22.00,,,,,,,,
6644,Airport,,No Cars Available,42566.92,,22.00,,,,,,,,
6655,Airport,,No Cars Available,42566.93,,22.00,,,,,,,,
6666,Airport,,No Cars Available,42566.93,,22.00,,,,,,,,
6662,City,,No Cars Available,42566.93,,22.00,,,,,,,,
6668,Airport,,No Cars Available,42566.93,,22.00,,,,,,,,
6670,Airport,,No Cars Available,42566.93,,22.00,,,,,,,,
6667,Airport,,No Cars Available,42566.93,,22.00,,,,,,,,
6654,Airport,,No Cars Available,42566.93,,22.00,,,,,,,,
6664,City,,No Cars Available,42566.93,,22.00,,,,,,,,
6665,Airport,,No Cars Available,42566.93,,22.00,,,,,,,,
6671,Airport,,No Cars Available,42566.93,,22.00,,,,,,,,
6672,City,,No Cars Available,42566.93,,22.00,,,,,,,,
6678,Airport,,No Cars Available,42566.94,,22.00,,,,,,,,
6673,Airport,,No Cars Available,42566.94,,22.00,,,,,,,,
6680,Airport,,No Cars Available,42566.94,,22.00,,,,,,,,
6687,Airport,,No Cars Available,42566.94,,22.00,,,,,,,,
6683,City,,No Cars Available,42566.94,,22.00,,,,,,,,
6686,Airport,,No Cars Available,42566.94,,22.00,,,,,,,,
6688,Airport,,No Cars Available,42566.94,,22.00,,,,,,,,
6689,Airport,,No Cars Available,42566.95,,22.00,,,,,,,,
6693,City,,No Cars Available,42566.95,,22.00,,,,,,,,
6696,City,,No Cars Available,42566.95,,22.00,,,,,,,,
6697,Airport,,No Cars Available,42566.95,,22.00,,,,,,,,
6709,Airport,,No Cars Available,42566.96,,22.00,,,,,,,,
6706,Airport,,No Cars Available,42566.96,,22.00,,,,,,,,
6708,City,,No Cars Available,42566.96,,23.00,,,,,,,,
6713,City,,No Cars Available,42566.96,,23.00,,,,,,,,
6715,City,,No Cars Available,42566.97,,23.00,,,,,,,,
6716,City,,No Cars Available,42566.97,,23.00,,,,,,,,
6718,Airport,,No Cars Available,42566.97,,23.00,,,,,,,,
6720,City,,No Cars Available,42566.97,,23.00,,,,,,,,
6722,Airport,,No Cars Available,42566.97,,23.00,,,,,,,,
6725,Airport,,No Cars Available,42566.97,,23.00,,,,,,,,
6728,City,,No Cars Available,42566.98,,23.00,,,,,,,,
6730,Airport,,No Cars Available,42566.98,,23.00,,,,,,,,
6732,Airport,,No Cars Available,42566.98,,23.00,,,,,,,,
6737,Airport,,No Cars Available,42566.99,,23.00,,,,,,,,
6744,Airport,,No Cars Available,42566.99,,23.00,,,,,,,,
6740,City,,No Cars Available,42566.99,,23.00,,,,,,,,
6746,City,,No Cars Available,42566.99,,23.00,,,,,,,,
6739,City,,No Cars Available,42566.99,,23.00,,,,,,,,
6745,City,,No Cars Available,42566.99,,23.00,,,,,,,,
6752,Airport,,No Cars Available,42566.99,,23.00,,,,,,,,
6751,City,,No Cars Available,42566.99,,23.00,,,,,,,,
6754,City,,No Cars Available,42567.00,,23.00,,,,,,,,
6753,Airport,,No Cars Available,42567.00,,23.00,,,,,,,,
